dataset,scenario,method,gene,n_HC,n_iPD,r_HC,r_iPD,delta_r,ci_delta_low,ci_delta_high,p_fisher,bootstrap_valid,uncertainty_note,q_fisher_panel,q_fisher_global_primary_scrna
scRNA_iDA_pooled,primary,Pearson,ATG10,8,28,0.6730397352022536,0.07110913346281014,-0.6019306017394435,-1.0381986522471984,0.4083549126658595,0.12830324630497267,10000,Percentile donor bootstrap; small-control-cohort limitations apply.,0.9939617592723814,0.8970249515146085
scRNA_iDA_pooled,primary,Pearson,ATG12,8,28,0.6783768203737081,0.4597448985108085,-0.21863192186289954,-0.6861948765294441,0.9184874067425929,0.5017114196613379,10000,Percentile donor bootstrap; small-control-cohort limitations apply.,0.9939617592723814,0.9130084138713394
scRNA_iDA_pooled,primary,Pearson,ATG13,8,28,-0.6091407147978384,-0.503541004819334,0.10559970997850443,-0.4654995842372024,0.5972170725619557,0.7540058040286163,10000,Percentile donor bootstrap; small-control-cohort limitations apply.,0.9939617592723814,0.9805883562493368
scRNA_iDA_pooled,primary,Pearson,ATG16L1,8,28,0.33682816182075864,0.4422488124363011,0.10542065061554245,-0.5957584225349482,0.7791181411159486,0.7993719059596238,10000,Percentile donor bootstrap; small-control-cohort limitations apply.,0.9939617592723814,0.9922092915065475
scRNA_iDA_pooled,primary,Pearson,ATG2A,8,28,-0.5815339368895996,-0.717560817271623,-0.13602688038202337,-0.7178960357936073,0.24021871345214024,0.6273567636811691,10000,Percentile donor bootstrap; small-control-cohort limitations apply.,0.9939617592723814,0.9587202768421428
scRNA_iDA_pooled,primary,Pearson,ATG2B,8,28,0.1172895010642597,0.12742358238865625,0.010134081324396554,-0.6889480643037642,0.9251612076208078,0.9832450959780601,10000,Percentile donor bootstrap; small-control-cohort limitations apply.,0.9939617592723814,0.9994981646403215
scRNA_iDA_pooled,primary,Pearson,ATG3,8,28,0.7851452221739212,0.6306785284371024,-0.15446669373681887,-0.4849052538540221,0.6894798434777316,0.5187682464817862,10000,Percentile donor bootstrap; small-control-cohort limitations apply.,0.9939617592723814,0.9259143380340792
scRNA_iDA_pooled,primary,Pearson,ATG4B,8,28,-0.22098612447504093,-0.2443760434333302,-0.023389918958289263,-0.9647660689156212,0.7263137834897405,0.959739623526003,10000,Percentile donor bootstrap; small-control-cohort limitations apply.,0.9939617592723814,0.9974189108758099
scRNA_iDA_pooled,primary,Pearson,ATG4C,8,28,0.2462158871589116,-0.10577173417149319,-0.3519876213304048,-1.0296477294908635,0.3558244229639561,0.46548524260161495,10000,Percentile donor bootstrap; small-control-cohort limitations apply.,0.9939617592723814,0.9060280057488495
scRNA_iDA_pooled,primary,Pearson,ATG5,8,28,0.08911181202507247,0.16000432859384747,0.070892516568775,-0.7093193914874821,0.9571552997035913,0.8830880011879197,10000,Percentile donor bootstrap; small-control-cohort limitations apply.,0.9939617592723814,0.9922092915065475
scRNA_iDA_pooled,primary,Pearson,ATG7,8,28,0.11507408696567954,0.2373894912369105,0.12231540427123096,-0.6840161087887255,1.3843739340861765,0.7963657736300067,10000,Percentile donor bootstrap; small-control-cohort limitations apply.,0.9939617592723814,0.9922092915065475
scRNA_iDA_pooled,primary,Pearson,ATG9B,8,28,0.017252677620034178,0.527799454580399,0.5105467769603649,-0.5483477578780249,1.3289245992627086,0.2447597237106608,10000,Percentile donor bootstrap; small-control-cohort limitations apply.,0.9939617592723814,0.8970249515146085
scRNA_iDA_pooled,primary,Pearson,ATG101,8,28,0.27540623094853584,0.2661623211294248,-0.009243909819111051,-0.7542227216988043,0.6047416865124767,0.983754365937393,10000,Percentile donor bootstrap; small-control-cohort limitations apply.,0.9939617592723814,0.9994981646403215
scRNA_iDA_pooled,primary,Pearson,BCL2,8,28,-0.4666540532636578,0.07847559797853391,0.5451296512421917,-0.37744218164457455,1.1980845375261822,0.23289066307063544,10000,Percentile donor bootstrap; small-control-cohort limitations apply.,0.9939617592723814,0.8970249515146085
scRNA_iDA_pooled,primary,Pearson,BECN1,8,28,0.10037419886604852,0.1241685966902409,0.023794397824192376,-0.7780966981697345,1.0524628831018832,0.9607657948119099,10000,Percentile donor bootstrap; small-control-cohort limitations apply.,0.9939617592723814,0.9974189108758099
scRNA_iDA_pooled,primary,Pearson,CALCOCO2,8,28,-0.7519015923275284,-0.5618890825728214,0.19001250975470696,-0.1568626312935111,0.606482399010387,0.48546134348551206,10000,Percentile donor bootstrap; small-control-cohort limitations apply.,0.9939617592723814,0.9060280057488495
scRNA_iDA_pooled,primary,Pearson,CLEC16A,8,28,0.0208816540493297,0.2962164663318477,0.27533481228251805,-0.6304419700659569,1.0802840397133382,0.5614445854643826,10000,Percentile donor bootstrap; small-control-cohort limitations apply.,0.9939617592723814,0.9436456631828799
scRNA_iDA_pooled,primary,Pearson,CTNS,8,28,0.5749783000534823,0.2586223896375973,-0.31635591041588496,-0.901255696443034,0.3886982717077819,0.42563110216048927,10000,Percentile donor bootstrap; small-control-cohort limitations apply.,0.9939617592723814,0.9023729489886372
scRNA_iDA_pooled,primary,Pearson,EPG5,8,28,0.43968851639725703,0.442674372132006,0.0029858557347489656,-0.6017112667896873,0.5408350204409774,0.9939617592723814,10000,Percentile donor bootstrap; small-control-cohort limitations apply.,0.9939617592723814,0.9994981646403215
scRNA_iDA_pooled,primary,Pearson,GRN,8,28,-0.5030801811372103,-0.5656707788626602,-0.06259059772544984,-0.9247690004693803,0.45609356244464566,0.8579054177794717,10000,Percentile donor bootstrap; small-control-cohort limitations apply.,0.9939617592723814,0.9922092915065475
scRNA_iDA_pooled,primary,Pearson,GABARAP,8,28,0.4205426986599219,-0.05205587635254489,-0.47259857501246677,-1.0765932699137863,0.8489981982919527,0.3069950298545231,10000,Percentile donor bootstrap; small-control-cohort limitations apply.,0.9939617592723814,0.8970249515146085
scRNA_iDA_pooled,primary,Pearson,GABARAPL1,8,28,0.809249114785439,0.32905101091182754,-0.4801981038736115,-0.8900248466886084,0.5008779096604957,0.10993905302833891,10000,Percentile donor bootstrap; small-control-cohort limitations apply.,0.9939617592723814,0.8488235078187285
scRNA_iDA_pooled,primary,Pearson,GABARAPL2,8,28,0.5711981142259618,0.03394876019295762,-0.5372493540330041,-1.0855237491355687,0.008389010619538137,0.2090969284403612,10000,Percentile donor bootstrap; small-control-cohort limitations apply.,0.9939617592723814,0.8970249515146085
scRNA_iDA_pooled,primary,Pearson,LAMP2,8,28,-0.5850978488850354,-0.47097266065219906,0.1141251882328363,-0.6462173437350319,0.6410165198033878,0.7457326504417291,10000,Percentile donor bootstrap; small-control-cohort limitations apply.,0.9939617592723814,0.9797252933099247
scRNA_iDA_pooled,primary,Pearson,MAP1LC3A,8,28,0.6218306091769941,0.49276437542048945,-0.1290662337565046,-0.5641241968033321,0.6069913862847853,0.7007381923823566,10000,Percentile donor bootstrap; small-control-cohort limitations apply.,0.9939617592723814,0.9731315395023393
scRNA_iDA_pooled,primary,Pearson,MAP1LC3B,8,28,0.9109165106093103,0.7230100808491557,-0.1879064297601546,-0.4901302330565428,-0.016303499126882167,0.20642965281610048,10000,Percentile donor bootstrap; small-control-cohort limitations apply.,0.9939617592723814,0.8970249515146085
scRNA_iDA_pooled,primary,Pearson,NBR1,8,28,-0.5495802792161404,-0.5529705806532238,-0.0033903014370834095,-0.8681977811574748,0.5065975959018263,0.9920677119369207,10000,Percentile donor bootstrap; small-control-cohort limitations apply.,0.9939617592723814,0.9994981646403215
scRNA_iDA_pooled,primary,Pearson,OPTN,8,28,0.758325466312862,0.7114688228132646,-0.046856643499597395,-0.35280333417395277,0.10100471980053992,0.8348913830277916,10000,Percentile donor bootstrap; small-control-cohort limitations apply.,0.9939617592723814,0.9922092915065475
scRNA_iDA_pooled,primary,Pearson,PRKN,8,28,-0.46958847756240196,-0.02020534541420874,0.4493831321481932,-0.36989494120922484,0.9915389489734086,0.3178677524942487,10000,Percentile donor bootstrap; small-control-cohort limitations apply.,0.9939617592723814,0.8980566070837616
scRNA_iDA_pooled,primary,Pearson,PIK3R4,8,28,-0.1427668758097165,-0.2597143428910647,-0.1169474670813482,-1.1603132765109312,0.8259995979735777,0.8032524908248931,10000,Percentile donor bootstrap; small-control-cohort limitations apply.,0.9939617592723814,0.9922092915065475
scRNA_iDA_pooled,primary,Pearson,PINK1,8,28,0.7020893783345825,0.5967044731170607,-0.10538490521752186,-0.4668947388009335,0.3688413947022519,0.7081407150886926,10000,Percentile donor bootstrap; small-control-cohort limitations apply.,0.9939617592723814,0.9731315395023393
scRNA_iDA_pooled,primary,Pearson,RB1CC1,8,28,0.4009918519585952,0.35069539296976165,-0.05029645898883356,-0.7341277404983696,1.2530749198899385,0.9047967447245404,10000,Percentile donor bootstrap; small-control-cohort limitations apply.,0.9939617592723814,0.9974189108758099
scRNA_iDA_pooled,primary,Pearson,SNX14,8,28,-0.09831178472769547,0.047039303004366026,0.1453510877320615,-0.6008511430462247,0.8977120922734888,0.766147489562568,10000,Percentile donor bootstrap; small-control-cohort limitations apply.,0.9939617592723814,0.9864148928118063
scRNA_iDA_pooled,primary,Pearson,SNX30,8,28,0.5094041405113018,0.4455357018952232,-0.0638684386160786,-0.588568259962503,0.7535064227127467,0.8657715916096538,10000,Percentile donor bootstrap; small-control-cohort limitations apply.,0.9939617592723814,0.9922092915065475
scRNA_iDA_pooled,primary,Pearson,SNX4,8,28,0.822488148138582,0.4659523002427466,-0.35653584789583537,-0.6909672465905697,0.3736439230441691,0.17819059142550697,10000,Percentile donor bootstrap; small-control-cohort limitations apply.,0.9939617592723814,0.8970249515146085
scRNA_iDA_pooled,primary,Pearson,SQSTM1,8,28,-0.5006199790992749,-0.35628935332307365,0.14433062577620126,-0.7079519888897107,0.7195149103122789,0.7171067475168967,10000,Percentile donor bootstrap; small-control-cohort limitations apply.,0.9939617592723814,0.9731315395023393
scRNA_iDA_pooled,primary,Pearson,SPG11,8,28,0.16966092730626234,-0.08143971411487883,-0.2511006414211412,-0.9206301492737747,0.7608016601231838,0.6056396341823289,10000,Percentile donor bootstrap; small-control-cohort limitations apply.,0.9939617592723814,0.9495675923551229
scRNA_iDA_pooled,primary,Pearson,TOLLIP,8,28,0.49624597937650783,0.5116264696935773,0.01538049031706945,-0.4455824238782947,0.5685080652706939,0.9664311388874353,10000,Percentile donor bootstrap; small-control-cohort limitations apply.,0.9939617592723814,0.9974189108758099
scRNA_iDA_pooled,primary,Pearson,UVRAG,8,28,0.2590436895842802,0.17784346795132303,-0.08120022163295718,-0.7772204866469091,0.46818394160884474,0.8617275706293233,10000,Percentile donor bootstrap; small-control-cohort limitations apply.,0.9939617592723814,0.9922092915065475
scRNA_iDA_pooled,primary,Pearson,WDR45,8,28,0.7454412958947898,0.2943676556627902,-0.4510736402319996,-0.8820915520151833,0.31861559068722495,0.17838721292359216,10000,Percentile donor bootstrap; small-control-cohort limitations apply.,0.9939617592723814,0.8970249515146085
scRNA_iDA_pooled,primary,Pearson,WIPI1,8,28,-0.6658644435645613,-0.196376178796626,0.4694882647679353,-0.22738599800500484,0.8813408766091705,0.21736899207451255,10000,Percentile donor bootstrap; small-control-cohort limitations apply.,0.9939617592723814,0.8970249515146085
scRNA_iDA_pooled,primary,Pearson,WIPI2,8,28,0.27270538395949384,0.05296810071694918,-0.21973728324254466,-0.9699307645587866,0.9853535413631711,0.6434466328666805,10000,Percentile donor bootstrap; small-control-cohort limitations apply.,0.9939617592723814,0.9709463841941999
scRNA_iDA_pooled,primary,Pearson,ZFYVE21,8,28,-0.22022784279462077,-0.42610564330627926,-0.2058778005116585,-1.0085739839478627,0.5417310347193882,0.6369249084612719,10000,Percentile donor bootstrap; small-control-cohort limitations apply.,0.9939617592723814,0.9704625084543048
scRNA_iDA_pooled,primary,Spearman,ATG10,8,28,0.4523809523809524,0.0514504652435687,-0.40093048713738366,-1.0277861863486315,0.6614605741832174,,10000,Percentile donor bootstrap; small-control-cohort limitations apply.,,
scRNA_iDA_pooled,primary,Spearman,ATG12,8,28,0.5,0.4482758620689656,-0.05172413793103442,-0.6886423697267748,0.9652355429651049,,10000,Percentile donor bootstrap; small-control-cohort limitations apply.,,
scRNA_iDA_pooled,primary,Spearman,ATG13,8,28,-0.6904761904761905,-0.45484400656814455,0.2356321839080459,-0.6634183687089311,0.7859754028599708,,10000,Percentile donor bootstrap; small-control-cohort limitations apply.,,
scRNA_iDA_pooled,primary,Spearman,ATG16L1,8,28,0.47619047619047616,0.5161466885604817,0.03995621237000557,-0.640075906405408,1.0912460079062567,,10000,Percentile donor bootstrap; small-control-cohort limitations apply.,,
scRNA_iDA_pooled,primary,Spearman,ATG2A,8,28,-0.6428571428571429,-0.755336617405583,-0.1124794745484401,-0.9425225750381578,0.35104551863829536,,10000,Percentile donor bootstrap; small-control-cohort limitations apply.,,
scRNA_iDA_pooled,primary,Spearman,ATG2B,8,28,0.09523809523809523,0.17679255610290096,0.08155446086480572,-0.818867419201277,0.9969419050330202,,10000,Percentile donor bootstrap; small-control-cohort limitations apply.,,
scRNA_iDA_pooled,primary,Spearman,ATG3,8,28,0.5714285714285714,0.6245210727969349,0.05309250136836352,-0.4837246886475984,0.9339171280609289,,10000,Percentile donor bootstrap; small-control-cohort limitations apply.,,
scRNA_iDA_pooled,primary,Spearman,ATG4B,8,28,-0.2857142857142857,-0.2359058565955118,0.049808429118773895,-0.8354053291591333,0.8415506253315481,,10000,Percentile donor bootstrap; small-control-cohort limitations apply.,,
scRNA_iDA_pooled,primary,Spearman,ATG4C,8,28,0.35714285714285715,-0.17186644772851672,-0.5290093048713739,-1.1613378018529341,0.4810413556199001,,10000,Percentile donor bootstrap; small-control-cohort limitations apply.,,
scRNA_iDA_pooled,primary,Spearman,ATG5,8,28,0.11904761904761904,0.2446633825944171,0.12561576354679807,-0.7471982604868309,1.117188206264929,,10000,Percentile donor bootstrap; small-control-cohort limitations apply.,,
scRNA_iDA_pooled,primary,Spearman,ATG7,8,28,-0.2857142857142857,0.29501915708812265,0.5807334428024084,-0.4009184191981707,1.4706862325169505,,10000,Percentile donor bootstrap; small-control-cohort limitations apply.,,
scRNA_iDA_pooled,primary,Spearman,ATG9B,8,28,0.30952380952380953,0.5062944718117133,0.19677066228790374,-0.5951168331285959,1.1506247154810116,,10000,Percentile donor bootstrap; small-control-cohort limitations apply.,,
scRNA_iDA_pooled,primary,Spearman,ATG101,8,28,0.47619047619047616,0.2807881773399015,-0.19540229885057464,-0.8302709076642252,0.6869553694937403,,10000,Percentile donor bootstrap; small-control-cohort limitations apply.,,
scRNA_iDA_pooled,primary,Spearman,BCL2,8,28,-0.40476190476190477,0.11330049261083745,0.5180623973727422,-0.5542005422663718,1.3063363182116865,,10000,Percentile donor bootstrap; small-control-cohort limitations apply.,,
scRNA_iDA_pooled,primary,Spearman,BECN1,8,28,0.14285714285714285,0.29447181171319103,0.15161466885604818,-0.6955164453400792,1.1920046293928137,,10000,Percentile donor bootstrap; small-control-cohort limitations apply.,,
scRNA_iDA_pooled,primary,Spearman,CALCOCO2,8,28,-0.6666666666666666,-0.4592227695675972,0.2074438970990694,-0.5806539307948573,0.7004687653998894,,10000,Percentile donor bootstrap; small-control-cohort limitations apply.,,
scRNA_iDA_pooled,primary,Spearman,CLEC16A,8,28,-0.023809523809523808,0.2818828680897647,0.30569239189928854,-0.65422492281617,1.1807651579145306,,10000,Percentile donor bootstrap; small-control-cohort limitations apply.,,
scRNA_iDA_pooled,primary,Spearman,CTNS,8,28,0.6666666666666666,0.3448275862068966,-0.32183908045977005,-0.8380619773767609,0.5151686356272065,,10000,Percentile donor bootstrap; small-control-cohort limitations apply.,,
scRNA_iDA_pooled,primary,Spearman,EPG5,8,28,0.5952380952380952,0.404488232074439,-0.19074986316365622,-0.7908766392596891,0.7466245674758172,,10000,Percentile donor bootstrap; small-control-cohort limitations apply.,,
scRNA_iDA_pooled,primary,Spearman,GRN,8,28,-0.42857142857142855,-0.4499178981937603,-0.021346469622331776,-0.9776027465157792,0.7044217861162766,,10000,Percentile donor bootstrap; small-control-cohort limitations apply.,,
scRNA_iDA_pooled,primary,Spearman,GABARAP,8,28,-0.07142857142857142,-0.1237000547345375,-0.05227148330596608,-0.9645109181872333,0.8860275138092619,,10000,Percentile donor bootstrap; small-control-cohort limitations apply.,,
scRNA_iDA_pooled,primary,Spearman,GABARAPL1,8,28,0.5,0.3026819923371648,-0.1973180076628352,-0.8977709227932961,0.7346586842756092,,10000,Percentile donor bootstrap; small-control-cohort limitations apply.,,
scRNA_iDA_pooled,primary,Spearman,GABARAPL2,8,28,0.8095238095238095,0.08976464148877943,-0.7197591680350302,-1.1816901083125175,-0.017682553299317977,,10000,Percentile donor bootstrap; small-control-cohort limitations apply.,,
scRNA_iDA_pooled,primary,Spearman,LAMP2,8,28,-0.5238095238095238,-0.3869731800766284,0.13683634373289544,-0.8532965165401873,0.8259493265357631,,10000,Percentile donor bootstrap; small-control-cohort limitations apply.,,
scRNA_iDA_pooled,primary,Spearman,MAP1LC3A,8,28,0.6428571428571429,0.5883962780514506,-0.054460864805692344,-0.48707558481887536,0.8082917796702876,,10000,Percentile donor bootstrap; small-control-cohort limitations apply.,,
scRNA_iDA_pooled,primary,Spearman,MAP1LC3B,8,28,0.9523809523809523,0.6863711001642037,-0.26600985221674867,-0.5982490921979136,0.09555412600543894,,10000,Percentile donor bootstrap; small-control-cohort limitations apply.,,
scRNA_iDA_pooled,primary,Spearman,NBR1,8,28,-0.42857142857142855,-0.4865900383141763,-0.05801860974274775,-1.0430336846798063,0.6136358509138135,,10000,Percentile donor bootstrap; small-control-cohort limitations apply.,,
scRNA_iDA_pooled,primary,Spearman,OPTN,8,28,0.9047619047619048,0.7465790914066777,-0.1581828133552271,-0.4484707027039439,0.4163962547770683,,10000,Percentile donor bootstrap; small-control-cohort limitations apply.,,
scRNA_iDA_pooled,primary,Spearman,PRKN,8,28,-0.2857142857142857,-0.007662835249042147,0.27805145046524354,-0.7041048694878089,1.1259987118772188,,10000,Percentile donor bootstrap; small-control-cohort limitations apply.,,
scRNA_iDA_pooled,primary,Spearman,PIK3R4,8,28,-0.30952380952380953,-0.16310892172961142,0.14641488779419812,-1.0677032217538258,0.9108274869495357,,10000,Percentile donor bootstrap; small-control-cohort limitations apply.,,
scRNA_iDA_pooled,primary,Spearman,PINK1,8,28,0.8095238095238095,0.6420361247947456,-0.16748768472906395,-0.5421580267782876,0.5358632710306866,,10000,Percentile donor bootstrap; small-control-cohort limitations apply.,,
scRNA_iDA_pooled,primary,Spearman,RB1CC1,8,28,0.2619047619047619,0.41215106732348117,0.15024630541871925,-0.675868319716763,1.2017350194700755,,10000,Percentile donor bootstrap; small-control-cohort limitations apply.,,
scRNA_iDA_pooled,primary,Spearman,SNX14,8,28,0.09523809523809523,0.12205801860974276,0.026819923371647528,-0.8507937392756904,0.9477937804960728,,10000,Percentile donor bootstrap; small-control-cohort limitations apply.,,
scRNA_iDA_pooled,primary,Spearman,SNX30,8,28,0.6190476190476191,0.46414887794198145,-0.15489874110563762,-0.6990606233399698,0.7020235200527531,,10000,Percentile donor bootstrap; small-control-cohort limitations apply.,,
scRNA_iDA_pooled,primary,Spearman,SNX4,8,28,0.7142857142857143,0.477832512315271,-0.23645320197044328,-0.720584039120549,0.6508448059806643,,10000,Percentile donor bootstrap; small-control-cohort limitations apply.,,
scRNA_iDA_pooled,primary,Spearman,SQSTM1,8,28,-0.38095238095238093,-0.4148877941981391,-0.03393541324575816,-1.0269869893351353,0.736848429780282,,10000,Percentile donor bootstrap; small-control-cohort limitations apply.,,
scRNA_iDA_pooled,primary,Spearman,SPG11,8,28,0.14285714285714285,-0.06568144499178982,-0.20853858784893267,-0.9538784414031334,0.8959613774392265,,10000,Percentile donor bootstrap; small-control-cohort limitations apply.,,
scRNA_iDA_pooled,primary,Spearman,TOLLIP,8,28,0.47619047619047616,0.5298303229337713,0.05363984674329514,-0.4931120683776708,0.9519882262289824,,10000,Percentile donor bootstrap; small-control-cohort limitations apply.,,
scRNA_iDA_pooled,primary,Spearman,UVRAG,8,28,0.42857142857142855,0.20032840722495898,-0.22824302134646957,-0.939286538660907,0.7407464707094431,,10000,Percentile donor bootstrap; small-control-cohort limitations apply.,,
scRNA_iDA_pooled,primary,Spearman,WDR45,8,28,0.6666666666666666,0.3278598795840176,-0.33880678708264905,-0.8544858610003255,0.5693427901082234,,10000,Percentile donor bootstrap; small-control-cohort limitations apply.,,
scRNA_iDA_pooled,primary,Spearman,WIPI1,8,28,-0.6904761904761905,-0.27367268746579093,0.41680350301039953,-0.5134600362124845,0.9757197809734459,,10000,Percentile donor bootstrap; small-control-cohort limitations apply.,,
scRNA_iDA_pooled,primary,Spearman,WIPI2,8,28,0.11904761904761904,0.042692939244663386,-0.07635467980295566,-0.9880527277180546,1.0067098055216204,,10000,Percentile donor bootstrap; small-control-cohort limitations apply.,,
scRNA_iDA_pooled,primary,Spearman,ZFYVE21,8,28,-0.19047619047619047,-0.2807881773399015,-0.09031198686371106,-1.0359431449579382,0.7574519959105543,,10000,Percentile donor bootstrap; small-control-cohort limitations apply.,,
scRNA_iDA_pooled,primary,pooled_nuisance_residualized,ATG10,8,28,0.3632939113974879,0.05041492103339107,-0.31287899036409683,-0.910624482983379,0.49017775128228064,,10000,Percentile donor bootstrap. Pooled-residual sensitivity conditions on the fitted nuisance adjustment; not a fully refitted adjusted CI.,,
scRNA_iDA_pooled,primary,pooled_nuisance_residualized,ATG12,8,28,0.3106992556145144,0.4649300238956627,0.1542307682811483,-0.49485595195283666,1.3724298262538925,,10000,Percentile donor bootstrap. Pooled-residual sensitivity conditions on the fitted nuisance adjustment; not a fully refitted adjusted CI.,,
scRNA_iDA_pooled,primary,pooled_nuisance_residualized,ATG13,8,28,-0.41873556665522044,-0.4688062530903707,-0.05007068643515028,-0.7535119430500767,0.5046523099907391,,10000,Percentile donor bootstrap. Pooled-residual sensitivity conditions on the fitted nuisance adjustment; not a fully refitted adjusted CI.,,
scRNA_iDA_pooled,primary,pooled_nuisance_residualized,ATG16L1,8,28,0.5133074300221151,0.40066058527454407,-0.11264684474757103,-0.6887661190700357,1.2196407184790865,,10000,Percentile donor bootstrap. Pooled-residual sensitivity conditions on the fitted nuisance adjustment; not a fully refitted adjusted CI.,,
scRNA_iDA_pooled,primary,pooled_nuisance_residualized,ATG2A,8,28,-0.7142516419293764,-0.7999599100716098,-0.08570826814223342,-1.1461782786004409,0.23709295909004244,,10000,Percentile donor bootstrap. Pooled-residual sensitivity conditions on the fitted nuisance adjustment; not a fully refitted adjusted CI.,,
scRNA_iDA_pooled,primary,pooled_nuisance_residualized,ATG2B,8,28,0.061181624430954526,0.09312536561939162,0.0319437411884371,-0.8540609912277862,0.9343111955065029,,10000,Percentile donor bootstrap. Pooled-residual sensitivity conditions on the fitted nuisance adjustment; not a fully refitted adjusted CI.,,
scRNA_iDA_pooled,primary,pooled_nuisance_residualized,ATG3,8,28,-0.0486062828024341,0.6099710254912395,0.6585773082936736,0.017255940160074548,1.4129145559954182,,10000,Percentile donor bootstrap. Pooled-residual sensitivity conditions on the fitted nuisance adjustment; not a fully refitted adjusted CI.,,
scRNA_iDA_pooled,primary,pooled_nuisance_residualized,ATG4B,8,28,-0.664486328580962,-0.14209142756277246,0.5223949010181895,-0.40834622483943833,1.0525941713905083,,10000,Percentile donor bootstrap. Pooled-residual sensitivity conditions on the fitted nuisance adjustment; not a fully refitted adjusted CI.,,
scRNA_iDA_pooled,primary,pooled_nuisance_residualized,ATG4C,8,28,0.1523307338598195,-0.0775732349975169,-0.22990396885733638,-1.050502310705345,0.8370679193940735,,10000,Percentile donor bootstrap. Pooled-residual sensitivity conditions on the fitted nuisance adjustment; not a fully refitted adjusted CI.,,
scRNA_iDA_pooled,primary,pooled_nuisance_residualized,ATG5,8,28,0.48336525861447804,0.2371378728102503,-0.24622738580422773,-0.8835489454673557,1.0620224970696832,,10000,Percentile donor bootstrap. Pooled-residual sensitivity conditions on the fitted nuisance adjustment; not a fully refitted adjusted CI.,,
scRNA_iDA_pooled,primary,pooled_nuisance_residualized,ATG7,8,28,-0.4948758905089439,0.22179862901774458,0.7166745195266885,-0.15791918645948835,1.252288619847307,,10000,Percentile donor bootstrap. Pooled-residual sensitivity conditions on the fitted nuisance adjustment; not a fully refitted adjusted CI.,,
scRNA_iDA_pooled,primary,pooled_nuisance_residualized,ATG9B,8,28,-0.02127294837054572,0.5844359672508105,0.6057089156213562,-0.2093941881420772,1.370119401231702,,10000,Percentile donor bootstrap. Pooled-residual sensitivity conditions on the fitted nuisance adjustment; not a fully refitted adjusted CI.,,
scRNA_iDA_pooled,primary,pooled_nuisance_residualized,ATG101,8,28,0.33414388484368907,0.3576918470122663,0.02354796216857724,-0.6230348961703275,1.035181477712913,,10000,Percentile donor bootstrap. Pooled-residual sensitivity conditions on the fitted nuisance adjustment; not a fully refitted adjusted CI.,,
scRNA_iDA_pooled,primary,pooled_nuisance_residualized,BCL2,8,28,0.35303310586429903,0.033409983786475604,-0.31962312207782345,-0.9791072505190737,0.7635099488076365,,10000,Percentile donor bootstrap. Pooled-residual sensitivity conditions on the fitted nuisance adjustment; not a fully refitted adjusted CI.,,
scRNA_iDA_pooled,primary,pooled_nuisance_residualized,BECN1,8,28,-0.10990321256815506,0.2510080261406718,0.36091123870882685,-0.7962663356454015,1.2035910569738617,,10000,Percentile donor bootstrap. Pooled-residual sensitivity conditions on the fitted nuisance adjustment; not a fully refitted adjusted CI.,,
scRNA_iDA_pooled,primary,pooled_nuisance_residualized,CALCOCO2,8,28,-0.8097291957235092,-0.5618163915641603,0.2479128041593489,-0.2626680624804366,0.648394571907997,,10000,Percentile donor bootstrap. Pooled-residual sensitivity conditions on the fitted nuisance adjustment; not a fully refitted adjusted CI.,,
scRNA_iDA_pooled,primary,pooled_nuisance_residualized,CLEC16A,8,28,0.22008967858937162,0.34054184757096256,0.12045216898159095,-0.5485825806310379,0.9811272941781012,,10000,Percentile donor bootstrap. Pooled-residual sensitivity conditions on the fitted nuisance adjustment; not a fully refitted adjusted CI.,,
scRNA_iDA_pooled,primary,pooled_nuisance_residualized,CTNS,8,28,-0.048153557845128515,0.25445583261477583,0.30260939045990437,-0.5622996367012456,0.9195212305729824,,10000,Percentile donor bootstrap. Pooled-residual sensitivity conditions on the fitted nuisance adjustment; not a fully refitted adjusted CI.,,
scRNA_iDA_pooled,primary,pooled_nuisance_residualized,EPG5,8,28,0.295705934751874,0.39707722998470213,0.10137129523282812,-0.5682704310021237,1.3207817340223507,,10000,Percentile donor bootstrap. Pooled-residual sensitivity conditions on the fitted nuisance adjustment; not a fully refitted adjusted CI.,,
scRNA_iDA_pooled,primary,pooled_nuisance_residualized,GRN,8,28,-0.5837458461117571,-0.5021122897070066,0.08163355640475045,-1.139527023231619,0.615486094693512,,10000,Percentile donor bootstrap. Pooled-residual sensitivity conditions on the fitted nuisance adjustment; not a fully refitted adjusted CI.,,
scRNA_iDA_pooled,primary,pooled_nuisance_residualized,GABARAP,8,28,-0.27078848499176233,-0.020078495558554534,0.2507099894332078,-0.6582323475278293,0.8946552559572702,,10000,Percentile donor bootstrap. Pooled-residual sensitivity conditions on the fitted nuisance adjustment; not a fully refitted adjusted CI.,,
scRNA_iDA_pooled,primary,pooled_nuisance_residualized,GABARAPL1,8,28,0.5536066439009207,0.35258640142195535,-0.20102024247896538,-0.7203263103755306,0.4964542596670797,,10000,Percentile donor bootstrap. Pooled-residual sensitivity conditions on the fitted nuisance adjustment; not a fully refitted adjusted CI.,,
scRNA_iDA_pooled,primary,pooled_nuisance_residualized,GABARAPL2,8,28,0.5827594489616951,0.14413246102264185,-0.4386269879390532,-0.8936499428790496,0.7805797824279636,,10000,Percentile donor bootstrap. Pooled-residual sensitivity conditions on the fitted nuisance adjustment; not a fully refitted adjusted CI.,,
scRNA_iDA_pooled,primary,pooled_nuisance_residualized,LAMP2,8,28,-0.5452409984704311,-0.4466429656108914,0.09859803285953966,-0.649447649938056,0.6401645442693196,,10000,Percentile donor bootstrap. Pooled-residual sensitivity conditions on the fitted nuisance adjustment; not a fully refitted adjusted CI.,,
scRNA_iDA_pooled,primary,pooled_nuisance_residualized,MAP1LC3A,8,28,0.5659406944320529,0.47154684952034076,-0.0943938449117121,-0.5946077149046308,1.0404014600493294,,10000,Percentile donor bootstrap. Pooled-residual sensitivity conditions on the fitted nuisance adjustment; not a fully refitted adjusted CI.,,
scRNA_iDA_pooled,primary,pooled_nuisance_residualized,MAP1LC3B,8,28,0.8691548592583196,0.7569841835519022,-0.11217067570641737,-0.372757901198936,0.39519726865029076,,10000,Percentile donor bootstrap. Pooled-residual sensitivity conditions on the fitted nuisance adjustment; not a fully refitted adjusted CI.,,
scRNA_iDA_pooled,primary,pooled_nuisance_residualized,NBR1,8,28,-0.5640935973365729,-0.5236305643598752,0.04046303297669773,-0.8263201571445108,0.5358434070941284,,10000,Percentile donor bootstrap. Pooled-residual sensitivity conditions on the fitted nuisance adjustment; not a fully refitted adjusted CI.,,
scRNA_iDA_pooled,primary,pooled_nuisance_residualized,OPTN,8,28,0.5457988288415518,0.7111779272754946,0.16537909843394272,-0.3148859076147669,1.1950226716296344,,10000,Percentile donor bootstrap. Pooled-residual sensitivity conditions on the fitted nuisance adjustment; not a fully refitted adjusted CI.,,
scRNA_iDA_pooled,primary,pooled_nuisance_residualized,PRKN,8,28,-0.27334774359036695,-0.0096025602798613,0.26374518331050567,-0.4668694875065348,0.9373898352904826,,10000,Percentile donor bootstrap. Pooled-residual sensitivity conditions on the fitted nuisance adjustment; not a fully refitted adjusted CI.,,
scRNA_iDA_pooled,primary,pooled_nuisance_residualized,PIK3R4,8,28,-0.4462313868425248,-0.24794506973674027,0.1982863171057845,-0.7941948242431728,0.8244181169078023,,10000,Percentile donor bootstrap. Pooled-residual sensitivity conditions on the fitted nuisance adjustment; not a fully refitted adjusted CI.,,
scRNA_iDA_pooled,primary,pooled_nuisance_residualized,PINK1,8,28,0.45605723015711486,0.5930176758490548,0.13696044569194,-0.3944035204088662,1.250665807148606,,10000,Percentile donor bootstrap. Pooled-residual sensitivity conditions on the fitted nuisance adjustment; not a fully refitted adjusted CI.,,
scRNA_iDA_pooled,primary,pooled_nuisance_residualized,RB1CC1,8,28,-0.15548911475050622,0.241963797517143,0.3974529122676492,-0.6160936017794115,1.272264647860718,,10000,Percentile donor bootstrap. Pooled-residual sensitivity conditions on the fitted nuisance adjustment; not a fully refitted adjusted CI.,,
scRNA_iDA_pooled,primary,pooled_nuisance_residualized,SNX14,8,28,-0.23836496240429605,-0.0031706733627347135,0.23519428904156134,-0.734966689384636,0.9972622546074319,,10000,Percentile donor bootstrap. Pooled-residual sensitivity conditions on the fitted nuisance adjustment; not a fully refitted adjusted CI.,,
scRNA_iDA_pooled,primary,pooled_nuisance_residualized,SNX30,8,28,0.36582367806127136,0.3883074409008115,0.022483762839540122,-0.5766057066795698,1.3979663347465567,,10000,Percentile donor bootstrap. Pooled-residual sensitivity conditions on the fitted nuisance adjustment; not a fully refitted adjusted CI.,,
scRNA_iDA_pooled,primary,pooled_nuisance_residualized,SNX4,8,28,0.36491406681143673,0.412091208860973,0.04717714204953627,-0.5637376190706621,1.1947037446467526,,10000,Percentile donor bootstrap. Pooled-residual sensitivity conditions on the fitted nuisance adjustment; not a fully refitted adjusted CI.,,
scRNA_iDA_pooled,primary,pooled_nuisance_residualized,SQSTM1,8,28,0.1945963944211973,-0.3241840677527243,-0.5187804621739216,-1.4354698463408737,0.7158687864065816,,10000,Percentile donor bootstrap. Pooled-residual sensitivity conditions on the fitted nuisance adjustment; not a fully refitted adjusted CI.,,
scRNA_iDA_pooled,primary,pooled_nuisance_residualized,SPG11,8,28,0.25786115717206326,-0.2545319465266102,-0.5123931036986735,-1.372627432607614,0.5549642297608286,,10000,Percentile donor bootstrap. Pooled-residual sensitivity conditions on the fitted nuisance adjustment; not a fully refitted adjusted CI.,,
scRNA_iDA_pooled,primary,pooled_nuisance_residualized,TOLLIP,8,28,0.34950831437266244,0.5032119405010232,0.1537036261283608,-0.4749169488183038,1.1738784643032543,,10000,Percentile donor bootstrap. Pooled-residual sensitivity conditions on the fitted nuisance adjustment; not a fully refitted adjusted CI.,,
scRNA_iDA_pooled,primary,pooled_nuisance_residualized,UVRAG,8,28,0.6820851114617592,0.133261078106157,-0.5488240333556023,-0.9906625840309509,0.7674904773890002,,10000,Percentile donor bootstrap. Pooled-residual sensitivity conditions on the fitted nuisance adjustment; not a fully refitted adjusted CI.,,
scRNA_iDA_pooled,primary,pooled_nuisance_residualized,WDR45,8,28,0.6623568849114138,0.2914669136485042,-0.37088997126290957,-0.9405469487190171,0.3155385087467087,,10000,Percentile donor bootstrap. Pooled-residual sensitivity conditions on the fitted nuisance adjustment; not a fully refitted adjusted CI.,,
scRNA_iDA_pooled,primary,pooled_nuisance_residualized,WIPI1,8,28,-0.45532380546028645,-0.1256926506681927,0.3296311547920937,-1.1359171785511315,0.8910682173718499,,10000,Percentile donor bootstrap. Pooled-residual sensitivity conditions on the fitted nuisance adjustment; not a fully refitted adjusted CI.,,
scRNA_iDA_pooled,primary,pooled_nuisance_residualized,WIPI2,8,28,-0.33904286617223695,0.03776403271712368,0.37680689888936064,-0.4312309924960039,1.12596974798912,,10000,Percentile donor bootstrap. Pooled-residual sensitivity conditions on the fitted nuisance adjustment; not a fully refitted adjusted CI.,,
scRNA_iDA_pooled,primary,pooled_nuisance_residualized,ZFYVE21,8,28,0.17675175818024677,-0.347674398870404,-0.5244261570506508,-1.164627523503931,0.21686846281214217,,10000,Percentile donor bootstrap. Pooled-residual sensitivity conditions on the fitted nuisance adjustment; not a fully refitted adjusted CI.,,
scRNA_iDA_pooled,original_30_iPD_grouping,Pearson,ATG10,8,30,0.6730397352022536,0.09595693251074977,-0.5770828026915038,-0.9881632901283514,0.3966430286379942,0.13916571849898923,10000,Percentile donor bootstrap; small-control-cohort limitations apply.,0.9881003121130626,
scRNA_iDA_pooled,original_30_iPD_grouping,Pearson,ATG12,8,30,0.6783768203737081,0.45599566771203776,-0.2223811526616703,-0.6778804770918614,0.8910330564948955,0.4928842968175705,10000,Percentile donor bootstrap; small-control-cohort limitations apply.,0.9881003121130626,
scRNA_iDA_pooled,original_30_iPD_grouping,Pearson,ATG13,8,30,-0.6091407147978384,-0.5408960460455688,0.06824466875226953,-0.4770943589953921,0.5497820453956652,0.8338422620955842,10000,Percentile donor bootstrap; small-control-cohort limitations apply.,0.9881003121130626,
scRNA_iDA_pooled,original_30_iPD_grouping,Pearson,ATG16L1,8,30,0.33682816182075864,0.4853872940299965,0.14855913220923783,-0.5359011371857001,0.7976841226458955,0.7123655519837548,10000,Percentile donor bootstrap; small-control-cohort limitations apply.,0.9881003121130626,
scRNA_iDA_pooled,original_30_iPD_grouping,Pearson,ATG2A,8,30,-0.5815339368895996,-0.7231022360476502,-0.14156829915805058,-0.7352026198062954,0.23405770673973972,0.608558102551323,10000,Percentile donor bootstrap; small-control-cohort limitations apply.,0.9881003121130626,
scRNA_iDA_pooled,original_30_iPD_grouping,Pearson,ATG2B,8,30,0.1172895010642597,0.10900670551229508,-0.008282795551964622,-0.7033418904240943,0.9127462097342433,0.986250528731377,10000,Percentile donor bootstrap; small-control-cohort limitations apply.,0.9881003121130626,
scRNA_iDA_pooled,original_30_iPD_grouping,Pearson,ATG3,8,30,0.7851452221739212,0.6462241100708802,-0.13892111210304103,-0.4601193648751065,0.6902971378703404,0.5516045628727648,10000,Percentile donor bootstrap; small-control-cohort limitations apply.,0.9881003121130626,
scRNA_iDA_pooled,original_30_iPD_grouping,Pearson,ATG4B,8,30,-0.22098612447504093,-0.2668020087714534,-0.04581588429641245,-0.9701978687393201,0.6981432218461302,0.9202815679426224,10000,Percentile donor bootstrap; small-control-cohort limitations apply.,0.9881003121130626,
scRNA_iDA_pooled,original_30_iPD_grouping,Pearson,ATG4C,8,30,0.2462158871589116,-0.16190053426717027,-0.40811642142608184,-1.070623774231764,0.2601679145312907,0.3943170471291658,10000,Percentile donor bootstrap; small-control-cohort limitations apply.,0.9881003121130626,
scRNA_iDA_pooled,original_30_iPD_grouping,Pearson,ATG5,8,30,0.08911181202507247,0.16913770791127522,0.08002589588620275,-0.7002565563507404,0.9668948776492914,0.8671702126445365,10000,Percentile donor bootstrap; small-control-cohort limitations apply.,0.9881003121130626,
scRNA_iDA_pooled,original_30_iPD_grouping,Pearson,ATG7,8,30,0.11507408696567954,0.220466221826454,0.10539213486077446,-0.7028391594996516,1.3518545384519678,0.8235527487286459,10000,Percentile donor bootstrap; small-control-cohort limitations apply.,0.9881003121130626,
scRNA_iDA_pooled,original_30_iPD_grouping,Pearson,ATG9B,8,30,0.017252677620034178,0.5534316671452731,0.536178989525239,-0.5061449653023737,1.3456918744153226,0.21319671083529457,10000,Percentile donor bootstrap; small-control-cohort limitations apply.,0.9881003121130626,
scRNA_iDA_pooled,original_30_iPD_grouping,Pearson,ATG101,8,30,0.27540623094853584,0.30052436394191206,0.02511813299337623,-0.711800571545385,0.6401894197286089,0.9551338468755725,10000,Percentile donor bootstrap; small-control-cohort limitations apply.,0.9881003121130626,
scRNA_iDA_pooled,original_30_iPD_grouping,Pearson,BCL2,8,30,-0.4666540532636578,0.05717258140849809,0.5238266346721558,-0.39342943766498717,1.1686399175431377,0.24750983458972087,10000,Percentile donor bootstrap; small-control-cohort limitations apply.,0.9881003121130626,
scRNA_iDA_pooled,original_30_iPD_grouping,Pearson,BECN1,8,30,0.10037419886604852,0.15042934019667611,0.05005514133062759,-0.7790714752589043,1.0773972266781064,0.9167904855567658,10000,Percentile donor bootstrap; small-control-cohort limitations apply.,0.9881003121130626,
scRNA_iDA_pooled,original_30_iPD_grouping,Pearson,CALCOCO2,8,30,-0.7519015923275284,-0.603746245851606,0.14815534647592243,-0.2062687547985781,0.5324237332051016,0.5675892643211684,10000,Percentile donor bootstrap; small-control-cohort limitations apply.,0.9881003121130626,
scRNA_iDA_pooled,original_30_iPD_grouping,Pearson,CLEC16A,8,30,0.0208816540493297,0.29208971165963826,0.2712080576103086,-0.6322553037751479,1.0738504007735838,0.5652668529310231,10000,Percentile donor bootstrap; small-control-cohort limitations apply.,0.9881003121130626,
scRNA_iDA_pooled,original_30_iPD_grouping,Pearson,CTNS,8,30,0.5749783000534823,0.24920301116548849,-0.3257752888879938,-0.8987508422917788,0.3506576155260202,0.41088662709166535,10000,Percentile donor bootstrap; small-control-cohort limitations apply.,0.9881003121130626,
scRNA_iDA_pooled,original_30_iPD_grouping,Pearson,EPG5,8,30,0.43968851639725703,0.4338122844077822,-0.005876231989474845,-0.5994864657711668,0.5140457773313338,0.9881003121130627,10000,Percentile donor bootstrap; small-control-cohort limitations apply.,0.9881003121130626,
scRNA_iDA_pooled,original_30_iPD_grouping,Pearson,GRN,8,30,-0.5030801811372103,-0.5975711401305297,-0.09449095899331938,-0.9570492071692397,0.3898698489317247,0.7800809451268234,10000,Percentile donor bootstrap; small-control-cohort limitations apply.,0.9881003121130626,
scRNA_iDA_pooled,original_30_iPD_grouping,Pearson,GABARAP,8,30,0.4205426986599219,-0.0642155431210685,-0.48475824178099036,-1.073231061513607,0.8444777678450144,0.2923533652571296,10000,Percentile donor bootstrap; small-control-cohort limitations apply.,0.9881003121130626,
scRNA_iDA_pooled,original_30_iPD_grouping,Pearson,GABARAPL1,8,30,0.809249114785439,0.30858855805279334,-0.5006605567326456,-0.893997607517817,0.49101381717702075,0.09788116031975813,10000,Percentile donor bootstrap; small-control-cohort limitations apply.,0.9881003121130626,
scRNA_iDA_pooled,original_30_iPD_grouping,Pearson,GABARAPL2,8,30,0.5711981142259618,0.10693253084016752,-0.46426558338579427,-0.9998653425472823,0.06835886991243965,0.2656411674443857,10000,Percentile donor bootstrap; small-control-cohort limitations apply.,0.9881003121130626,
scRNA_iDA_pooled,original_30_iPD_grouping,Pearson,LAMP2,8,30,-0.5850978488850354,-0.5219015986474626,0.0631962502375728,-0.686341807500321,0.5550788672214406,0.8513610467002878,10000,Percentile donor bootstrap; small-control-cohort limitations apply.,0.9881003121130626,
scRNA_iDA_pooled,original_30_iPD_grouping,Pearson,MAP1LC3A,8,30,0.6218306091769941,0.5485197606717649,-0.07331084850522918,-0.48821033007136083,0.6358938729955259,0.8185005783900381,10000,Percentile donor bootstrap; small-control-cohort limitations apply.,0.9881003121130626,
scRNA_iDA_pooled,original_30_iPD_grouping,Pearson,MAP1LC3B,8,30,0.9109165106093103,0.743720156559218,-0.16719635405009237,-0.4446501411730195,-0.0032993551819706425,0.2383034723981463,10000,Percentile donor bootstrap; small-control-cohort limitations apply.,0.9881003121130626,
scRNA_iDA_pooled,original_30_iPD_grouping,Pearson,NBR1,8,30,-0.5495802792161404,-0.5956759203815046,-0.04609564116536424,-0.8894729437507879,0.4304048224856885,0.8878856380224286,10000,Percentile donor bootstrap; small-control-cohort limitations apply.,0.9881003121130626,
scRNA_iDA_pooled,original_30_iPD_grouping,Pearson,OPTN,8,30,0.758325466312862,0.7372695385919555,-0.021055927720906475,-0.31995063868349044,0.11532426581224024,0.9218029977542981,10000,Percentile donor bootstrap; small-control-cohort limitations apply.,0.9881003121130626,
scRNA_iDA_pooled,original_30_iPD_grouping,Pearson,PRKN,8,30,-0.46958847756240196,-0.06342386687781898,0.406164610684583,-0.4105089991515434,0.9447440197999613,0.359596582249913,10000,Percentile donor bootstrap; small-control-cohort limitations apply.,0.9881003121130626,
scRNA_iDA_pooled,original_30_iPD_grouping,Pearson,PIK3R4,8,30,-0.1427668758097165,-0.3073388190564024,-0.16457194324668592,-1.2296544269274718,0.7598961489583747,0.7210234419185652,10000,Percentile donor bootstrap; small-control-cohort limitations apply.,0.9881003121130626,
scRNA_iDA_pooled,original_30_iPD_grouping,Pearson,PINK1,8,30,0.7020893783345825,0.6347629117082907,-0.06732646662629183,-0.41290390625761364,0.3929003397942768,0.802047581975784,10000,Percentile donor bootstrap; small-control-cohort limitations apply.,0.9881003121130626,
scRNA_iDA_pooled,original_30_iPD_grouping,Pearson,RB1CC1,8,30,0.4009918519585952,0.3582522872585774,-0.04273956470001783,-0.7057829168126482,1.263701987884093,0.9182827891863607,10000,Percentile donor bootstrap; small-control-cohort limitations apply.,0.9881003121130626,
scRNA_iDA_pooled,original_30_iPD_grouping,Pearson,SNX14,8,30,-0.09831178472769547,0.06039411627588665,0.15870590100358212,-0.5618800387350962,0.9008741369005017,0.7438335190383567,10000,Percentile donor bootstrap; small-control-cohort limitations apply.,0.9881003121130626,
scRNA_iDA_pooled,original_30_iPD_grouping,Pearson,SNX30,8,30,0.5094041405113018,0.465390056451029,-0.044014084060272796,-0.5497289369872889,0.7625740092484828,0.9055711426202518,10000,Percentile donor bootstrap; small-control-cohort limitations apply.,0.9881003121130626,
scRNA_iDA_pooled,original_30_iPD_grouping,Pearson,SNX4,8,30,0.822488148138582,0.5076724105719101,-0.3148157375666718,-0.6353502693268345,0.3765437660174587,0.21409593842159436,10000,Percentile donor bootstrap; small-control-cohort limitations apply.,0.9881003121130626,
scRNA_iDA_pooled,original_30_iPD_grouping,Pearson,SQSTM1,8,30,-0.5006199790992749,-0.41310038725496984,0.08751959184430508,-0.7496511473656343,0.6333230334032337,0.8199908401074748,10000,Percentile donor bootstrap; small-control-cohort limitations apply.,0.9881003121130626,
scRNA_iDA_pooled,original_30_iPD_grouping,Pearson,SPG11,8,30,0.16966092730626234,-0.05099235177552721,-0.22065327908178956,-0.8772875278807122,0.7859988609962043,0.6478820788834574,10000,Percentile donor bootstrap; small-control-cohort limitations apply.,0.9881003121130626,
scRNA_iDA_pooled,original_30_iPD_grouping,Pearson,TOLLIP,8,30,0.49624597937650783,0.5342997985696372,0.038053819193129335,-0.4158778502466654,0.5953612213924022,0.9152193029672685,10000,Percentile donor bootstrap; small-control-cohort limitations apply.,0.9881003121130626,
scRNA_iDA_pooled,original_30_iPD_grouping,Pearson,UVRAG,8,30,0.2590436895842802,0.09922470577800685,-0.15981898380627335,-0.8470388186194542,0.3831012255298018,0.7338614403774061,10000,Percentile donor bootstrap; small-control-cohort limitations apply.,0.9881003121130626,
scRNA_iDA_pooled,original_30_iPD_grouping,Pearson,WDR45,8,30,0.7454412958947898,0.32828859331976706,-0.41715270257502274,-0.8294368301256718,0.3897002908418674,0.2016162167526102,10000,Percentile donor bootstrap; small-control-cohort limitations apply.,0.9881003121130626,
scRNA_iDA_pooled,original_30_iPD_grouping,Pearson,WIPI1,8,30,-0.6658644435645613,-0.25731353247150873,0.4085509110930526,-0.2808579736566227,0.8099326933560859,0.26732891731219144,10000,Percentile donor bootstrap; small-control-cohort limitations apply.,0.9881003121130626,
scRNA_iDA_pooled,original_30_iPD_grouping,Pearson,WIPI2,8,30,0.27270538395949384,0.055282491518765124,-0.2174228924407287,-0.9548717372516787,0.9740189091355765,0.6447974237064207,10000,Percentile donor bootstrap; small-control-cohort limitations apply.,0.9881003121130626,
scRNA_iDA_pooled,original_30_iPD_grouping,Pearson,ZFYVE21,8,30,-0.22022784279462077,-0.44583325373075106,-0.2256054109361303,-1.063772238958201,0.4856667915708205,0.5995998776319742,10000,Percentile donor bootstrap; small-control-cohort limitations apply.,0.9881003121130626,
scRNA_iDA_pooled,original_30_iPD_grouping,Spearman,ATG10,8,30,0.4523809523809524,0.082091212458287,-0.3702897399226654,-0.9815251138199996,0.6595411662851601,,10000,Percentile donor bootstrap; small-control-cohort limitations apply.,,
scRNA_iDA_pooled,original_30_iPD_grouping,Spearman,ATG12,8,30,0.5,0.42825361512792,-0.07174638487208002,-0.7014436847107877,0.9344980588421875,,10000,Percentile donor bootstrap; small-control-cohort limitations apply.,,
scRNA_iDA_pooled,original_30_iPD_grouping,Spearman,ATG13,8,30,-0.6904761904761905,-0.5132369299221358,0.1772392605540547,-0.6836981153500353,0.71315806732717,,10000,Percentile donor bootstrap; small-control-cohort limitations apply.,,
scRNA_iDA_pooled,original_30_iPD_grouping,Spearman,ATG16L1,8,30,0.47619047619047616,0.5532814238042271,0.0770909476137509,-0.5638455813740191,1.1214722011003797,,10000,Percentile donor bootstrap; small-control-cohort limitations apply.,,
scRNA_iDA_pooled,original_30_iPD_grouping,Spearman,ATG2A,8,30,-0.6428571428571429,-0.760177975528365,-0.11732083267122206,-0.9561676901334374,0.3335267600328405,,10000,Percentile donor bootstrap; small-control-cohort limitations apply.,,
scRNA_iDA_pooled,original_30_iPD_grouping,Spearman,ATG2B,8,30,0.09523809523809523,0.13370411568409346,0.03846602044599823,-0.8402310610794588,0.9696205076879619,,10000,Percentile donor bootstrap; small-control-cohort limitations apply.,,
scRNA_iDA_pooled,original_30_iPD_grouping,Spearman,ATG3,8,30,0.5714285714285714,0.6351501668520579,0.06372159542348654,-0.4692339095410012,0.9355902179005919,,10000,Percentile donor bootstrap; small-control-cohort limitations apply.,,
scRNA_iDA_pooled,original_30_iPD_grouping,Spearman,ATG4B,8,30,-0.2857142857142857,-0.25072302558398224,0.03499126013030346,-0.8623438096354238,0.808468646653274,,10000,Percentile donor bootstrap; small-control-cohort limitations apply.,,
scRNA_iDA_pooled,original_30_iPD_grouping,Spearman,ATG4C,8,30,0.35714285714285715,-0.25383759733036715,-0.6109804544732242,-1.2134958848340296,0.41199720277371965,,10000,Percentile donor bootstrap; small-control-cohort limitations apply.,,
scRNA_iDA_pooled,original_30_iPD_grouping,Spearman,ATG5,8,30,0.11904761904761904,0.24271412680756402,0.12366650775994498,-0.76217097313446,1.099601713320201,,10000,Percentile donor bootstrap; small-control-cohort limitations apply.,,
scRNA_iDA_pooled,original_30_iPD_grouping,Spearman,ATG7,8,30,-0.2857142857142857,0.27608453837597335,0.561798824090259,-0.4187465342208062,1.4464335561156128,,10000,Percentile donor bootstrap; small-control-cohort limitations apply.,,
scRNA_iDA_pooled,original_30_iPD_grouping,Spearman,ATG9B,8,30,0.30952380952380953,0.5310344827586208,0.22151067323481122,-0.547273180730333,1.1909438736140454,,10000,Percentile donor bootstrap; small-control-cohort limitations apply.,,
scRNA_iDA_pooled,original_30_iPD_grouping,Spearman,ATG101,8,30,0.47619047619047616,0.3428253615127921,-0.13336511467768408,-0.7579704383231349,0.7482457083636895,,10000,Percentile donor bootstrap; small-control-cohort limitations apply.,,
scRNA_iDA_pooled,original_30_iPD_grouping,Spearman,BCL2,8,30,-0.40476190476190477,0.09010011123470525,0.49486201599661,-0.5707814484300601,1.2739909026823657,,10000,Percentile donor bootstrap; small-control-cohort limitations apply.,,
scRNA_iDA_pooled,original_30_iPD_grouping,Spearman,BECN1,8,30,0.14285714285714285,0.3290322580645162,0.18617511520737334,-0.6695601329021249,1.2203395478757957,,10000,Percentile donor bootstrap; small-control-cohort limitations apply.,,
scRNA_iDA_pooled,original_30_iPD_grouping,Spearman,CALCOCO2,8,30,-0.6666666666666666,-0.5194660734149056,0.14720059325176105,-0.6318629491930964,0.622483011703112,,10000,Percentile donor bootstrap; small-control-cohort limitations apply.,,
scRNA_iDA_pooled,original_30_iPD_grouping,Spearman,CLEC16A,8,30,-0.023809523809523808,0.267630700778643,0.29144022458816676,-0.6595237803704886,1.1648594344878733,,10000,Percentile donor bootstrap; small-control-cohort limitations apply.,,
scRNA_iDA_pooled,original_30_iPD_grouping,Spearman,CTNS,8,30,0.6666666666666666,0.31523915461624036,-0.35142751205042627,-0.8620339976529728,0.47769008657652134,,10000,Percentile donor bootstrap; small-control-cohort limitations apply.,,
scRNA_iDA_pooled,original_30_iPD_grouping,Spearman,EPG5,8,30,0.5952380952380952,0.4100111234705229,-0.18522697176757236,-0.77753970138623,0.7338504147272823,,10000,Percentile donor bootstrap; small-control-cohort limitations apply.,,
scRNA_iDA_pooled,original_30_iPD_grouping,Spearman,GRN,8,30,-0.42857142857142855,-0.4945494994438266,-0.06597807087239804,-1.0102745641579747,0.629705384846881,,10000,Percentile donor bootstrap; small-control-cohort limitations apply.,,
scRNA_iDA_pooled,original_30_iPD_grouping,Spearman,GABARAP,8,30,-0.07142857142857142,-0.1381535038932147,-0.06672493246464328,-0.9631648677277305,0.8725250477397652,,10000,Percentile donor bootstrap; small-control-cohort limitations apply.,,
scRNA_iDA_pooled,original_30_iPD_grouping,Spearman,GABARAPL1,8,30,0.5,0.2880978865406007,-0.2119021134593993,-0.8964747880410531,0.728286348073901,,10000,Percentile donor bootstrap; small-control-cohort limitations apply.,,
scRNA_iDA_pooled,original_30_iPD_grouping,Spearman,GABARAPL2,8,30,0.8095238095238095,0.21423804226918802,-0.5952857672546215,-1.047910728324825,0.07483056112212245,,10000,Percentile donor bootstrap; small-control-cohort limitations apply.,,
scRNA_iDA_pooled,original_30_iPD_grouping,Spearman,LAMP2,8,30,-0.5238095238095238,-0.44872080088987776,0.07508872291964608,-0.8964333069074447,0.7319970555274297,,10000,Percentile donor bootstrap; small-control-cohort limitations apply.,,
scRNA_iDA_pooled,original_30_iPD_grouping,Spearman,MAP1LC3A,8,30,0.6428571428571429,0.6226918798665185,-0.020165262990624377,-0.43670363510900884,0.8410486643677876,,10000,Percentile donor bootstrap; small-control-cohort limitations apply.,,
scRNA_iDA_pooled,original_30_iPD_grouping,Spearman,MAP1LC3B,8,30,0.9523809523809523,0.7179087875417132,-0.23447216483923916,-0.545606014667803,0.1252580068502119,,10000,Percentile donor bootstrap; small-control-cohort limitations apply.,,
scRNA_iDA_pooled,original_30_iPD_grouping,Spearman,NBR1,8,30,-0.42857142857142855,-0.5421579532814239,-0.11358652470999536,-1.1120708003698292,0.5408134732770054,,10000,Percentile donor bootstrap; small-control-cohort limitations apply.,,
scRNA_iDA_pooled,original_30_iPD_grouping,Spearman,OPTN,8,30,0.9047619047619048,0.7588431590656286,-0.14591874569627616,-0.4054055887095387,0.42932951239197087,,10000,Percentile donor bootstrap; small-control-cohort limitations apply.,,
scRNA_iDA_pooled,original_30_iPD_grouping,Spearman,PRKN,8,30,-0.2857142857142857,-0.06607341490545052,0.21964087080883518,-0.7534938636399827,1.0779702281728614,,10000,Percentile donor bootstrap; small-control-cohort limitations apply.,,
scRNA_iDA_pooled,original_30_iPD_grouping,Spearman,PIK3R4,8,30,-0.30952380952380953,-0.22669632925472752,0.08282748026908202,-1.1604564415812064,0.8405055969502844,,10000,Percentile donor bootstrap; small-control-cohort limitations apply.,,
scRNA_iDA_pooled,original_30_iPD_grouping,Spearman,PINK1,8,30,0.8095238095238095,0.6703003337041158,-0.13922347581969374,-0.4866108639371553,0.5543192769529244,,10000,Percentile donor bootstrap; small-control-cohort limitations apply.,,
scRNA_iDA_pooled,original_30_iPD_grouping,Spearman,RB1CC1,8,30,0.2619047619047619,0.3939933259176864,0.13208856401292446,-0.6516206154103172,1.178527888230465,,10000,Percentile donor bootstrap; small-control-cohort limitations apply.,,
scRNA_iDA_pooled,original_30_iPD_grouping,Spearman,SNX14,8,30,0.09523809523809523,0.12969966629588434,0.0344615710577891,-0.824857847117804,0.9497309943810399,,10000,Percentile donor bootstrap; small-control-cohort limitations apply.,,
scRNA_iDA_pooled,original_30_iPD_grouping,Spearman,SNX30,8,30,0.6190476190476191,0.4718576195773082,-0.14718999947031086,-0.6816506482973157,0.7166259166222204,,10000,Percentile donor bootstrap; small-control-cohort limitations apply.,,
scRNA_iDA_pooled,original_30_iPD_grouping,Spearman,SNX4,8,30,0.7142857142857143,0.5150166852057844,-0.19926902907992994,-0.6642951243303715,0.6979936851138674,,10000,Percentile donor bootstrap; small-control-cohort limitations apply.,,
scRNA_iDA_pooled,original_30_iPD_grouping,Spearman,SQSTM1,8,30,-0.38095238095238093,-0.47452725250278094,-0.09357487155040001,-1.0532512463796893,0.6628586685408221,,10000,Percentile donor bootstrap; small-control-cohort limitations apply.,,
scRNA_iDA_pooled,original_30_iPD_grouping,Spearman,SPG11,8,30,0.14285714285714285,-0.029143492769744168,-0.17200063562688703,-0.9081834890245354,0.9153795815248388,,10000,Percentile donor bootstrap; small-control-cohort limitations apply.,,
scRNA_iDA_pooled,original_30_iPD_grouping,Spearman,TOLLIP,8,30,0.47619047619047616,0.5626251390433816,0.08643466285290546,-0.444296580722853,0.9960056414024836,,10000,Percentile donor bootstrap; small-control-cohort limitations apply.,,
scRNA_iDA_pooled,original_30_iPD_grouping,Spearman,UVRAG,8,30,0.42857142857142855,0.11056729699666298,-0.3180041315747656,-1.0174239747774365,0.6409045415504442,,10000,Percentile donor bootstrap; small-control-cohort limitations apply.,,
scRNA_iDA_pooled,original_30_iPD_grouping,Spearman,WDR45,8,30,0.6666666666666666,0.3793103448275863,-0.28735632183908033,-0.7940171823191055,0.6206699217646836,,10000,Percentile donor bootstrap; small-control-cohort limitations apply.,,
scRNA_iDA_pooled,original_30_iPD_grouping,Spearman,WIPI1,8,30,-0.6904761904761905,-0.3539488320355952,0.3365273584405953,-0.5816823884407735,0.8665950143557637,,10000,Percentile donor bootstrap; small-control-cohort limitations apply.,,
scRNA_iDA_pooled,original_30_iPD_grouping,Spearman,WIPI2,8,30,0.11904761904761904,0.05272525027808678,-0.06632236876953226,-0.9616717567759039,1.0107322344635352,,10000,Percentile donor bootstrap; small-control-cohort limitations apply.,,
scRNA_iDA_pooled,original_30_iPD_grouping,Spearman,ZFYVE21,8,30,-0.19047619047619047,-0.29210233592880985,-0.10162614545261939,-1.0527934110192783,0.736091054037775,,10000,Percentile donor bootstrap; small-control-cohort limitations apply.,,
scRNA_iDA_pooled,original_30_iPD_grouping,pooled_nuisance_residualized,ATG10,8,30,0.3777156072155008,0.03634652034520441,-0.3413690868702964,-0.969199258851019,0.4407910209069324,,10000,Percentile donor bootstrap. Pooled-residual sensitivity conditions on the fitted nuisance adjustment; not a fully refitted adjusted CI.,,
scRNA_iDA_pooled,original_30_iPD_grouping,pooled_nuisance_residualized,ATG12,8,30,0.42480111734081755,0.47166374269279016,0.04686262535197261,-0.5049754624913447,0.8783293419399633,,10000,Percentile donor bootstrap. Pooled-residual sensitivity conditions on the fitted nuisance adjustment; not a fully refitted adjusted CI.,,
scRNA_iDA_pooled,original_30_iPD_grouping,pooled_nuisance_residualized,ATG13,8,30,-0.3589770324118361,-0.45075952585107076,-0.09178249343923467,-0.833812064546392,0.5432543177333096,,10000,Percentile donor bootstrap. Pooled-residual sensitivity conditions on the fitted nuisance adjustment; not a fully refitted adjusted CI.,,
scRNA_iDA_pooled,original_30_iPD_grouping,pooled_nuisance_residualized,ATG16L1,8,30,0.4611460926638141,0.3733583197886857,-0.0877877728751284,-0.6998269952603685,0.9258145809902615,,10000,Percentile donor bootstrap. Pooled-residual sensitivity conditions on the fitted nuisance adjustment; not a fully refitted adjusted CI.,,
scRNA_iDA_pooled,original_30_iPD_grouping,pooled_nuisance_residualized,ATG2A,8,30,-0.6099267780698101,-0.7825542227251074,-0.17262744465529734,-0.6909753737076659,0.26398081219400743,,10000,Percentile donor bootstrap. Pooled-residual sensitivity conditions on the fitted nuisance adjustment; not a fully refitted adjusted CI.,,
scRNA_iDA_pooled,original_30_iPD_grouping,pooled_nuisance_residualized,ATG2B,8,30,0.17906645560474543,0.0748114342309075,-0.10425502137383794,-0.9102325845646917,0.9008568335439854,,10000,Percentile donor bootstrap. Pooled-residual sensitivity conditions on the fitted nuisance adjustment; not a fully refitted adjusted CI.,,
scRNA_iDA_pooled,original_30_iPD_grouping,pooled_nuisance_residualized,ATG3,8,30,0.21785019679452533,0.587108768751796,0.36925857195727063,-0.20133738339125484,1.1051609070126471,,10000,Percentile donor bootstrap. Pooled-residual sensitivity conditions on the fitted nuisance adjustment; not a fully refitted adjusted CI.,,
scRNA_iDA_pooled,original_30_iPD_grouping,pooled_nuisance_residualized,ATG4B,8,30,-0.5953790132940168,-0.15341289719467527,0.4419661160993415,0.00720515875899086,1.0049686523883932,,10000,Percentile donor bootstrap. Pooled-residual sensitivity conditions on the fitted nuisance adjustment; not a fully refitted adjusted CI.,,
scRNA_iDA_pooled,original_30_iPD_grouping,pooled_nuisance_residualized,ATG4C,8,30,0.31221552582535056,-0.06443180986775496,-0.3766473356931055,-1.035790417593968,0.4447612448722374,,10000,Percentile donor bootstrap. Pooled-residual sensitivity conditions on the fitted nuisance adjustment; not a fully refitted adjusted CI.,,
scRNA_iDA_pooled,original_30_iPD_grouping,pooled_nuisance_residualized,ATG5,8,30,0.40907540165298273,0.18609987959187854,-0.2229755220611042,-0.8489240131947953,0.9543709913775388,,10000,Percentile donor bootstrap. Pooled-residual sensitivity conditions on the fitted nuisance adjustment; not a fully refitted adjusted CI.,,
scRNA_iDA_pooled,original_30_iPD_grouping,pooled_nuisance_residualized,ATG7,8,30,-0.2646273399988336,0.2097064295260164,0.47433376952484996,-0.40741760183823245,1.2619578792683572,,10000,Percentile donor bootstrap. Pooled-residual sensitivity conditions on the fitted nuisance adjustment; not a fully refitted adjusted CI.,,
scRNA_iDA_pooled,original_30_iPD_grouping,pooled_nuisance_residualized,ATG9B,8,30,-0.01269969101527061,0.5527428325887291,0.5654425236039997,-0.27863372783559914,1.2227392218823405,,10000,Percentile donor bootstrap. Pooled-residual sensitivity conditions on the fitted nuisance adjustment; not a fully refitted adjusted CI.,,
scRNA_iDA_pooled,original_30_iPD_grouping,pooled_nuisance_residualized,ATG101,8,30,0.34103558752764845,0.3599213048727864,0.018885717345137942,-0.6195675710942548,0.782349985706881,,10000,Percentile donor bootstrap. Pooled-residual sensitivity conditions on the fitted nuisance adjustment; not a fully refitted adjusted CI.,,
scRNA_iDA_pooled,original_30_iPD_grouping,pooled_nuisance_residualized,BCL2,8,30,0.2703128370019096,0.026830931245634033,-0.24348190575627557,-0.919533260688818,0.7696896665027936,,10000,Percentile donor bootstrap. Pooled-residual sensitivity conditions on the fitted nuisance adjustment; not a fully refitted adjusted CI.,,
scRNA_iDA_pooled,original_30_iPD_grouping,pooled_nuisance_residualized,BECN1,8,30,0.09565584202819341,0.24589753714734713,0.15024169511915372,-0.8002426327358361,1.1932093998251418,,10000,Percentile donor bootstrap. Pooled-residual sensitivity conditions on the fitted nuisance adjustment; not a fully refitted adjusted CI.,,
scRNA_iDA_pooled,original_30_iPD_grouping,pooled_nuisance_residualized,CALCOCO2,8,30,-0.7106957933416359,-0.5523064700965757,0.15838932324506017,-0.2034476182832514,0.6029050155735879,,10000,Percentile donor bootstrap. Pooled-residual sensitivity conditions on the fitted nuisance adjustment; not a fully refitted adjusted CI.,,
scRNA_iDA_pooled,original_30_iPD_grouping,pooled_nuisance_residualized,CLEC16A,8,30,0.31907661832346884,0.3094200463887606,-0.009656571934708258,-0.6881405771951861,0.8940836232415666,,10000,Percentile donor bootstrap. Pooled-residual sensitivity conditions on the fitted nuisance adjustment; not a fully refitted adjusted CI.,,
scRNA_iDA_pooled,original_30_iPD_grouping,pooled_nuisance_residualized,CTNS,8,30,-0.0074396191817320155,0.18947292076907188,0.1969125399508039,-0.977732687678969,0.850067918592043,,10000,Percentile donor bootstrap. Pooled-residual sensitivity conditions on the fitted nuisance adjustment; not a fully refitted adjusted CI.,,
scRNA_iDA_pooled,original_30_iPD_grouping,pooled_nuisance_residualized,EPG5,8,30,0.4387548755436285,0.36933947188671357,-0.06941540365691495,-0.6140139732013655,1.0644405483034594,,10000,Percentile donor bootstrap. Pooled-residual sensitivity conditions on the fitted nuisance adjustment; not a fully refitted adjusted CI.,,
scRNA_iDA_pooled,original_30_iPD_grouping,pooled_nuisance_residualized,GRN,8,30,-0.493105910964377,-0.4951914371896519,-0.002085526225274914,-0.7796418889820209,0.5875859110683879,,10000,Percentile donor bootstrap. Pooled-residual sensitivity conditions on the fitted nuisance adjustment; not a fully refitted adjusted CI.,,
scRNA_iDA_pooled,original_30_iPD_grouping,pooled_nuisance_residualized,GABARAP,8,30,0.0034178408458428603,0.002958865844310217,-0.0004589750015326433,-0.8390917549090421,0.9871563725137902,,10000,Percentile donor bootstrap. Pooled-residual sensitivity conditions on the fitted nuisance adjustment; not a fully refitted adjusted CI.,,
scRNA_iDA_pooled,original_30_iPD_grouping,pooled_nuisance_residualized,GABARAPL1,8,30,0.7274035963526678,0.3756072466881192,-0.35179634966454865,-0.7771262434860795,0.2957217823280209,,10000,Percentile donor bootstrap. Pooled-residual sensitivity conditions on the fitted nuisance adjustment; not a fully refitted adjusted CI.,,
scRNA_iDA_pooled,original_30_iPD_grouping,pooled_nuisance_residualized,GABARAPL2,8,30,0.5370381396150936,0.1677326482260394,-0.3693054913890542,-0.8430526316273137,0.5842825980323266,,10000,Percentile donor bootstrap. Pooled-residual sensitivity conditions on the fitted nuisance adjustment; not a fully refitted adjusted CI.,,
scRNA_iDA_pooled,original_30_iPD_grouping,pooled_nuisance_residualized,LAMP2,8,30,-0.47079390850710695,-0.44872536347035497,0.022068545036751985,-0.6999607136848428,0.6176289602734374,,10000,Percentile donor bootstrap. Pooled-residual sensitivity conditions on the fitted nuisance adjustment; not a fully refitted adjusted CI.,,
scRNA_iDA_pooled,original_30_iPD_grouping,pooled_nuisance_residualized,MAP1LC3A,8,30,0.4669400905190142,0.4502518010179856,-0.016688289501028575,-0.5732583775328648,0.9749472760549734,,10000,Percentile donor bootstrap. Pooled-residual sensitivity conditions on the fitted nuisance adjustment; not a fully refitted adjusted CI.,,
scRNA_iDA_pooled,original_30_iPD_grouping,pooled_nuisance_residualized,MAP1LC3B,8,30,0.8494767463815128,0.7574342003936796,-0.09204254598783324,-0.359341074270194,0.11438585893080742,,10000,Percentile donor bootstrap. Pooled-residual sensitivity conditions on the fitted nuisance adjustment; not a fully refitted adjusted CI.,,
scRNA_iDA_pooled,original_30_iPD_grouping,pooled_nuisance_residualized,NBR1,8,30,-0.381351726822325,-0.4926647276195785,-0.11131300079725354,-1.1331538565685475,0.6077060593897514,,10000,Percentile donor bootstrap. Pooled-residual sensitivity conditions on the fitted nuisance adjustment; not a fully refitted adjusted CI.,,
scRNA_iDA_pooled,original_30_iPD_grouping,pooled_nuisance_residualized,OPTN,8,30,0.5465232407669373,0.6888888255869438,0.1423655848200065,-0.30785245017470586,0.7456799727926079,,10000,Percentile donor bootstrap. Pooled-residual sensitivity conditions on the fitted nuisance adjustment; not a fully refitted adjusted CI.,,
scRNA_iDA_pooled,original_30_iPD_grouping,pooled_nuisance_residualized,PRKN,8,30,-0.18322917913080317,-0.020440097859647087,0.16278908127115607,-0.5998874302905941,0.8876396637172078,,10000,Percentile donor bootstrap. Pooled-residual sensitivity conditions on the fitted nuisance adjustment; not a fully refitted adjusted CI.,,
scRNA_iDA_pooled,original_30_iPD_grouping,pooled_nuisance_residualized,PIK3R4,8,30,-0.11486815745214182,-0.1908227439312866,-0.07595458647914477,-1.0029614413102672,0.9649422810300311,,10000,Percentile donor bootstrap. Pooled-residual sensitivity conditions on the fitted nuisance adjustment; not a fully refitted adjusted CI.,,
scRNA_iDA_pooled,original_30_iPD_grouping,pooled_nuisance_residualized,PINK1,8,30,0.45028595043157393,0.5678975261615247,0.11761157572995073,-0.42852064018804836,0.8976984742037892,,10000,Percentile donor bootstrap. Pooled-residual sensitivity conditions on the fitted nuisance adjustment; not a fully refitted adjusted CI.,,
scRNA_iDA_pooled,original_30_iPD_grouping,pooled_nuisance_residualized,RB1CC1,8,30,0.11557503292874628,0.27153443815519196,0.1559594052264457,-0.6686594393708319,1.2025001711605046,,10000,Percentile donor bootstrap. Pooled-residual sensitivity conditions on the fitted nuisance adjustment; not a fully refitted adjusted CI.,,
scRNA_iDA_pooled,original_30_iPD_grouping,pooled_nuisance_residualized,SNX14,8,30,-0.15036448206678218,-0.0082441114212904,0.1421203706454918,-0.7847124666890918,0.9001199899126991,,10000,Percentile donor bootstrap. Pooled-residual sensitivity conditions on the fitted nuisance adjustment; not a fully refitted adjusted CI.,,
scRNA_iDA_pooled,original_30_iPD_grouping,pooled_nuisance_residualized,SNX30,8,30,0.2915330992464389,0.34693391101312604,0.05540081176668715,-0.6035916956406131,1.2177254463303318,,10000,Percentile donor bootstrap. Pooled-residual sensitivity conditions on the fitted nuisance adjustment; not a fully refitted adjusted CI.,,
scRNA_iDA_pooled,original_30_iPD_grouping,pooled_nuisance_residualized,SNX4,8,30,0.3632440322970905,0.395456605384627,0.0322125730875365,-0.5531313298976628,1.0396048903580988,,10000,Percentile donor bootstrap. Pooled-residual sensitivity conditions on the fitted nuisance adjustment; not a fully refitted adjusted CI.,,
scRNA_iDA_pooled,original_30_iPD_grouping,pooled_nuisance_residualized,SQSTM1,8,30,0.3225182007103047,-0.29142790006493224,-0.6139461007752369,-1.4124760751630712,0.648183901220184,,10000,Percentile donor bootstrap. Pooled-residual sensitivity conditions on the fitted nuisance adjustment; not a fully refitted adjusted CI.,,
scRNA_iDA_pooled,original_30_iPD_grouping,pooled_nuisance_residualized,SPG11,8,30,0.1843600153224372,-0.28241479686026394,-0.4667748121827011,-1.2379902363687052,0.5413267404851516,,10000,Percentile donor bootstrap. Pooled-residual sensitivity conditions on the fitted nuisance adjustment; not a fully refitted adjusted CI.,,
scRNA_iDA_pooled,original_30_iPD_grouping,pooled_nuisance_residualized,TOLLIP,8,30,0.22483068824774227,0.4281422884789746,0.20331160023123235,-0.5514868168330364,1.0905766274961861,,10000,Percentile donor bootstrap. Pooled-residual sensitivity conditions on the fitted nuisance adjustment; not a fully refitted adjusted CI.,,
scRNA_iDA_pooled,original_30_iPD_grouping,pooled_nuisance_residualized,UVRAG,8,30,0.7842901464930867,0.13056674755866077,-0.653723398934426,-1.0019734579622033,0.1688207953031997,,10000,Percentile donor bootstrap. Pooled-residual sensitivity conditions on the fitted nuisance adjustment; not a fully refitted adjusted CI.,,
scRNA_iDA_pooled,original_30_iPD_grouping,pooled_nuisance_residualized,WDR45,8,30,0.7277100518225212,0.2675970027766905,-0.4601130490458307,-0.9874431270052881,0.3277593641722496,,10000,Percentile donor bootstrap. Pooled-residual sensitivity conditions on the fitted nuisance adjustment; not a fully refitted adjusted CI.,,
scRNA_iDA_pooled,original_30_iPD_grouping,pooled_nuisance_residualized,WIPI1,8,30,-0.24681061156068154,-0.12628954080804178,0.12052107075263976,-1.0623866866303457,0.9237357429619486,,10000,Percentile donor bootstrap. Pooled-residual sensitivity conditions on the fitted nuisance adjustment; not a fully refitted adjusted CI.,,
scRNA_iDA_pooled,original_30_iPD_grouping,pooled_nuisance_residualized,WIPI2,8,30,-0.1083474932824411,0.057310883993251384,0.1656583772756925,-0.5809935054387924,1.0528842586505027,,10000,Percentile donor bootstrap. Pooled-residual sensitivity conditions on the fitted nuisance adjustment; not a fully refitted adjusted CI.,,
scRNA_iDA_pooled,original_30_iPD_grouping,pooled_nuisance_residualized,ZFYVE21,8,30,0.170563579882861,-0.3494434309869967,-0.5200070108698577,-1.1553364798299697,0.21340197179444206,,10000,Percentile donor bootstrap. Pooled-residual sensitivity conditions on the fitted nuisance adjustment; not a fully refitted adjusted CI.,,
scRNA_iDA_pooled,exclude_reference_donor,Pearson,ATG10,7,28,0.6724530837780088,0.07110913346281014,-0.6013439503151987,-1.0342562007433354,0.3008973088144625,0.16711509422181314,10000,Percentile donor bootstrap; small-control-cohort limitations apply.,0.9924879838519385,
scRNA_iDA_pooled,exclude_reference_donor,Pearson,ATG12,7,28,0.7425919906323886,0.4597448985108085,-0.28284709212158005,-0.7419849700890268,1.349683537518627,0.39377162531705867,10000,Percentile donor bootstrap; small-control-cohort limitations apply.,0.9924879838519385,
scRNA_iDA_pooled,exclude_reference_donor,Pearson,ATG13,7,28,-0.6106723618809601,-0.503541004819334,0.10713135706162613,-0.4849227693091646,0.623381764800382,0.772122542555789,10000,Percentile donor bootstrap; small-control-cohort limitations apply.,0.9924879838519385,
scRNA_iDA_pooled,exclude_reference_donor,Pearson,ATG16L1,7,28,0.3343272622544498,0.4422488124363011,0.10792155018185129,-0.6437516410711048,0.7518836540585319,0.8130855992464556,10000,Percentile donor bootstrap; small-control-cohort limitations apply.,0.9924879838519385,
scRNA_iDA_pooled,exclude_reference_donor,Pearson,ATG2A,7,28,-0.5806559371979082,-0.717560817271623,-0.13690488007371482,-0.7443730052517664,0.25596688741964796,0.6569814320487244,10000,Percentile donor bootstrap; small-control-cohort limitations apply.,0.9924879838519385,
scRNA_iDA_pooled,exclude_reference_donor,Pearson,ATG2B,7,28,0.11685107192638991,0.12742358238865625,0.010572510462266344,-0.7025116812103324,1.0707914250872013,0.9840990819586963,10000,Percentile donor bootstrap; small-control-cohort limitations apply.,0.9924879838519385,
scRNA_iDA_pooled,exclude_reference_donor,Pearson,ATG3,7,28,0.8571153832697126,0.6306785284371024,-0.22643685483261022,-0.5369462612680886,1.010243897210465,0.3161323315222635,10000,Percentile donor bootstrap; small-control-cohort limitations apply.,0.9924879838519385,
scRNA_iDA_pooled,exclude_reference_donor,Pearson,ATG4B,7,28,-0.23234951864516487,-0.2443760434333302,-0.012026524788165321,-1.0607812282989668,0.8196329838479745,0.9811091512669851,10000,Percentile donor bootstrap; small-control-cohort limitations apply.,0.9924879838519385,
scRNA_iDA_pooled,exclude_reference_donor,Pearson,ATG4C,7,28,0.2641303584695567,-0.10577173417149319,-0.3699020926410499,-1.0413499868888787,0.9520473971315572,0.4842164941139361,10000,Percentile donor bootstrap; small-control-cohort limitations apply.,0.9924879838519385,
scRNA_iDA_pooled,exclude_reference_donor,Pearson,ATG5,7,28,0.08899841839408702,0.16000432859384747,0.07100591019976045,-0.7656389292841902,1.1631323786707268,0.8934093122528178,10000,Percentile donor bootstrap; small-control-cohort limitations apply.,0.9924879838519385,
scRNA_iDA_pooled,exclude_reference_donor,Pearson,ATG7,7,28,0.11927218297575845,0.2373894912369105,0.11811730826115205,-0.6874565001357498,1.4229120028435864,0.820539263807225,10000,Percentile donor bootstrap; small-control-cohort limitations apply.,0.9924879838519385,
scRNA_iDA_pooled,exclude_reference_donor,Pearson,ATG9B,7,28,-0.006071716206088056,0.527799454580399,0.533871170786487,-0.530944177171093,1.364496227003201,0.270690530645601,10000,Percentile donor bootstrap; small-control-cohort limitations apply.,0.9924879838519385,
scRNA_iDA_pooled,exclude_reference_donor,Pearson,ATG101,7,28,0.28230069463089325,0.2661623211294248,-0.01613837350146846,-0.7420295270025548,0.6132987547645231,0.9741481352188217,10000,Percentile donor bootstrap; small-control-cohort limitations apply.,0.9924879838519385,
scRNA_iDA_pooled,exclude_reference_donor,Pearson,BCL2,7,28,-0.4651918581572538,0.07847559797853391,0.5436674561357877,-0.4440292644133696,1.2126800706992056,0.2793522474308646,10000,Percentile donor bootstrap; small-control-cohort limitations apply.,0.9924879838519385,
scRNA_iDA_pooled,exclude_reference_donor,Pearson,BECN1,7,28,0.10079860312277693,0.1241685966902409,0.02336999356746397,-0.7811876477656835,1.1761583089148506,0.9649400842120825,10000,Percentile donor bootstrap; small-control-cohort limitations apply.,0.9924879838519385,
scRNA_iDA_pooled,exclude_reference_donor,Pearson,CALCOCO2,7,28,-0.7513563435688435,-0.5618890825728214,0.18946726099602207,-0.1302224138420329,0.612932350365809,0.5272285320515234,10000,Percentile donor bootstrap; small-control-cohort limitations apply.,0.9924879838519385,
scRNA_iDA_pooled,exclude_reference_donor,Pearson,CLEC16A,7,28,0.0151207584565437,0.2962164663318477,0.281095707875304,-0.6746907167151729,1.1903755667610667,0.5899064120593862,10000,Percentile donor bootstrap; small-control-cohort limitations apply.,0.9924879838519385,
scRNA_iDA_pooled,exclude_reference_donor,Pearson,CTNS,7,28,0.5764062431587585,0.2586223896375973,-0.31778385352116123,-0.9025397527337382,0.3644813247036255,0.46616744505776186,10000,Percentile donor bootstrap; small-control-cohort limitations apply.,0.9924879838519385,
scRNA_iDA_pooled,exclude_reference_donor,Pearson,EPG5,7,28,0.43858862666862186,0.442674372132006,0.004085745463384138,-0.6243643512595379,0.6450549118283713,0.9924879838519386,10000,Percentile donor bootstrap; small-control-cohort limitations apply.,0.9924879838519385,
scRNA_iDA_pooled,exclude_reference_donor,Pearson,GRN,7,28,-0.501859657491442,-0.5656707788626602,-0.06381112137121814,-0.9435029651449434,0.4790851662589059,0.8682287105404969,10000,Percentile donor bootstrap; small-control-cohort limitations apply.,0.9924879838519385,
scRNA_iDA_pooled,exclude_reference_donor,Pearson,GABARAP,7,28,0.4234019427071344,-0.05205587635254489,-0.47545781905967927,-1.1094596305429139,0.9871758002832475,0.34938664012249776,10000,Percentile donor bootstrap; small-control-cohort limitations apply.,0.9924879838519385,
scRNA_iDA_pooled,exclude_reference_donor,Pearson,GABARAPL1,7,28,0.8444778097232348,0.32905101091182754,-0.5154267988114073,-0.9143992930566928,0.864730584251033,0.09658596847408668,10000,Percentile donor bootstrap; small-control-cohort limitations apply.,0.9924879838519385,
scRNA_iDA_pooled,exclude_reference_donor,Pearson,GABARAPL2,7,28,0.5700805561208153,0.03394876019295762,-0.5361317959278578,-1.1098648288972903,0.01117103636935598,0.254463059078639,10000,Percentile donor bootstrap; small-control-cohort limitations apply.,0.9924879838519385,
scRNA_iDA_pooled,exclude_reference_donor,Pearson,LAMP2,7,28,-0.5841214717553229,-0.47097266065219906,0.11314881110312386,-0.6565623400238758,0.6661074293302094,0.7701024898638181,10000,Percentile donor bootstrap; small-control-cohort limitations apply.,0.9924879838519385,
scRNA_iDA_pooled,exclude_reference_donor,Pearson,MAP1LC3A,7,28,0.6221876663431145,0.49276437542048945,-0.12942329092262506,-0.5803175466139524,0.5840490769486627,0.7258074754017807,10000,Percentile donor bootstrap; small-control-cohort limitations apply.,0.9924879838519385,
scRNA_iDA_pooled,exclude_reference_donor,Pearson,MAP1LC3B,7,28,0.9229870695986971,0.7230100808491557,-0.1999769887495414,-0.5095749067037193,-0.02410830887402216,0.19690814600447515,10000,Percentile donor bootstrap; small-control-cohort limitations apply.,0.9924879838519385,
scRNA_iDA_pooled,exclude_reference_donor,Pearson,NBR1,7,28,-0.548442811976955,-0.5529705806532238,-0.004527768676268806,-0.90264292267616,0.5256082773922744,0.9903715126745284,10000,Percentile donor bootstrap; small-control-cohort limitations apply.,0.9924879838519385,
scRNA_iDA_pooled,exclude_reference_donor,Pearson,OPTN,7,28,0.7839328300290593,0.7114688228132646,-0.07246400721579471,-0.37348630023935686,0.041783817444009635,0.7588199689813646,10000,Percentile donor bootstrap; small-control-cohort limitations apply.,0.9924879838519385,
scRNA_iDA_pooled,exclude_reference_donor,Pearson,PRKN,7,28,-0.4722115944169226,-0.02020534541420874,0.45200624900271386,-0.3812342242471118,1.0434973715632414,0.3602285648631526,10000,Percentile donor bootstrap; small-control-cohort limitations apply.,0.9924879838519385,
scRNA_iDA_pooled,exclude_reference_donor,Pearson,PIK3R4,7,28,-0.1371466001175752,-0.2597143428910647,-0.1225677427734895,-1.1655294999637287,0.8460185867476933,0.8124301206232779,10000,Percentile donor bootstrap; small-control-cohort limitations apply.,0.9924879838519385,
scRNA_iDA_pooled,exclude_reference_donor,Pearson,PINK1,7,28,0.7274455917554773,0.5967044731170607,-0.13074111863841664,-0.46438157248209094,0.31263674063810576,0.6621989340960569,10000,Percentile donor bootstrap; small-control-cohort limitations apply.,0.9924879838519385,
scRNA_iDA_pooled,exclude_reference_donor,Pearson,RB1CC1,7,28,0.3990396050890642,0.35069539296976165,-0.048344212119302565,-0.744386176774664,1.3379836969068706,0.9167803665402375,10000,Percentile donor bootstrap; small-control-cohort limitations apply.,0.9924879838519385,
scRNA_iDA_pooled,exclude_reference_donor,Pearson,SNX14,7,28,-0.10397976168959802,0.047039303004366026,0.15101906469396403,-0.636746537912639,1.0005161072951074,0.7785567814967786,10000,Percentile donor bootstrap; small-control-cohort limitations apply.,0.9924879838519385,
scRNA_iDA_pooled,exclude_reference_donor,Pearson,SNX30,7,28,0.509595972884148,0.4455357018952232,-0.06406027098892486,-0.599359485507696,0.759478201659207,0.8774107493696118,10000,Percentile donor bootstrap; small-control-cohort limitations apply.,0.9924879838519385,
scRNA_iDA_pooled,exclude_reference_donor,Pearson,SNX4,7,28,0.8293667031394605,0.4659523002427466,-0.3634144028967139,-0.7042537579838338,0.3333345825136325,0.2058758375865205,10000,Percentile donor bootstrap; small-control-cohort limitations apply.,0.9924879838519385,
scRNA_iDA_pooled,exclude_reference_donor,Pearson,SQSTM1,7,28,-0.5004059460355399,-0.35628935332307365,0.14411659271246624,-0.7368264440925532,0.7716354855114362,0.7420906008902153,10000,Percentile donor bootstrap; small-control-cohort limitations apply.,0.9924879838519385,
scRNA_iDA_pooled,exclude_reference_donor,Pearson,SPG11,7,28,0.2005791952642995,-0.08143971411487883,-0.2820189093791783,-1.0368919661283538,0.6719006069388299,0.5967008302637726,10000,Percentile donor bootstrap; small-control-cohort limitations apply.,0.9924879838519385,
scRNA_iDA_pooled,exclude_reference_donor,Pearson,TOLLIP,7,28,0.5364846257876464,0.5116264696935773,-0.02485815609406916,-0.4775166638089254,0.825966843658396,0.9492498534921323,10000,Percentile donor bootstrap; small-control-cohort limitations apply.,0.9924879838519385,
scRNA_iDA_pooled,exclude_reference_donor,Pearson,UVRAG,7,28,0.2593768751101953,0.17784346795132303,-0.08153340715887228,-0.8237737279791976,0.5192795574947978,0.8735792425034213,10000,Percentile donor bootstrap; small-control-cohort limitations apply.,0.9924879838519385,
scRNA_iDA_pooled,exclude_reference_donor,Pearson,WDR45,7,28,0.7682058449949909,0.2943676556627902,-0.4738381893322007,-0.8943997679293633,0.09233912178196896,0.1857510592442856,10000,Percentile donor bootstrap; small-control-cohort limitations apply.,0.9924879838519385,
scRNA_iDA_pooled,exclude_reference_donor,Pearson,WIPI1,7,28,-0.6655630838811886,-0.196376178796626,0.46918690508456257,-0.15560114654527238,0.8885529869437542,0.26221073444967247,10000,Percentile donor bootstrap; small-control-cohort limitations apply.,0.9924879838519385,
scRNA_iDA_pooled,exclude_reference_donor,Pearson,WIPI2,7,28,0.27133003062393324,0.05296810071694918,-0.21836192990698405,-1.0187029056958854,1.1162138394545593,0.6757008712659114,10000,Percentile donor bootstrap; small-control-cohort limitations apply.,0.9924879838519385,
scRNA_iDA_pooled,exclude_reference_donor,Pearson,ZFYVE21,7,28,-0.2194857872878563,-0.42610564330627926,-0.20661985601842295,-1.0649389144911392,0.5856387245078025,0.6665868357942,10000,Percentile donor bootstrap; small-control-cohort limitations apply.,0.9924879838519385,
scRNA_iDA_pooled,exclude_reference_donor,Spearman,ATG10,7,28,0.49999999999999994,0.0514504652435687,-0.4485495347564312,-1.0577256482178512,0.6291790940739087,,10000,Percentile donor bootstrap; small-control-cohort limitations apply.,,
scRNA_iDA_pooled,exclude_reference_donor,Spearman,ATG12,7,28,0.49999999999999994,0.4482758620689656,-0.051724137931034364,-0.7271346040946052,1.208302957359009,,10000,Percentile donor bootstrap; small-control-cohort limitations apply.,,
scRNA_iDA_pooled,exclude_reference_donor,Spearman,ATG13,7,28,-0.7142857142857142,-0.45484400656814455,0.25944170771756964,-0.6606343379797551,0.8068266170871736,,10000,Percentile donor bootstrap; small-control-cohort limitations apply.,,
scRNA_iDA_pooled,exclude_reference_donor,Spearman,ATG16L1,7,28,0.5714285714285714,0.5161466885604817,-0.05528188286808966,-0.6675851836423995,1.0007789780393164,,10000,Percentile donor bootstrap; small-control-cohort limitations apply.,,
scRNA_iDA_pooled,exclude_reference_donor,Spearman,ATG2A,7,28,-0.6428571428571428,-0.755336617405583,-0.1124794745484402,-0.9900003695408626,0.3782382861397542,,10000,Percentile donor bootstrap; small-control-cohort limitations apply.,,
scRNA_iDA_pooled,exclude_reference_donor,Spearman,ATG2B,7,28,0.0,0.17679255610290096,0.17679255610290096,-0.7217414381518659,1.1665418077700886,,10000,Percentile donor bootstrap; small-control-cohort limitations apply.,,
scRNA_iDA_pooled,exclude_reference_donor,Spearman,ATG3,7,28,0.5714285714285714,0.6245210727969349,0.05309250136836352,-0.5307801759692053,1.0939449421132583,,10000,Percentile donor bootstrap; small-control-cohort limitations apply.,,
scRNA_iDA_pooled,exclude_reference_donor,Spearman,ATG4B,7,28,-0.3214285714285714,-0.2359058565955118,0.0855227148330596,-0.954226712237985,0.938978298364637,,10000,Percentile donor bootstrap; small-control-cohort limitations apply.,,
scRNA_iDA_pooled,exclude_reference_donor,Spearman,ATG4C,7,28,0.3214285714285714,-0.17186644772851672,-0.4932950191570881,-1.1331302103304868,0.774879362441742,,10000,Percentile donor bootstrap; small-control-cohort limitations apply.,,
scRNA_iDA_pooled,exclude_reference_donor,Spearman,ATG5,7,28,0.14285714285714285,0.2446633825944171,0.10180623973727426,-0.7591067065665634,1.2048327785359814,,10000,Percentile donor bootstrap; small-control-cohort limitations apply.,,
scRNA_iDA_pooled,exclude_reference_donor,Spearman,ATG7,7,28,-0.21428571428571425,0.29501915708812265,0.5093048713738368,-0.5002153041152185,1.503574400571612,,10000,Percentile donor bootstrap; small-control-cohort limitations apply.,,
scRNA_iDA_pooled,exclude_reference_donor,Spearman,ATG9B,7,28,0.2857142857142857,0.5062944718117133,0.22058018609742758,-0.5906755854156844,1.2663634518717488,,10000,Percentile donor bootstrap; small-control-cohort limitations apply.,,
scRNA_iDA_pooled,exclude_reference_donor,Spearman,ATG101,7,28,0.49999999999999994,0.2807881773399015,-0.21921182266009842,-0.8227340334677614,0.7256892480442311,,10000,Percentile donor bootstrap; small-control-cohort limitations apply.,,
scRNA_iDA_pooled,exclude_reference_donor,Spearman,BCL2,7,28,-0.3928571428571428,0.11330049261083745,0.5061576354679802,-0.6407652293193542,1.3043998657919917,,10000,Percentile donor bootstrap; small-control-cohort limitations apply.,,
scRNA_iDA_pooled,exclude_reference_donor,Spearman,BECN1,7,28,0.07142857142857142,0.29447181171319103,0.2230432402846196,-0.6167411970354142,1.334482729603936,,10000,Percentile donor bootstrap; small-control-cohort limitations apply.,,
scRNA_iDA_pooled,exclude_reference_donor,Spearman,CALCOCO2,7,28,-0.6785714285714285,-0.4592227695675972,0.21934865900383127,-0.6586101215974728,0.7445188477707191,,10000,Percentile donor bootstrap; small-control-cohort limitations apply.,,
scRNA_iDA_pooled,exclude_reference_donor,Spearman,CLEC16A,7,28,-0.07142857142857142,0.2818828680897647,0.3533114395183361,-0.6664948255215356,1.2852492859355902,,10000,Percentile donor bootstrap; small-control-cohort limitations apply.,,
scRNA_iDA_pooled,exclude_reference_donor,Spearman,CTNS,7,28,0.6785714285714285,0.3448275862068966,-0.3337438423645319,-0.8576907966658691,0.4833883329012752,,10000,Percentile donor bootstrap; small-control-cohort limitations apply.,,
scRNA_iDA_pooled,exclude_reference_donor,Spearman,EPG5,7,28,0.5714285714285714,0.404488232074439,-0.16694033935413238,-0.7742374882183527,0.8975252253985883,,10000,Percentile donor bootstrap; small-control-cohort limitations apply.,,
scRNA_iDA_pooled,exclude_reference_donor,Spearman,GRN,7,28,-0.46428571428571425,-0.4499178981937603,0.014367816091953922,-1.0144566893436033,0.7520575090340781,,10000,Percentile donor bootstrap; small-control-cohort limitations apply.,,
scRNA_iDA_pooled,exclude_reference_donor,Spearman,GABARAP,7,28,-0.10714285714285712,-0.1237000547345375,-0.01655719759168038,-0.9840356280425293,0.99188660503811,,10000,Percentile donor bootstrap; small-control-cohort limitations apply.,,
scRNA_iDA_pooled,exclude_reference_donor,Spearman,GABARAPL1,7,28,0.4285714285714285,0.3026819923371648,-0.12588943623426369,-0.9508857284917152,0.9694465433037369,,10000,Percentile donor bootstrap; small-control-cohort limitations apply.,,
scRNA_iDA_pooled,exclude_reference_donor,Spearman,GABARAPL2,7,28,0.8214285714285713,0.08976464148877943,-0.7316639299397919,-1.1627535501473707,-0.050131644166315,,10000,Percentile donor bootstrap; small-control-cohort limitations apply.,,
scRNA_iDA_pooled,exclude_reference_donor,Spearman,LAMP2,7,28,-0.5714285714285714,-0.3869731800766284,0.184455391351943,-0.8454176292873643,0.9022739838183426,,10000,Percentile donor bootstrap; small-control-cohort limitations apply.,,
scRNA_iDA_pooled,exclude_reference_donor,Spearman,MAP1LC3A,7,28,0.7142857142857142,0.5883962780514506,-0.12588943623426363,-0.5508547599940179,0.6571511759716643,,10000,Percentile donor bootstrap; small-control-cohort limitations apply.,,
scRNA_iDA_pooled,exclude_reference_donor,Spearman,MAP1LC3B,7,28,0.9642857142857142,0.6863711001642037,-0.27791461412151053,-0.6217355764199888,0.10266177481163306,,10000,Percentile donor bootstrap; small-control-cohort limitations apply.,,
scRNA_iDA_pooled,exclude_reference_donor,Spearman,NBR1,7,28,-0.46428571428571425,-0.4865900383141763,-0.022304324028462053,-1.1217351376187494,0.6704154717035143,,10000,Percentile donor bootstrap; small-control-cohort limitations apply.,,
scRNA_iDA_pooled,exclude_reference_donor,Spearman,OPTN,7,28,0.9642857142857142,0.7465790914066777,-0.21770662287903653,-0.47839310717651656,0.1484246685583263,,10000,Percentile donor bootstrap; small-control-cohort limitations apply.,,
scRNA_iDA_pooled,exclude_reference_donor,Spearman,PRKN,7,28,-0.3214285714285714,-0.007662835249042147,0.31376573617952924,-0.7481477336781218,1.199014095466765,,10000,Percentile donor bootstrap; small-control-cohort limitations apply.,,
scRNA_iDA_pooled,exclude_reference_donor,Spearman,PIK3R4,7,28,-0.3928571428571428,-0.16310892172961142,0.22974822112753138,-1.102452867401596,0.9743749046011662,,10000,Percentile donor bootstrap; small-control-cohort limitations apply.,,
scRNA_iDA_pooled,exclude_reference_donor,Spearman,PINK1,7,28,0.8214285714285713,0.6420361247947456,-0.1793924466338257,-0.534896566135487,0.6117354384287631,,10000,Percentile donor bootstrap; small-control-cohort limitations apply.,,
scRNA_iDA_pooled,exclude_reference_donor,Spearman,RB1CC1,7,28,0.3214285714285714,0.41215106732348117,0.09072249589490977,-0.708385252897995,1.259732001179193,,10000,Percentile donor bootstrap; small-control-cohort limitations apply.,,
scRNA_iDA_pooled,exclude_reference_donor,Spearman,SNX14,7,28,0.10714285714285712,0.12205801860974276,0.014915161466885637,-0.8594969779893449,1.0268925129071973,,10000,Percentile donor bootstrap; small-control-cohort limitations apply.,,
scRNA_iDA_pooled,exclude_reference_donor,Spearman,SNX30,7,28,0.6428571428571428,0.46414887794198145,-0.17870826491516134,-0.7419108201189887,0.6906321403664857,,10000,Percentile donor bootstrap; small-control-cohort limitations apply.,,
scRNA_iDA_pooled,exclude_reference_donor,Spearman,SNX4,7,28,0.8214285714285713,0.477832512315271,-0.34359605911330027,-0.77918937792883,0.42651089158753025,,10000,Percentile donor bootstrap; small-control-cohort limitations apply.,,
scRNA_iDA_pooled,exclude_reference_donor,Spearman,SQSTM1,7,28,-0.3928571428571428,-0.4148877941981391,-0.0220306513409963,-1.0310669772617542,0.8149654090674868,,10000,Percentile donor bootstrap; small-control-cohort limitations apply.,,
scRNA_iDA_pooled,exclude_reference_donor,Spearman,SPG11,7,28,0.2857142857142857,-0.06568144499178982,-0.35139573070607555,-1.0981521502634992,0.775007820450542,,10000,Percentile donor bootstrap; small-control-cohort limitations apply.,,
scRNA_iDA_pooled,exclude_reference_donor,Spearman,TOLLIP,7,28,0.46428571428571425,0.5298303229337713,0.06554460864805706,-0.5011971706017735,1.2504440612238288,,10000,Percentile donor bootstrap; small-control-cohort limitations apply.,,
scRNA_iDA_pooled,exclude_reference_donor,Spearman,UVRAG,7,28,0.4285714285714285,0.20032840722495898,-0.2282430213464695,-0.9785566761330571,0.8857165369995353,,10000,Percentile donor bootstrap; small-control-cohort limitations apply.,,
scRNA_iDA_pooled,exclude_reference_donor,Spearman,WDR45,7,28,0.7142857142857142,0.3278598795840176,-0.3864258347016966,-0.8630496458736782,0.5272404050254091,,10000,Percentile donor bootstrap; small-control-cohort limitations apply.,,
scRNA_iDA_pooled,exclude_reference_donor,Spearman,WIPI1,7,28,-0.7857142857142856,-0.27367268746579093,0.5120415982484947,-0.363313031511401,1.034894259818731,,10000,Percentile donor bootstrap; small-control-cohort limitations apply.,,
scRNA_iDA_pooled,exclude_reference_donor,Spearman,WIPI2,7,28,0.14285714285714285,0.042692939244663386,-0.10016420361247946,-1.026825988031668,1.1102572218362474,,10000,Percentile donor bootstrap; small-control-cohort limitations apply.,,
scRNA_iDA_pooled,exclude_reference_donor,Spearman,ZFYVE21,7,28,-0.24999999999999997,-0.2807881773399015,-0.03078817733990155,-1.0104523310366054,0.8570466018403764,,10000,Percentile donor bootstrap; small-control-cohort limitations apply.,,
scRNA_iDA_pooled,exclude_reference_donor,pooled_nuisance_residualized,ATG10,7,28,0.30938646549991183,0.04806174532172644,-0.2613247201781854,-0.9227858378631538,0.7246759666945171,,10000,Percentile donor bootstrap. Pooled-residual sensitivity conditions on the fitted nuisance adjustment; not a fully refitted adjusted CI.,,
scRNA_iDA_pooled,exclude_reference_donor,pooled_nuisance_residualized,ATG12,7,28,0.6013618550047846,0.4681966392332614,-0.13316521577152318,-0.6730876332624866,1.2914432076272486,,10000,Percentile donor bootstrap. Pooled-residual sensitivity conditions on the fitted nuisance adjustment; not a fully refitted adjusted CI.,,
scRNA_iDA_pooled,exclude_reference_donor,pooled_nuisance_residualized,ATG13,7,28,-0.6140721965035569,-0.4694462878205963,0.14462590868296066,-0.4146451517812189,0.6846050147508945,,10000,Percentile donor bootstrap. Pooled-residual sensitivity conditions on the fitted nuisance adjustment; not a fully refitted adjusted CI.,,
scRNA_iDA_pooled,exclude_reference_donor,pooled_nuisance_residualized,ATG16L1,7,28,0.6562997010279813,0.40483892321233783,-0.25146077781564347,-0.7879359513632184,1.1667949485262796,,10000,Percentile donor bootstrap. Pooled-residual sensitivity conditions on the fitted nuisance adjustment; not a fully refitted adjusted CI.,,
scRNA_iDA_pooled,exclude_reference_donor,pooled_nuisance_residualized,ATG2A,7,28,-0.8845026375578218,-0.8006328862893553,0.08386975126846652,-0.6863164161785603,0.3265061673472536,,10000,Percentile donor bootstrap. Pooled-residual sensitivity conditions on the fitted nuisance adjustment; not a fully refitted adjusted CI.,,
scRNA_iDA_pooled,exclude_reference_donor,pooled_nuisance_residualized,ATG2B,7,28,-0.03482903361560193,0.09306112168208043,0.12789015529768236,-0.8515851955713815,1.0267511256283988,,10000,Percentile donor bootstrap. Pooled-residual sensitivity conditions on the fitted nuisance adjustment; not a fully refitted adjusted CI.,,
scRNA_iDA_pooled,exclude_reference_donor,pooled_nuisance_residualized,ATG3,7,28,0.08073284886324539,0.613231406772363,0.5324985579091176,-0.1487386105382883,1.4075331358145775,,10000,Percentile donor bootstrap. Pooled-residual sensitivity conditions on the fitted nuisance adjustment; not a fully refitted adjusted CI.,,
scRNA_iDA_pooled,exclude_reference_donor,pooled_nuisance_residualized,ATG4B,7,28,-0.7641342541031405,-0.1414015638373468,0.6227326902657937,-0.21243500712947347,1.111236302283886,,10000,Percentile donor bootstrap. Pooled-residual sensitivity conditions on the fitted nuisance adjustment; not a fully refitted adjusted CI.,,
scRNA_iDA_pooled,exclude_reference_donor,pooled_nuisance_residualized,ATG4C,7,28,0.5401686843638744,-0.07545502077513665,-0.6156237051390111,-1.2744232998087428,0.8302068906353094,,10000,Percentile donor bootstrap. Pooled-residual sensitivity conditions on the fitted nuisance adjustment; not a fully refitted adjusted CI.,,
scRNA_iDA_pooled,exclude_reference_donor,pooled_nuisance_residualized,ATG5,7,28,0.5276527947958618,0.23766361258365484,-0.28998918221220693,-0.9098412517205179,1.1419308792517344,,10000,Percentile donor bootstrap. Pooled-residual sensitivity conditions on the fitted nuisance adjustment; not a fully refitted adjusted CI.,,
scRNA_iDA_pooled,exclude_reference_donor,pooled_nuisance_residualized,ATG7,7,28,-0.7996623839957836,0.22335923414919506,1.0230216181449787,0.4362307400638219,1.4364526258036765,,10000,Percentile donor bootstrap. Pooled-residual sensitivity conditions on the fitted nuisance adjustment; not a fully refitted adjusted CI.,,
scRNA_iDA_pooled,exclude_reference_donor,pooled_nuisance_residualized,ATG9B,7,28,0.5757539041336875,0.5826165039481825,0.006862599814494996,-0.4324284107698082,1.0606324599913604,,10000,Percentile donor bootstrap. Pooled-residual sensitivity conditions on the fitted nuisance adjustment; not a fully refitted adjusted CI.,,
scRNA_iDA_pooled,exclude_reference_donor,pooled_nuisance_residualized,ATG101,7,28,0.6833756359180708,0.3571675155593142,-0.3262081203587566,-0.7877057649684661,0.6647852536438499,,10000,Percentile donor bootstrap. Pooled-residual sensitivity conditions on the fitted nuisance adjustment; not a fully refitted adjusted CI.,,
scRNA_iDA_pooled,exclude_reference_donor,pooled_nuisance_residualized,BCL2,7,28,0.3504279044679205,0.03270114724166058,-0.3177267572262599,-1.0152407665891916,0.8200973578049421,,10000,Percentile donor bootstrap. Pooled-residual sensitivity conditions on the fitted nuisance adjustment; not a fully refitted adjusted CI.,,
scRNA_iDA_pooled,exclude_reference_donor,pooled_nuisance_residualized,BECN1,7,28,-0.24157245571058442,0.25233288692747463,0.4939053426380591,-0.7562964412222143,1.3057004128493312,,10000,Percentile donor bootstrap. Pooled-residual sensitivity conditions on the fitted nuisance adjustment; not a fully refitted adjusted CI.,,
scRNA_iDA_pooled,exclude_reference_donor,pooled_nuisance_residualized,CALCOCO2,7,28,-0.9201731608659771,-0.5613642470041909,0.35880891386178626,0.09845482277610366,0.7295483060929554,,10000,Percentile donor bootstrap. Pooled-residual sensitivity conditions on the fitted nuisance adjustment; not a fully refitted adjusted CI.,,
scRNA_iDA_pooled,exclude_reference_donor,pooled_nuisance_residualized,CLEC16A,7,28,0.24218655938849637,0.34222589332907377,0.1000393339405774,-0.6524062851543969,1.107193851707473,,10000,Percentile donor bootstrap. Pooled-residual sensitivity conditions on the fitted nuisance adjustment; not a fully refitted adjusted CI.,,
scRNA_iDA_pooled,exclude_reference_donor,pooled_nuisance_residualized,CTNS,7,28,-0.11449090173005756,0.2521742068978971,0.36666510862795465,-0.6029335887928056,1.0360107263243223,,10000,Percentile donor bootstrap. Pooled-residual sensitivity conditions on the fitted nuisance adjustment; not a fully refitted adjusted CI.,,
scRNA_iDA_pooled,exclude_reference_donor,pooled_nuisance_residualized,EPG5,7,28,0.366911277891362,0.4000094173592079,0.0330981394678459,-0.672209366075348,1.3260755527423358,,10000,Percentile donor bootstrap. Pooled-residual sensitivity conditions on the fitted nuisance adjustment; not a fully refitted adjusted CI.,,
scRNA_iDA_pooled,exclude_reference_donor,pooled_nuisance_residualized,GRN,7,28,-0.832134339284909,-0.5031501597146555,0.3289841795702535,-0.633357557504144,0.7481690049397723,,10000,Percentile donor bootstrap. Pooled-residual sensitivity conditions on the fitted nuisance adjustment; not a fully refitted adjusted CI.,,
scRNA_iDA_pooled,exclude_reference_donor,pooled_nuisance_residualized,GABARAP,7,28,-0.5060425847340894,-0.019160699537587235,0.4868818851965021,-0.052617537255833825,1.0894092044194992,,10000,Percentile donor bootstrap. Pooled-residual sensitivity conditions on the fitted nuisance adjustment; not a fully refitted adjusted CI.,,
scRNA_iDA_pooled,exclude_reference_donor,pooled_nuisance_residualized,GABARAPL1,7,28,0.5680974324290226,0.3520654898412616,-0.21603194258776093,-0.745467286480609,0.46221698332564737,,10000,Percentile donor bootstrap. Pooled-residual sensitivity conditions on the fitted nuisance adjustment; not a fully refitted adjusted CI.,,
scRNA_iDA_pooled,exclude_reference_donor,pooled_nuisance_residualized,GABARAPL2,7,28,0.6502232033930474,0.14240638533925107,-0.5078168180537963,-0.9488254582386672,0.9533038592544316,,10000,Percentile donor bootstrap. Pooled-residual sensitivity conditions on the fitted nuisance adjustment; not a fully refitted adjusted CI.,,
scRNA_iDA_pooled,exclude_reference_donor,pooled_nuisance_residualized,LAMP2,7,28,-0.7437994778407533,-0.44504289481701653,0.29875658302373675,-0.1980965163307718,0.7831160156562739,,10000,Percentile donor bootstrap. Pooled-residual sensitivity conditions on the fitted nuisance adjustment; not a fully refitted adjusted CI.,,
scRNA_iDA_pooled,exclude_reference_donor,pooled_nuisance_residualized,MAP1LC3A,7,28,0.6379282886013848,0.47120135702902505,-0.1667269315723598,-0.6630416250105844,1.0818227749565956,,10000,Percentile donor bootstrap. Pooled-residual sensitivity conditions on the fitted nuisance adjustment; not a fully refitted adjusted CI.,,
scRNA_iDA_pooled,exclude_reference_donor,pooled_nuisance_residualized,MAP1LC3B,7,28,0.9796449240577482,0.7552207117983547,-0.22442421225939346,-0.4562230302562996,-0.06486904288361722,,10000,Percentile donor bootstrap. Pooled-residual sensitivity conditions on the fitted nuisance adjustment; not a fully refitted adjusted CI.,,
scRNA_iDA_pooled,exclude_reference_donor,pooled_nuisance_residualized,NBR1,7,28,-0.7803632738354087,-0.5234545970131768,0.25690867682223195,-0.08348731873474703,0.6944936132336337,,10000,Percentile donor bootstrap. Pooled-residual sensitivity conditions on the fitted nuisance adjustment; not a fully refitted adjusted CI.,,
scRNA_iDA_pooled,exclude_reference_donor,pooled_nuisance_residualized,OPTN,7,28,0.862052987285741,0.7111462400267736,-0.15090674725896736,-0.4309976954994359,0.5725625823081848,,10000,Percentile donor bootstrap. Pooled-residual sensitivity conditions on the fitted nuisance adjustment; not a fully refitted adjusted CI.,,
scRNA_iDA_pooled,exclude_reference_donor,pooled_nuisance_residualized,PRKN,7,28,-0.23833008370136455,-0.007122768233963579,0.23120731546740098,-0.6303118210260754,0.962105824982036,,10000,Percentile donor bootstrap. Pooled-residual sensitivity conditions on the fitted nuisance adjustment; not a fully refitted adjusted CI.,,
scRNA_iDA_pooled,exclude_reference_donor,pooled_nuisance_residualized,PIK3R4,7,28,-0.8544958631762719,-0.24947783672397827,0.6050180264522936,0.14545519307787344,1.0391546293071856,,10000,Percentile donor bootstrap. Pooled-residual sensitivity conditions on the fitted nuisance adjustment; not a fully refitted adjusted CI.,,
scRNA_iDA_pooled,exclude_reference_donor,pooled_nuisance_residualized,PINK1,7,28,0.7177383099130132,0.5952821727722035,-0.12245613714080972,-0.5301276539242502,1.1538977480078636,,10000,Percentile donor bootstrap. Pooled-residual sensitivity conditions on the fitted nuisance adjustment; not a fully refitted adjusted CI.,,
scRNA_iDA_pooled,exclude_reference_donor,pooled_nuisance_residualized,RB1CC1,7,28,-0.21442681153176332,0.24467027268051753,0.45909708421228085,-0.6140873234649116,1.3298197055933212,,10000,Percentile donor bootstrap. Pooled-residual sensitivity conditions on the fitted nuisance adjustment; not a fully refitted adjusted CI.,,
scRNA_iDA_pooled,exclude_reference_donor,pooled_nuisance_residualized,SNX14,7,28,-0.24344768230438626,-0.0021188644388656346,0.24132881786552063,-0.8626262195404678,1.0529675131640648,,10000,Percentile donor bootstrap. Pooled-residual sensitivity conditions on the fitted nuisance adjustment; not a fully refitted adjusted CI.,,
scRNA_iDA_pooled,exclude_reference_donor,pooled_nuisance_residualized,SNX30,7,28,0.5163203647178636,0.389503882019261,-0.12681648269860257,-0.692210972993899,1.3766682965883055,,10000,Percentile donor bootstrap. Pooled-residual sensitivity conditions on the fitted nuisance adjustment; not a fully refitted adjusted CI.,,
scRNA_iDA_pooled,exclude_reference_donor,pooled_nuisance_residualized,SNX4,7,28,0.43854191507437124,0.4125364134835775,-0.026005501590793734,-0.6511514048560335,1.1960775071636087,,10000,Percentile donor bootstrap. Pooled-residual sensitivity conditions on the fitted nuisance adjustment; not a fully refitted adjusted CI.,,
scRNA_iDA_pooled,exclude_reference_donor,pooled_nuisance_residualized,SQSTM1,7,28,0.1893564146709495,-0.32257320926300814,-0.5119296239339577,-1.4594756739528019,0.7399806558576845,,10000,Percentile donor bootstrap. Pooled-residual sensitivity conditions on the fitted nuisance adjustment; not a fully refitted adjusted CI.,,
scRNA_iDA_pooled,exclude_reference_donor,pooled_nuisance_residualized,SPG11,7,28,0.14310121455208977,-0.2518642970922302,-0.3949655116443199,-1.3426532236081594,0.7582674339154634,,10000,Percentile donor bootstrap. Pooled-residual sensitivity conditions on the fitted nuisance adjustment; not a fully refitted adjusted CI.,,
scRNA_iDA_pooled,exclude_reference_donor,pooled_nuisance_residualized,TOLLIP,7,28,0.688760060028756,0.5067837620396901,-0.1819762979890659,-0.6016075638533301,0.9941858416166961,,10000,Percentile donor bootstrap. Pooled-residual sensitivity conditions on the fitted nuisance adjustment; not a fully refitted adjusted CI.,,
scRNA_iDA_pooled,exclude_reference_donor,pooled_nuisance_residualized,UVRAG,7,28,0.7661935568306664,0.13252507664782776,-0.6336684801828386,-1.0391233213469975,0.5572261222378908,,10000,Percentile donor bootstrap. Pooled-residual sensitivity conditions on the fitted nuisance adjustment; not a fully refitted adjusted CI.,,
scRNA_iDA_pooled,exclude_reference_donor,pooled_nuisance_residualized,WDR45,7,28,0.5528185291071279,0.2895031073189647,-0.2633154217881632,-0.9121707284098657,0.5377944850057014,,10000,Percentile donor bootstrap. Pooled-residual sensitivity conditions on the fitted nuisance adjustment; not a fully refitted adjusted CI.,,
scRNA_iDA_pooled,exclude_reference_donor,pooled_nuisance_residualized,WIPI1,7,28,-0.6909875484949212,-0.12792494999145484,0.5630625985034663,-0.9558782362128881,1.0050702717011808,,10000,Percentile donor bootstrap. Pooled-residual sensitivity conditions on the fitted nuisance adjustment; not a fully refitted adjusted CI.,,
scRNA_iDA_pooled,exclude_reference_donor,pooled_nuisance_residualized,WIPI2,7,28,-0.3434713417324341,0.04093794163327229,0.3844092833657064,-0.48540945906998556,1.2202868615367475,,10000,Percentile donor bootstrap. Pooled-residual sensitivity conditions on the fitted nuisance adjustment; not a fully refitted adjusted CI.,,
scRNA_iDA_pooled,exclude_reference_donor,pooled_nuisance_residualized,ZFYVE21,7,28,0.14594395089374163,-0.3504008060180009,-0.4963447569117425,-1.1788511824854178,0.37320315932927567,,10000,Percentile donor bootstrap. Pooled-residual sensitivity conditions on the fitted nuisance adjustment; not a fully refitted adjusted CI.,,
scRNA_Ependymal,primary,Pearson,ATG10,6,25,-0.1857376323302792,-0.2691658744204534,-0.08342824209017421,-1.1621592057526904,0.7903679114542707,0.8862451924136152,9998,Percentile donor bootstrap; small-control-cohort limitations apply.,0.957953402165375,0.9922092915065475
scRNA_Ependymal,primary,Pearson,ATG12,6,25,-0.05746094946751517,-0.30129147697129144,-0.24383052750377626,-1.2467567390576924,0.6846164090212205,0.6805220865189805,9998,Percentile donor bootstrap; small-control-cohort limitations apply.,0.943394448963998,0.9731315395023393
scRNA_Ependymal,primary,Pearson,ATG13,6,25,0.031596790212481886,-0.00084084226493771,-0.0324376324774196,-1.0478166093700045,1.0390229635062664,0.9579534021653751,9998,Percentile donor bootstrap; small-control-cohort limitations apply.,0.957953402165375,0.9974189108758099
scRNA_Ependymal,primary,Pearson,ATG16L1,6,25,0.6494647423637567,0.22659767370629974,-0.422867068657457,-0.9479875787359057,0.7631154825404551,0.37695241068705543,9998,Percentile donor bootstrap; small-control-cohort limitations apply.,0.8226712831148925,0.9023729489886372
scRNA_Ependymal,primary,Pearson,ATG2A,6,25,-0.02813594275954053,-0.2673227157648558,-0.23918677300531524,-1.315080919780078,0.7894673954835301,0.6895731398669354,9998,Percentile donor bootstrap; small-control-cohort limitations apply.,0.943394448963998,0.9731315395023393
scRNA_Ependymal,primary,Pearson,ATG2B,6,25,0.7173657398983841,-0.18956491325281724,-0.9069306531512014,-1.3737015471776335,-0.08249939837860175,0.07545749562412675,9998,Percentile donor bootstrap; small-control-cohort limitations apply.,0.64893446236749,0.7473194278158707
scRNA_Ependymal,primary,Pearson,ATG3,6,25,-0.7128962266036657,-0.17809085708393438,0.5348053695197313,-0.4844043152738606,0.993302700628518,0.24663963140507805,9998,Percentile donor bootstrap; small-control-cohort limitations apply.,0.8226712831148925,0.8970249515146085
scRNA_Ependymal,primary,Pearson,ATG4B,6,25,-0.18405750084913228,0.11342162548108309,0.29747912633021534,-0.9495402390911927,1.1196810137963775,0.6258401302153118,9998,Percentile donor bootstrap; small-control-cohort limitations apply.,0.943394448963998,0.9587202768421428
scRNA_Ependymal,primary,Pearson,ATG4C,6,25,0.4447353020121634,-0.18218404505761504,-0.6269193470697785,-1.3495427941301927,0.7364171515584417,0.2818351253411756,9998,Percentile donor bootstrap; small-control-cohort limitations apply.,0.8226712831148925,0.8970249515146085
scRNA_Ependymal,primary,Pearson,ATG5,6,25,0.3970842887432791,-0.29992767530576514,-0.6970119640490442,-1.4779229424490803,0.8195696968820663,0.23582112454717308,9998,Percentile donor bootstrap; small-control-cohort limitations apply.,0.8226712831148925,0.8970249515146085
scRNA_Ependymal,primary,Pearson,ATG7,6,25,-0.12158564455117511,0.48467803028157974,0.6062636748327549,-0.941268084860704,1.5173405381441711,0.2899689111250041,9998,Percentile donor bootstrap; small-control-cohort limitations apply.,0.8226712831148925,0.8970249515146085
scRNA_Ependymal,primary,Pearson,ATG9B,6,25,0.2458620352618847,0.3630312850348137,0.117169249772929,-0.7417693725605431,1.4102991379075318,0.8335116490182584,9998,Percentile donor bootstrap; small-control-cohort limitations apply.,0.957953402165375,0.9922092915065475
scRNA_Ependymal,primary,Pearson,ATG101,6,25,-0.9565215878796347,0.019677778772880385,0.976199366652515,0.6247197436265534,1.3750527555284913,0.001780947660248553,9998,Percentile donor bootstrap; small-control-cohort limitations apply.,0.07658074939068778,0.2292970112570012
scRNA_Ependymal,primary,Pearson,BCL2,6,25,-0.8669887546962006,-0.5462374632943947,0.3207512914018059,-0.2090122636565664,0.6366006131995965,0.25011359173945635,9998,Percentile donor bootstrap; small-control-cohort limitations apply.,0.8226712831148925,0.8970249515146085
scRNA_Ependymal,primary,Pearson,BECN1,6,25,0.6665271052063791,0.1444056272651508,-0.5221214779412283,-1.0838152165081507,0.6083094096810999,0.28424927866874183,9998,Percentile donor bootstrap; small-control-cohort limitations apply.,0.8226712831148925,0.8970249515146085
scRNA_Ependymal,primary,Pearson,CALCOCO2,6,25,-0.976286757617585,-0.6141310362684245,0.3621557213491605,0.12032735041564582,0.7137681927174867,0.015072988298420829,9998,Percentile donor bootstrap; small-control-cohort limitations apply.,0.32406924841604784,0.4395772659922635
scRNA_Ependymal,primary,Pearson,CLEC16A,6,25,0.8196266901338635,-0.017468809953997008,-0.8370955000878605,-1.1804428883077265,0.96564309151904,0.05663172547167074,9998,Percentile donor bootstrap; small-control-cohort limitations apply.,0.6087910488204604,0.7473194278158707
scRNA_Ependymal,primary,Pearson,CTNS,6,25,0.2899593731358236,0.46865901300058577,0.17869963986476217,-0.7272834242924752,1.5383390168184956,0.7331554122852576,9998,Percentile donor bootstrap; small-control-cohort limitations apply.,0.955323719038366,0.9731315395023393
scRNA_Ependymal,primary,Pearson,EPG5,6,25,0.4954209006119178,-0.04939180365838757,-0.5448127042703054,-1.182945696071112,0.9397532074885007,0.33557550580649365,9998,Percentile donor bootstrap; small-control-cohort limitations apply.,0.8226712831148925,0.9023729489886372
scRNA_Ependymal,primary,Pearson,GRN,6,25,0.3719681439666062,-0.14191183700628396,-0.5138799809728902,-1.2924154793285425,0.9635997354948399,0.3859598998052106,9998,Percentile donor bootstrap; small-control-cohort limitations apply.,0.8226712831148925,0.9023729489886372
scRNA_Ependymal,primary,Pearson,GABARAP,6,25,-0.6076258549975098,-0.1364088703758149,0.47121698462169487,-0.43743573147994613,1.1098586834214264,0.3561620016777801,9998,Percentile donor bootstrap; small-control-cohort limitations apply.,0.8226712831148925,0.9023729489886372
scRNA_Ependymal,primary,Pearson,GABARAPL1,6,25,0.5347726001328915,0.34641896327723953,-0.18835363685565198,-0.8721368984219227,0.8904028593074351,0.7020609852755334,9998,Percentile donor bootstrap; small-control-cohort limitations apply.,0.943394448963998,0.9731315395023393
scRNA_Ependymal,primary,Pearson,GABARAPL2,6,25,-0.023354665603069365,-0.4925323964896716,-0.46917773088660225,-1.6300677569068323,0.5993426694433798,0.40176969640494753,9998,Percentile donor bootstrap; small-control-cohort limitations apply.,0.8226712831148925,0.9023729489886372
scRNA_Ependymal,primary,Pearson,LAMP2,6,25,0.29738377222122137,-0.367390068317952,-0.6647738405391734,-1.4141577567294916,0.7021693219980929,0.26082318417057304,9998,Percentile donor bootstrap; small-control-cohort limitations apply.,0.8226712831148925,0.8970249515146085
scRNA_Ependymal,primary,Pearson,MAP1LC3A,6,25,-0.3243931324043961,-0.24059167568089224,0.08380145672350386,-1.037762746526636,0.9646731300281218,0.8822666198796882,9998,Percentile donor bootstrap; small-control-cohort limitations apply.,0.957953402165375,0.9922092915065475
scRNA_Ependymal,primary,Pearson,MAP1LC3B,6,25,-0.1688020948713437,-0.06745046699872631,0.1013516278726174,-1.14760617765569,0.9740344819204371,0.8672435672429033,9998,Percentile donor bootstrap; small-control-cohort limitations apply.,0.957953402165375,0.9922092915065475
scRNA_Ependymal,primary,Pearson,NBR1,6,25,-0.004569018692857523,0.06419012251009461,0.06875914120295214,-1.0143186018289816,1.2552315287380142,0.9109312138508583,9998,Percentile donor bootstrap; small-control-cohort limitations apply.,0.957953402165375,0.9974189108758099
scRNA_Ependymal,primary,Pearson,OPTN,6,25,0.49629929890541663,0.45979789330112114,-0.03650140560429549,-0.7748864917224011,1.0089377630254688,0.9387026653349804,9998,Percentile donor bootstrap; small-control-cohort limitations apply.,0.957953402165375,0.9974189108758099
scRNA_Ependymal,primary,Pearson,PRKN,6,25,-0.8705169807202606,-0.11966848385532033,0.7508484968649403,0.372159016904183,1.1450276679991516,0.04837204536121704,9998,Percentile donor bootstrap; small-control-cohort limitations apply.,0.6087910488204604,0.7473194278158707
scRNA_Ependymal,primary,Pearson,PIK3R4,6,25,0.28382231267944014,-0.19457026335369185,-0.478392576033132,-1.1973923776959616,0.6386655163501207,0.4269645900149621,9998,Percentile donor bootstrap; small-control-cohort limitations apply.,0.8263010697566276,0.9023729489886372
scRNA_Ependymal,primary,Pearson,PINK1,6,25,-0.31527709903938717,0.2515874051758814,0.5668645042152686,-0.6141285596038637,1.3619729884456775,0.3430903296469836,9998,Percentile donor bootstrap; small-control-cohort limitations apply.,0.8226712831148925,0.9023729489886372
scRNA_Ependymal,primary,Pearson,RB1CC1,6,25,-0.31410282545105517,0.12362511661025294,0.4377279420613081,-0.7339699394816094,1.207800601074789,0.4653229790614185,9998,Percentile donor bootstrap; small-control-cohort limitations apply.,0.8263010697566276,0.9060280057488495
scRNA_Ependymal,primary,Pearson,SNX14,6,25,0.06571954765478659,-0.10921112353882344,-0.17493067119361003,-1.2194925108721881,0.8443313605215368,0.7755725891775416,9998,Percentile donor bootstrap; small-control-cohort limitations apply.,0.957953402165375,0.9900907376036139
scRNA_Ependymal,primary,Pearson,SNX30,6,25,0.30510360236191136,-0.11859754569235215,-0.4237011480542635,-1.232979019968758,0.6920550388057946,0.4804075986957138,9998,Percentile donor bootstrap; small-control-cohort limitations apply.,0.8263010697566276,0.9060280057488495
scRNA_Ependymal,primary,Pearson,SNX4,6,25,-0.6265460187105525,-0.4415315596949688,0.18501445901558367,-1.5426172061664545,0.7043534637663849,0.6708265400563909,9998,Percentile donor bootstrap; small-control-cohort limitations apply.,0.943394448963998,0.9709463841941999
scRNA_Ependymal,primary,Pearson,SQSTM1,6,25,0.485419659149323,-0.1543101983140015,-0.6397298574633246,-1.2982863556087572,0.7703410508179981,0.26529058699535846,9998,Percentile donor bootstrap; small-control-cohort limitations apply.,0.8226712831148925,0.8970249515146085
scRNA_Ependymal,primary,Pearson,SPG11,6,25,-0.6354823179074359,-0.0262927925430807,0.6091895253643552,-0.7328677081677655,1.2410191823105272,0.23928195878419245,9998,Percentile donor bootstrap; small-control-cohort limitations apply.,0.8226712831148925,0.8970249515146085
scRNA_Ependymal,primary,Pearson,TOLLIP,6,25,-0.08744552341894697,-0.1437582626401916,-0.05631273922124462,-1.066011925980304,0.8671629991444774,0.9260919382681803,9998,Percentile donor bootstrap; small-control-cohort limitations apply.,0.957953402165375,0.9974189108758099
scRNA_Ependymal,primary,Pearson,UVRAG,6,25,0.4774809597879242,0.14789194974593212,-0.3295890100419921,-1.0129346343162797,0.9653570592129034,0.5469294369283362,9998,Percentile donor bootstrap; small-control-cohort limitations apply.,0.9045371456891714,0.926541644796359
scRNA_Ependymal,primary,Pearson,WDR45,6,25,-0.293042873819564,0.16268680484483738,0.4557296786644014,-0.7683405903595997,1.2536937865406235,0.44891770253610586,9998,Percentile donor bootstrap; small-control-cohort limitations apply.,0.8263010697566276,0.9060280057488495
scRNA_Ependymal,primary,Pearson,WIPI1,6,25,0.18517195827998673,0.22524802358105794,0.04007606530107122,-0.9339755844768467,1.0519256889585948,0.945793813294263,9998,Percentile donor bootstrap; small-control-cohort limitations apply.,0.957953402165375,0.9974189108758099
scRNA_Ependymal,primary,Pearson,WIPI2,6,25,-0.4106260292797451,-0.09310501992274395,0.31752100935700117,-0.8437807520968729,1.149287793012468,0.5773290362843251,9998,Percentile donor bootstrap; small-control-cohort limitations apply.,0.9194499466750363,0.9436456631828799
scRNA_Ependymal,primary,Pearson,ZFYVE21,6,25,-0.5096056848842627,0.06216272400527565,0.5717684088895384,-0.5702977476192083,1.1988729766602397,0.31029899552797147,9998,Percentile donor bootstrap; small-control-cohort limitations apply.,0.8226712831148925,0.8970249515146085
scRNA_Ependymal,primary,Spearman,ATG10,6,25,0.08571428571428572,-0.2617780129916713,-0.347492298705957,-1.328646159415705,0.7923081602472183,,9998,Percentile donor bootstrap; small-control-cohort limitations apply.,,
scRNA_Ependymal,primary,Spearman,ATG12,6,25,0.08571428571428572,-0.32741556787158893,-0.4131298535858746,-1.4601002276943087,0.7662574290551549,,9998,Percentile donor bootstrap; small-control-cohort limitations apply.,,
scRNA_Ependymal,primary,Spearman,ATG13,6,25,0.02857142857142857,-0.0810816854398982,-0.10965311401132677,-1.1422783502198757,1.107582197144324,,9998,Percentile donor bootstrap; small-control-cohort limitations apply.,,
scRNA_Ependymal,primary,Spearman,ATG16L1,6,25,0.7142857142857143,0.19227942547175858,-0.5220062888139557,-1.0498634073113535,0.5013289134086466,,9998,Percentile donor bootstrap; small-control-cohort limitations apply.,,
scRNA_Ependymal,primary,Spearman,ATG2A,6,25,-0.08571428571428572,-0.2586891868796752,-0.17297490116538947,-1.2833334149911388,0.8534090893758443,,9998,Percentile donor bootstrap; small-control-cohort limitations apply.,,
scRNA_Ependymal,primary,Spearman,ATG2B,6,25,0.7142857142857143,-0.1976848711677518,-0.9119705854534661,-1.4695349863804212,0.1870581934594106,,9998,Percentile donor bootstrap; small-control-cohort limitations apply.,,
scRNA_Ependymal,primary,Spearman,ATG3,6,25,-0.7714285714285715,-0.1498080664318119,0.6216205049967596,-0.32074819010107175,1.1620475851556615,,9998,Percentile donor bootstrap; small-control-cohort limitations apply.,,
scRNA_Ependymal,primary,Spearman,ATG4B,6,25,0.08571428571428572,0.24247284979169556,0.15675856407740985,-0.8317272842680945,1.205254019016779,,9998,Percentile donor bootstrap; small-control-cohort limitations apply.,,
scRNA_Ependymal,primary,Spearman,ATG4C,6,25,0.6,-0.11196994655985941,-0.7119699465598593,-1.3801244572411482,0.6764317936087145,,9998,Percentile donor bootstrap; small-control-cohort limitations apply.,,
scRNA_Ependymal,primary,Spearman,ATG5,6,25,0.08571428571428572,-0.11505877267185553,-0.20077305838614123,-1.2790663178267918,1.0091033715424462,,9998,Percentile donor bootstrap; small-control-cohort limitations apply.,,
scRNA_Ependymal,primary,Spearman,ATG7,6,25,0.08571428571428572,0.2764499370236529,0.19073565130936718,-0.9704024624958639,1.2496865612090813,,9998,Percentile donor bootstrap; small-control-cohort limitations apply.,,
scRNA_Ependymal,primary,Spearman,ATG9B,6,25,0.2571428571428571,0.44436070109224896,0.18721784394939184,-0.7074311774038143,1.4498224607371384,,9998,Percentile donor bootstrap; small-control-cohort limitations apply.,,
scRNA_Ependymal,primary,Spearman,ATG101,6,25,-1.0,0.05559887001593019,1.0555988700159302,0.6710204260645921,1.430994795375837,,9998,Percentile donor bootstrap; small-control-cohort limitations apply.,,
scRNA_Ependymal,primary,Spearman,BCL2,6,25,-0.8857142857142857,-0.5498110479353097,0.335903237778976,-0.3972090719354685,0.7288898246987106,,9998,Percentile donor bootstrap; small-control-cohort limitations apply.,,
scRNA_Ependymal,primary,Spearman,BECN1,6,25,0.5428571428571428,0.10270346822387105,-0.44015367463327176,-1.1463488591025546,0.84954876515011,,9998,Percentile donor bootstrap; small-control-cohort limitations apply.,,
scRNA_Ependymal,primary,Spearman,CALCOCO2,6,25,-0.9428571428571428,-0.5737494503032796,0.3691076925538632,-0.19743829033729132,0.7907024113206197,,9998,Percentile donor bootstrap; small-control-cohort limitations apply.,,
scRNA_Ependymal,primary,Spearman,CLEC16A,6,25,0.5428571428571428,0.10810891391986427,-0.43474822893727855,-1.1250561635022736,0.8404060865576625,,9998,Percentile donor bootstrap; small-control-cohort limitations apply.,,
scRNA_Ependymal,primary,Spearman,CTNS,6,25,0.2571428571428571,0.3830144378875191,0.12587158074466198,-0.8041834252503469,1.3798920900471217,,9998,Percentile donor bootstrap; small-control-cohort limitations apply.,,
scRNA_Ependymal,primary,Spearman,EPG5,6,25,0.14285714285714285,-0.03320488070395831,-0.17606202356110115,-1.1599967541006775,1.0535508215635991,,9998,Percentile donor bootstrap; small-control-cohort limitations apply.,,
scRNA_Ependymal,primary,Spearman,GRN,6,25,0.4857142857142857,-0.14749144684781482,-0.6332057325621006,-1.3805111577546378,0.8602042011205494,,9998,Percentile donor bootstrap; small-control-cohort limitations apply.,,
scRNA_Ependymal,primary,Spearman,GABARAP,6,25,-0.6571428571428571,-0.0833983050238953,0.5737445521189618,-0.6349631324694532,1.2401183658390653,,9998,Percentile donor bootstrap; small-control-cohort limitations apply.,,
scRNA_Ependymal,primary,Spearman,GABARAPL1,6,25,0.6,0.5274170586233378,-0.07258294137666221,-0.7056766824527372,1.1504653231207178,,9998,Percentile donor bootstrap; small-control-cohort limitations apply.,,
scRNA_Ependymal,primary,Spearman,GABARAPL2,6,25,0.37142857142857144,-0.42625800345546483,-0.7976865748840363,-1.6216974255255963,0.4743667511732437,,9998,Percentile donor bootstrap; small-control-cohort limitations apply.,,
scRNA_Ependymal,primary,Spearman,LAMP2,6,25,0.08571428571428572,-0.3505817637115598,-0.43629604942584554,-1.4073102178431423,0.6704065248408436,,9998,Percentile donor bootstrap; small-control-cohort limitations apply.,,
scRNA_Ependymal,primary,Spearman,MAP1LC3A,6,25,-0.3142857142857143,-0.19459604505575567,0.1196896692299586,-1.0242750021321916,1.07961012269904,,9998,Percentile donor bootstrap; small-control-cohort limitations apply.,,
scRNA_Ependymal,primary,Spearman,MAP1LC3B,6,25,0.37142857142857144,-0.005405445695993213,-0.37683401712456466,-1.215809843454535,0.8801938151129772,,9998,Percentile donor bootstrap; small-control-cohort limitations apply.,,
scRNA_Ependymal,primary,Spearman,NBR1,6,25,-0.08571428571428572,0.24633388243169071,0.33204816814597643,-0.7369436713704243,1.449671228075426,,9998,Percentile donor bootstrap; small-control-cohort limitations apply.,,
scRNA_Ependymal,primary,Spearman,OPTN,6,25,0.42857142857142855,0.4378411013754503,0.009269672804021745,-0.8718547169358094,1.2500048372372283,,9998,Percentile donor bootstrap; small-control-cohort limitations apply.,,
scRNA_Ependymal,primary,Spearman,PRKN,6,25,-0.8857142857142857,-0.21162528975678363,0.674088995957502,-0.0740131061668035,1.1326641283633192,,9998,Percentile donor bootstrap; small-control-cohort limitations apply.,,
scRNA_Ependymal,primary,Spearman,PIK3R4,6,25,0.08571428571428572,-0.20617914297574114,-0.2918934286900269,-1.2312713514331357,0.752276028309917,,9998,Percentile donor bootstrap; small-control-cohort limitations apply.,,
scRNA_Ependymal,primary,Spearman,PINK1,6,25,-0.2,0.2386118171517004,0.4386118171517004,-0.7224305183200443,1.431963111119555,,9998,Percentile donor bootstrap; small-control-cohort limitations apply.,,
scRNA_Ependymal,primary,Spearman,RB1CC1,6,25,-0.2571428571428571,0.2308897518717101,0.48803260901456724,-0.7725344350459755,1.3665520907614654,,9998,Percentile donor bootstrap; small-control-cohort limitations apply.,,
scRNA_Ependymal,primary,Spearman,SNX14,6,25,0.02857142857142857,-0.1853295667197673,-0.21390099529119588,-1.1229695986556476,0.8999845722361945,,9998,Percentile donor bootstrap; small-control-cohort limitations apply.,,
scRNA_Ependymal,primary,Spearman,SNX30,6,25,0.3142857142857143,-0.18224074060777118,-0.49652645489348546,-1.3116293681939917,0.7016009633301902,,9998,Percentile donor bootstrap; small-control-cohort limitations apply.,,
scRNA_Ependymal,primary,Spearman,SNX4,6,25,-0.37142857142857144,-0.4123582859514823,-0.04092971452291083,-1.55013802103601,0.6107815990633466,,9998,Percentile donor bootstrap; small-control-cohort limitations apply.,,
scRNA_Ependymal,primary,Spearman,SQSTM1,6,25,0.08571428571428572,-0.19150721894375955,-0.2772215046580453,-1.2648669370680148,0.8562292248981695,,9998,Percentile donor bootstrap; small-control-cohort limitations apply.,,
scRNA_Ependymal,primary,Spearman,SPG11,6,25,-0.6,-0.010810891391986426,0.5891891086080135,-0.7489957308890279,1.304978801983363,,9998,Percentile donor bootstrap; small-control-cohort limitations apply.,,
scRNA_Ependymal,primary,Spearman,TOLLIP,6,25,0.02857142857142857,-0.19382383852775664,-0.22239526709918522,-1.2343650394883678,0.9800973013606782,,9998,Percentile donor bootstrap; small-control-cohort limitations apply.,,
scRNA_Ependymal,primary,Spearman,UVRAG,6,25,0.08571428571428572,0.1544413055998061,0.06872701988552038,-0.9740070783298936,1.1965865782338025,,9998,Percentile donor bootstrap; small-control-cohort limitations apply.,,
scRNA_Ependymal,primary,Spearman,WDR45,6,25,0.08571428571428572,0.13127510975983517,0.04556082404554945,-0.9981745046828819,1.189936474905095,,9998,Percentile donor bootstrap; small-control-cohort limitations apply.,,
scRNA_Ependymal,primary,Spearman,WIPI1,6,25,0.42857142857142855,0.2177622408957266,-0.21080918767570195,-1.0313420311210595,1.0707789276221638,,9998,Percentile donor bootstrap; small-control-cohort limitations apply.,,
scRNA_Ependymal,primary,Spearman,WIPI2,6,25,-0.08571428571428572,-0.026255021951967036,0.05945926376231868,-1.005556037177382,1.2403086253324955,,9998,Percentile donor bootstrap; small-control-cohort limitations apply.,,
scRNA_Ependymal,primary,Spearman,ZFYVE21,6,25,-0.08571428571428572,0.1142865661438565,0.2000008518581422,-0.8550448071645498,1.165838580299942,,9998,Percentile donor bootstrap; small-control-cohort limitations apply.,,
scRNA_Ependymal,primary,pooled_nuisance_residualized,ATG10,6,25,-0.6756011974767251,-0.30507950193941247,0.3705216955373126,-1.0814400568302776,0.8725701747704389,,9998,Percentile donor bootstrap. Pooled-residual sensitivity conditions on the fitted nuisance adjustment; not a fully refitted adjusted CI.,,
scRNA_Ependymal,primary,pooled_nuisance_residualized,ATG12,6,25,-0.29752372960580425,-0.1740501191398207,0.12347361046598354,-0.824564388947893,0.9310695338757699,,9998,Percentile donor bootstrap. Pooled-residual sensitivity conditions on the fitted nuisance adjustment; not a fully refitted adjusted CI.,,
scRNA_Ependymal,primary,pooled_nuisance_residualized,ATG13,6,25,-0.5718440743921341,0.31212400439459204,0.8839680787867261,-0.11115651929332507,1.409002448666816,,9998,Percentile donor bootstrap. Pooled-residual sensitivity conditions on the fitted nuisance adjustment; not a fully refitted adjusted CI.,,
scRNA_Ependymal,primary,pooled_nuisance_residualized,ATG16L1,6,25,0.7319084365673532,0.33793049169428635,-0.3939779448730668,-0.9042022994640369,1.173987168681009,,9998,Percentile donor bootstrap. Pooled-residual sensitivity conditions on the fitted nuisance adjustment; not a fully refitted adjusted CI.,,
scRNA_Ependymal,primary,pooled_nuisance_residualized,ATG2A,6,25,-0.28028937696222217,-0.25230355334336585,0.02798582361885632,-1.1798494477770989,0.8686119479668502,,9998,Percentile donor bootstrap. Pooled-residual sensitivity conditions on the fitted nuisance adjustment; not a fully refitted adjusted CI.,,
scRNA_Ependymal,primary,pooled_nuisance_residualized,ATG2B,6,25,-0.030721970377274945,-0.2361143150831041,-0.20539234470582915,-1.1912773092508286,0.7937426087850905,,9998,Percentile donor bootstrap. Pooled-residual sensitivity conditions on the fitted nuisance adjustment; not a fully refitted adjusted CI.,,
scRNA_Ependymal,primary,pooled_nuisance_residualized,ATG3,6,25,-0.96458427443949,-0.12082323758052323,0.8437610368589668,0.3389710037006118,1.1491284284955525,,9998,Percentile donor bootstrap. Pooled-residual sensitivity conditions on the fitted nuisance adjustment; not a fully refitted adjusted CI.,,
scRNA_Ependymal,primary,pooled_nuisance_residualized,ATG4B,6,25,-0.05905913834564204,0.18407916832495375,0.24313830667059577,-0.9235386388991849,1.1684160564541732,,9998,Percentile donor bootstrap. Pooled-residual sensitivity conditions on the fitted nuisance adjustment; not a fully refitted adjusted CI.,,
scRNA_Ependymal,primary,pooled_nuisance_residualized,ATG4C,6,25,0.05398042431194441,-0.03223182021762193,-0.08621224452956633,-1.1761287229742141,1.0714255558077266,,9998,Percentile donor bootstrap. Pooled-residual sensitivity conditions on the fitted nuisance adjustment; not a fully refitted adjusted CI.,,
scRNA_Ependymal,primary,pooled_nuisance_residualized,ATG5,6,25,-0.24686302307163435,-0.07875841669741035,0.168104606374224,-1.1255200180473353,1.0596026191402705,,9998,Percentile donor bootstrap. Pooled-residual sensitivity conditions on the fitted nuisance adjustment; not a fully refitted adjusted CI.,,
scRNA_Ependymal,primary,pooled_nuisance_residualized,ATG7,6,25,0.38638475262332284,0.48632783177329125,0.09994307914996842,-0.733213477550266,1.436304911180635,,9998,Percentile donor bootstrap. Pooled-residual sensitivity conditions on the fitted nuisance adjustment; not a fully refitted adjusted CI.,,
scRNA_Ependymal,primary,pooled_nuisance_residualized,ATG9B,6,25,0.893835312050175,0.33654214526779125,-0.5572931667823837,-0.8652743039551419,0.12287029629147203,,9998,Percentile donor bootstrap. Pooled-residual sensitivity conditions on the fitted nuisance adjustment; not a fully refitted adjusted CI.,,
scRNA_Ependymal,primary,pooled_nuisance_residualized,ATG101,6,25,-0.8719836397260317,0.14339275845817379,1.0153763981842054,0.5203717302667142,1.4407050766575444,,9998,Percentile donor bootstrap. Pooled-residual sensitivity conditions on the fitted nuisance adjustment; not a fully refitted adjusted CI.,,
scRNA_Ependymal,primary,pooled_nuisance_residualized,BCL2,6,25,-0.9573376184937802,-0.5805822735008146,0.3767553449929656,0.0896861234448533,0.6311557780778415,,9998,Percentile donor bootstrap. Pooled-residual sensitivity conditions on the fitted nuisance adjustment; not a fully refitted adjusted CI.,,
scRNA_Ependymal,primary,pooled_nuisance_residualized,BECN1,6,25,-0.13986013983693,0.2652753669763056,0.4051355068132356,-0.5410361009759983,1.2019456153895391,,9998,Percentile donor bootstrap. Pooled-residual sensitivity conditions on the fitted nuisance adjustment; not a fully refitted adjusted CI.,,
scRNA_Ependymal,primary,pooled_nuisance_residualized,CALCOCO2,6,25,-0.9785454036994389,-0.5181023571114562,0.46044304658798263,0.10664470530898905,0.7899170411836285,,9998,Percentile donor bootstrap. Pooled-residual sensitivity conditions on the fitted nuisance adjustment; not a fully refitted adjusted CI.,,
scRNA_Ependymal,primary,pooled_nuisance_residualized,CLEC16A,6,25,0.6249375053524883,0.138662698996604,-0.48627480635588427,-1.011818556816488,0.49034076730772,,9998,Percentile donor bootstrap. Pooled-residual sensitivity conditions on the fitted nuisance adjustment; not a fully refitted adjusted CI.,,
scRNA_Ependymal,primary,pooled_nuisance_residualized,CTNS,6,25,0.8661939964478282,0.46555606042869613,-0.4006379360191321,-0.8959932549743953,0.4538073743014719,,9998,Percentile donor bootstrap. Pooled-residual sensitivity conditions on the fitted nuisance adjustment; not a fully refitted adjusted CI.,,
scRNA_Ependymal,primary,pooled_nuisance_residualized,EPG5,6,25,-0.028174267510348478,-0.16724757100316115,-0.13907330349281266,-1.0828643612898032,0.658668703383658,,9998,Percentile donor bootstrap. Pooled-residual sensitivity conditions on the fitted nuisance adjustment; not a fully refitted adjusted CI.,,
scRNA_Ependymal,primary,pooled_nuisance_residualized,GRN,6,25,-0.0084830017705619,-0.209325231839883,-0.2008422300693211,-1.2652657519374195,0.9137326202927194,,9998,Percentile donor bootstrap. Pooled-residual sensitivity conditions on the fitted nuisance adjustment; not a fully refitted adjusted CI.,,
scRNA_Ependymal,primary,pooled_nuisance_residualized,GABARAP,6,25,-0.32759833412051853,-0.32951665599134955,-0.001918321870831019,-1.306972192161641,0.8419913350890517,,9998,Percentile donor bootstrap. Pooled-residual sensitivity conditions on the fitted nuisance adjustment; not a fully refitted adjusted CI.,,
scRNA_Ependymal,primary,pooled_nuisance_residualized,GABARAPL1,6,25,0.7903010914568198,0.2965961966120688,-0.493704894844751,-1.0176760277639694,0.7146953163202758,,9998,Percentile donor bootstrap. Pooled-residual sensitivity conditions on the fitted nuisance adjustment; not a fully refitted adjusted CI.,,
scRNA_Ependymal,primary,pooled_nuisance_residualized,GABARAPL2,6,25,-0.7638925644840414,-0.5828398903346402,0.18105267414940118,-1.6349028172406586,0.6026425664565518,,9998,Percentile donor bootstrap. Pooled-residual sensitivity conditions on the fitted nuisance adjustment; not a fully refitted adjusted CI.,,
scRNA_Ependymal,primary,pooled_nuisance_residualized,LAMP2,6,25,-0.5715998249976104,-0.25468705459990637,0.31691277039770405,-1.0281118799102211,0.9589668128516827,,9998,Percentile donor bootstrap. Pooled-residual sensitivity conditions on the fitted nuisance adjustment; not a fully refitted adjusted CI.,,
scRNA_Ependymal,primary,pooled_nuisance_residualized,MAP1LC3A,6,25,-0.5547829454854464,-0.06506680429322688,0.4897161411922195,-1.0221215592204116,1.1799797413129012,,9998,Percentile donor bootstrap. Pooled-residual sensitivity conditions on the fitted nuisance adjustment; not a fully refitted adjusted CI.,,
scRNA_Ependymal,primary,pooled_nuisance_residualized,MAP1LC3B,6,25,-0.8478727791595431,-0.018401433694163676,0.8294713454653794,-0.5377836497764606,1.3049890090801703,,9998,Percentile donor bootstrap. Pooled-residual sensitivity conditions on the fitted nuisance adjustment; not a fully refitted adjusted CI.,,
scRNA_Ependymal,primary,pooled_nuisance_residualized,NBR1,6,25,-0.08196443846966216,0.10304657105065097,0.18501100952031313,-0.6574120075901825,1.1504055499526056,,9998,Percentile donor bootstrap. Pooled-residual sensitivity conditions on the fitted nuisance adjustment; not a fully refitted adjusted CI.,,
scRNA_Ependymal,primary,pooled_nuisance_residualized,OPTN,6,25,0.9498101094618304,0.5562322549944768,-0.3935778544673536,-0.7729398619616941,0.121588595308997,,9998,Percentile donor bootstrap. Pooled-residual sensitivity conditions on the fitted nuisance adjustment; not a fully refitted adjusted CI.,,
scRNA_Ependymal,primary,pooled_nuisance_residualized,PRKN,6,25,-0.5677019920770164,-0.13812909172456053,0.4295729003524559,-0.24024091879089252,1.0935029085279604,,9998,Percentile donor bootstrap. Pooled-residual sensitivity conditions on the fitted nuisance adjustment; not a fully refitted adjusted CI.,,
scRNA_Ependymal,primary,pooled_nuisance_residualized,PIK3R4,6,25,0.5298404594668428,0.0180594041206036,-0.5117810553462392,-1.2566829046294943,0.9221430140402355,,9998,Percentile donor bootstrap. Pooled-residual sensitivity conditions on the fitted nuisance adjustment; not a fully refitted adjusted CI.,,
scRNA_Ependymal,primary,pooled_nuisance_residualized,PINK1,6,25,-0.6205365554365088,0.3206011379249717,0.9411376933614805,-0.6465194096783362,1.4287213655436297,,9998,Percentile donor bootstrap. Pooled-residual sensitivity conditions on the fitted nuisance adjustment; not a fully refitted adjusted CI.,,
scRNA_Ependymal,primary,pooled_nuisance_residualized,RB1CC1,6,25,-0.6702128932511965,0.1873874738909105,0.857600367142107,-0.12109214133119887,1.4002895353325904,,9998,Percentile donor bootstrap. Pooled-residual sensitivity conditions on the fitted nuisance adjustment; not a fully refitted adjusted CI.,,
scRNA_Ependymal,primary,pooled_nuisance_residualized,SNX14,6,25,-0.4422662026253957,-0.1906134100540499,0.25165279257134576,-1.0415870009695418,0.9092539003733284,,9998,Percentile donor bootstrap. Pooled-residual sensitivity conditions on the fitted nuisance adjustment; not a fully refitted adjusted CI.,,
scRNA_Ependymal,primary,pooled_nuisance_residualized,SNX30,6,25,-0.3749613900011413,0.07247503811086735,0.4474364281120087,-0.39979092807308725,1.2944860877255544,,9998,Percentile donor bootstrap. Pooled-residual sensitivity conditions on the fitted nuisance adjustment; not a fully refitted adjusted CI.,,
scRNA_Ependymal,primary,pooled_nuisance_residualized,SNX4,6,25,-0.8005718175751598,-0.2950036425607955,0.5055681750143644,-0.555624982947478,0.9082210984082137,,9998,Percentile donor bootstrap. Pooled-residual sensitivity conditions on the fitted nuisance adjustment; not a fully refitted adjusted CI.,,
scRNA_Ependymal,primary,pooled_nuisance_residualized,SQSTM1,6,25,-0.6436508210909518,0.12292409588226785,0.7665749169732197,-0.6738528832401123,1.3203796249298132,,9998,Percentile donor bootstrap. Pooled-residual sensitivity conditions on the fitted nuisance adjustment; not a fully refitted adjusted CI.,,
scRNA_Ependymal,primary,pooled_nuisance_residualized,SPG11,6,25,-0.571096939565376,0.2273335510836441,0.79843049064902,-0.46804349182240923,1.4520692746200616,,9998,Percentile donor bootstrap. Pooled-residual sensitivity conditions on the fitted nuisance adjustment; not a fully refitted adjusted CI.,,
scRNA_Ependymal,primary,pooled_nuisance_residualized,TOLLIP,6,25,0.7678107226352215,-0.04968330907700653,-0.8174940317122281,-1.2473234156266235,0.0940490216616501,,9998,Percentile donor bootstrap. Pooled-residual sensitivity conditions on the fitted nuisance adjustment; not a fully refitted adjusted CI.,,
scRNA_Ependymal,primary,pooled_nuisance_residualized,UVRAG,6,25,0.7873681461483708,0.39059002001010823,-0.3967781261382626,-0.85718231511207,1.1460626601320596,,9998,Percentile donor bootstrap. Pooled-residual sensitivity conditions on the fitted nuisance adjustment; not a fully refitted adjusted CI.,,
scRNA_Ependymal,primary,pooled_nuisance_residualized,WDR45,6,25,-0.8588819188721357,0.4565303836773892,1.3154123025495248,0.17398422717961787,1.6551222139270736,,9998,Percentile donor bootstrap. Pooled-residual sensitivity conditions on the fitted nuisance adjustment; not a fully refitted adjusted CI.,,
scRNA_Ependymal,primary,pooled_nuisance_residualized,WIPI1,6,25,0.12439542717322152,0.241768514631433,0.11737308745821148,-0.8499324065887922,1.3234669424978263,,9998,Percentile donor bootstrap. Pooled-residual sensitivity conditions on the fitted nuisance adjustment; not a fully refitted adjusted CI.,,
scRNA_Ependymal,primary,pooled_nuisance_residualized,WIPI2,6,25,-0.3369861103577159,-0.2157110021220624,0.12127510823565352,-1.2681645064105094,0.9792481663122695,,9998,Percentile donor bootstrap. Pooled-residual sensitivity conditions on the fitted nuisance adjustment; not a fully refitted adjusted CI.,,
scRNA_Ependymal,primary,pooled_nuisance_residualized,ZFYVE21,6,25,-0.4574451358233698,0.2601328900443236,0.7175780258676934,-0.039783734023604196,1.3847678533225196,,9998,Percentile donor bootstrap. Pooled-residual sensitivity conditions on the fitted nuisance adjustment; not a fully refitted adjusted CI.,,
scRNA_NE,primary,Pearson,ATG10,7,28,0.1960669717692731,0.05089835249258993,-0.14516861927668318,-0.8653435000073354,1.1019539208646114,0.783880431167328,10000,Percentile donor bootstrap; small-control-cohort limitations apply.,0.9490771710841766,0.9900907376036139
scRNA_NE,primary,Pearson,ATG12,7,28,-0.3199514748818511,-0.08532732453724633,0.23462415034460476,-0.6576973870805826,0.9430482500798132,0.647730173731792,10000,Percentile donor bootstrap; small-control-cohort limitations apply.,0.9490771710841766,0.9709463841941999
scRNA_NE,primary,Pearson,ATG13,7,28,0.35302174698605715,-0.17003679005858668,-0.5230585370446439,-1.2769738693704145,0.8774749936163023,0.31544528987956144,10000,Percentile donor bootstrap; small-control-cohort limitations apply.,0.7978910273424201,0.8975377032484759
scRNA_NE,primary,Pearson,ATG16L1,7,28,-0.150906253333727,0.2898208542474897,0.4407271075812167,-0.7664059837794802,1.4066678290962948,0.402905712551756,10000,Percentile donor bootstrap; small-control-cohort limitations apply.,0.8950062805201029,0.9023729489886372
scRNA_NE,primary,Pearson,ATG2A,7,28,0.4245332184029071,0.17486293158637692,-0.24967028681653017,-0.9344740158650597,0.7255995751315105,0.6075988239329128,10000,Percentile donor bootstrap; small-control-cohort limitations apply.,0.9487830287528746,0.9495675923551229
scRNA_NE,primary,Pearson,ATG2B,7,28,0.18295277503168056,-0.1809683650878898,-0.36392114011957033,-1.0902024661557137,0.7284525685677122,0.49435702837946927,10000,Percentile donor bootstrap; small-control-cohort limitations apply.,0.9432232985546463,0.9060280057488495
scRNA_NE,primary,Pearson,ATG3,7,28,0.6798571146955136,0.14279736075442762,-0.537059753941086,-1.0443341684344134,1.1001359239278645,0.20332342234202627,10000,Percentile donor bootstrap; small-control-cohort limitations apply.,0.7910737590456225,0.8970249515146085
scRNA_NE,primary,Pearson,ATG4B,7,28,0.19971536890401892,0.03341539751172491,-0.16629997139229402,-0.9678864291830881,1.1392506859652167,0.7536422442242126,10000,Percentile donor bootstrap; small-control-cohort limitations apply.,0.9490771710841766,0.9805883562493368
scRNA_NE,primary,Pearson,ATG4C,7,28,-0.5065630688056785,-0.3507354209216107,0.15582764788406778,-0.6620764885705878,0.763808316770742,0.7216992355857506,10000,Percentile donor bootstrap; small-control-cohort limitations apply.,0.9490771710841766,0.9731315395023393
scRNA_NE,primary,Pearson,ATG5,7,28,-0.1515519134720674,0.11984032366412899,0.27139223713619637,-0.7542823365280095,1.0525395671576094,0.6119989735078265,10000,Percentile donor bootstrap; small-control-cohort limitations apply.,0.9487830287528746,0.952203840956286
scRNA_NE,primary,Pearson,ATG7,7,28,0.18860504795476207,0.15301928619223404,-0.035585761762528034,-0.8746754484827318,1.0381328869438624,0.9457256364753045,10000,Percentile donor bootstrap; small-control-cohort limitations apply.,0.9490771710841766,0.9974189108758099
scRNA_NE,primary,Pearson,ATG9B,7,28,-0.20646565123062324,-0.08326299423954085,0.12320265699108239,-0.699113111048682,0.9102826100109412,0.8149738409590195,10000,Percentile donor bootstrap; small-control-cohort limitations apply.,0.9490771710841766,0.9922092915065475
scRNA_NE,primary,Pearson,ATG101,7,28,0.30826847527940143,0.6048229154046233,0.29655444012522186,-0.5354138526214052,1.4104131937343098,0.47800389938837895,10000,Percentile donor bootstrap; small-control-cohort limitations apply.,0.9432232985546463,0.9060280057488495
scRNA_NE,primary,Pearson,BCL2,7,28,0.5506850037873964,-0.46619304434505593,-1.0168780481324524,-1.5140109859176345,-0.23453124375428974,0.0367749489963796,10000,Percentile donor bootstrap; small-control-cohort limitations apply.,0.5491700365644697,0.7284268743513652
scRNA_NE,primary,Pearson,BECN1,7,28,0.6960733641619314,0.3985202090202139,-0.29755315514171754,-0.7389898378895318,0.7451287616763445,0.41628199093958274,10000,Percentile donor bootstrap; small-control-cohort limitations apply.,0.8950062805201029,0.9023729489886372
scRNA_NE,primary,Pearson,CALCOCO2,7,28,0.061368669757194474,-0.4517182917867739,-0.5130869615439684,-1.315473492125435,0.25632344543881364,0.3085958233591527,10000,Percentile donor bootstrap; small-control-cohort limitations apply.,0.7978910273424201,0.8970249515146085
scRNA_NE,primary,Pearson,CLEC16A,7,28,-0.036490831322803716,0.2281031558897052,0.26459398721250893,-0.7595081524796362,1.3326478988725332,0.6178122047693136,10000,Percentile donor bootstrap; small-control-cohort limitations apply.,0.9487830287528746,0.9532583988140741
scRNA_NE,primary,Pearson,CTNS,7,28,0.2869348185339838,0.3181753250151607,0.031240506481176933,-0.6588999635218009,1.1217848960919439,0.9490771710841764,10000,Percentile donor bootstrap; small-control-cohort limitations apply.,0.9490771710841766,0.9974189108758099
scRNA_NE,primary,Pearson,EPG5,7,28,0.3739706960782849,0.06649022555965642,-0.3074804705186285,-0.8916335157399714,0.7640630844187051,0.5443889539315605,10000,Percentile donor bootstrap; small-control-cohort limitations apply.,0.9487830287528746,0.926541644796359
scRNA_NE,primary,Pearson,GRN,7,28,0.802581435265303,0.5597869329595762,-0.24279450230572686,-0.724475204113037,0.3336897053693498,0.37945602628919217,10000,Percentile donor bootstrap; small-control-cohort limitations apply.,0.8950062805201029,0.9023729489886372
scRNA_NE,primary,Pearson,GABARAP,7,28,0.22329716468101407,-0.38201331689876417,-0.6053104815797783,-1.2679331733224346,0.2245701185263837,0.24239410743270806,10000,Percentile donor bootstrap; small-control-cohort limitations apply.,0.7910737590456225,0.8970249515146085
scRNA_NE,primary,Pearson,GABARAPL1,7,28,-0.27014099038376976,0.4228649309566348,0.6930059213404045,-0.36050126523719683,1.5229581557604481,0.17630564596229237,10000,Percentile donor bootstrap; small-control-cohort limitations apply.,0.7910737590456225,0.8970249515146085
scRNA_NE,primary,Pearson,GABARAPL2,7,28,-0.4688899350069008,-0.312579355639294,0.15631057936760678,-1.3046820941026236,0.9198295673132489,0.7308528682342268,10000,Percentile donor bootstrap; small-control-cohort limitations apply.,0.9490771710841766,0.9731315395023393
scRNA_NE,primary,Pearson,LAMP2,7,28,-0.4396599245893814,-0.11193069290532372,0.3277292316840577,-0.6323904934714054,0.9898051174455549,0.5045147875989968,10000,Percentile donor bootstrap; small-control-cohort limitations apply.,0.9432232985546463,0.9148771676531104
scRNA_NE,primary,Pearson,MAP1LC3A,7,28,0.3471766823394773,-0.3988209558669255,-0.7459976382064029,-1.3368842573412354,0.6680484009042645,0.1451894451443885,10000,Percentile donor bootstrap; small-control-cohort limitations apply.,0.7910737590456225,0.8970249515146085
scRNA_NE,primary,Pearson,MAP1LC3B,7,28,0.037648766782462005,0.5541514110995165,0.5165026443170545,-0.4836811551761294,1.5758171291830936,0.2759559624577753,10000,Percentile donor bootstrap; small-control-cohort limitations apply.,0.7910737590456225,0.8970249515146085
scRNA_NE,primary,Pearson,NBR1,7,28,-0.8537468937035599,0.2656354186867465,1.1193823123903064,0.3606233674356415,1.531307935166178,0.004191539063905062,10000,Percentile donor bootstrap; small-control-cohort limitations apply.,0.18023617974791767,0.30837751684444387
scRNA_NE,primary,Pearson,OPTN,7,28,0.5322785125153947,0.4650108403076599,-0.06726767220773483,-0.6599186098193397,0.638813946216151,0.867806809611738,10000,Percentile donor bootstrap; small-control-cohort limitations apply.,0.9490771710841766,0.9922092915065475
scRNA_NE,primary,Pearson,PRKN,7,28,-0.6257093455016581,-0.5792183809482624,0.04649096455339574,-1.192730042655462,0.5235923829653629,0.8921008953741274,10000,Percentile donor bootstrap; small-control-cohort limitations apply.,0.9490771710841766,0.9930457970063027
scRNA_NE,primary,Pearson,PIK3R4,7,28,0.4297596121451748,0.17263511234337017,-0.25712449980180463,-1.1716594074944278,1.1557402314589895,0.596360942967953,10000,Percentile donor bootstrap; small-control-cohort limitations apply.,0.9487830287528746,0.9450027250107562
scRNA_NE,primary,Pearson,PINK1,7,28,-0.13468266961112413,-0.07500665672495008,0.05967601288617405,-0.8850526577913868,0.9880532056319231,0.9107580884718558,10000,Percentile donor bootstrap; small-control-cohort limitations apply.,0.9490771710841766,0.9974189108758099
scRNA_NE,primary,Pearson,RB1CC1,7,28,-0.5798567370847957,-0.0035217887130935687,0.5763349483717021,-0.7598101644969315,1.243001671563135,0.22124597256932377,10000,Percentile donor bootstrap; small-control-cohort limitations apply.,0.7910737590456225,0.8970249515146085
scRNA_NE,primary,Pearson,SNX14,7,28,0.47621750147900394,-0.5143975881010567,-0.9906150895800607,-1.510217291587528,-0.170290916199729,0.04358235442199178,10000,Percentile donor bootstrap; small-control-cohort limitations apply.,0.5491700365644697,0.7473194278158707
scRNA_NE,primary,Pearson,SNX30,7,28,-0.7310299837768419,-0.03191694588395384,0.699113037892888,0.39053915662298433,1.069422604059129,0.09503490458056599,10000,Percentile donor bootstrap; small-control-cohort limitations apply.,0.7910737590456225,0.8026124436978297
scRNA_NE,primary,Pearson,SNX4,7,28,0.41079993018499167,-0.286409279153259,-0.6972092093382507,-1.392155950592083,0.7478134705251571,0.1745119713716582,10000,Percentile donor bootstrap; small-control-cohort limitations apply.,0.7910737590456225,0.8970249515146085
scRNA_NE,primary,Pearson,SQSTM1,7,28,-0.3508016589458091,0.22079918697430098,0.5716008459201101,-0.4219193867717493,1.2994211094012733,0.27255930124206196,10000,Percentile donor bootstrap; small-control-cohort limitations apply.,0.7910737590456225,0.8970249515146085
scRNA_NE,primary,Pearson,SPG11,7,28,0.24379665736996245,0.12041513405738476,-0.12338152331257769,-0.8610966648277246,0.6355622429443097,0.8124031247648753,10000,Percentile donor bootstrap; small-control-cohort limitations apply.,0.9490771710841766,0.9922092915065475
scRNA_NE,primary,Pearson,TOLLIP,7,28,-0.14998977630473082,0.557012170467688,0.7070019467724189,-0.35677939597282826,1.419696266525925,0.14769550757757766,10000,Percentile donor bootstrap; small-control-cohort limitations apply.,0.7910737590456225,0.8970249515146085
scRNA_NE,primary,Pearson,UVRAG,7,28,0.6755762312934663,-0.22563506899294744,-0.9012113002864137,-1.3365098238987048,-0.0681317344922928,0.05108558479669486,10000,Percentile donor bootstrap; small-control-cohort limitations apply.,0.5491700365644697,0.7473194278158707
scRNA_NE,primary,Pearson,WDR45,7,28,0.3061084501963827,0.2204118740572124,-0.08569657613917031,-0.7791891090374323,1.2052751941164315,0.8641207662243647,10000,Percentile donor bootstrap; small-control-cohort limitations apply.,0.9490771710841766,0.9922092915065475
scRNA_NE,primary,Pearson,WIPI1,7,28,0.36113713436553296,0.22732392650331823,-0.13381320786221473,-0.7580423609403392,0.915398846684724,0.7851212751286075,10000,Percentile donor bootstrap; small-control-cohort limitations apply.,0.9490771710841766,0.9900907376036139
scRNA_NE,primary,Pearson,WIPI2,7,28,0.2214733438825896,0.10084676059972575,-0.12062658328286385,-0.981597846905077,1.1432278683431627,0.817867551323258,10000,Percentile donor bootstrap; small-control-cohort limitations apply.,0.9490771710841766,0.9922092915065475
scRNA_NE,primary,Pearson,ZFYVE21,7,28,0.7443560775096184,0.35159021047686706,-0.39276586703275135,-0.7721967978511698,0.8477532798277317,0.2708854665451479,10000,Percentile donor bootstrap; small-control-cohort limitations apply.,0.7910737590456225,0.8970249515146085
scRNA_NE,primary,Spearman,ATG10,7,28,-0.3214285714285714,0.027367268746579094,0.3487958401751505,-0.7812973896158153,1.151328962390429,,10000,Percentile donor bootstrap; small-control-cohort limitations apply.,,
scRNA_NE,primary,Spearman,ATG12,7,28,-0.21428571428571425,-0.11603721948549536,0.09824849480021888,-1.0489307854118777,0.9354032736216122,,10000,Percentile donor bootstrap; small-control-cohort limitations apply.,,
scRNA_NE,primary,Spearman,ATG13,7,28,-0.10714285714285712,-0.13519430760810072,-0.0280514504652436,-1.0051045622369856,0.999707090597044,,10000,Percentile donor bootstrap; small-control-cohort limitations apply.,,
scRNA_NE,primary,Spearman,ATG16L1,7,28,0.03571428571428571,0.26491516146688565,0.22920087575259995,-0.720039658449566,1.3351524976079834,,10000,Percentile donor bootstrap; small-control-cohort limitations apply.,,
scRNA_NE,primary,Spearman,ATG2A,7,28,0.3928571428571428,0.23426382047071706,-0.15859332238642573,-1.0152845705091837,0.9950430789316236,,10000,Percentile donor bootstrap; small-control-cohort limitations apply.,,
scRNA_NE,primary,Spearman,ATG2B,7,28,0.14285714285714285,-0.15380405035577452,-0.2966611932129174,-1.2104534509209137,0.9106037718575479,,10000,Percentile donor bootstrap; small-control-cohort limitations apply.,,
scRNA_NE,primary,Spearman,ATG3,7,28,0.14285714285714285,-0.02298850574712644,-0.16584564860426929,-1.041364265926931,1.0165056206320766,,10000,Percentile donor bootstrap; small-control-cohort limitations apply.,,
scRNA_NE,primary,Spearman,ATG4B,7,28,0.17857142857142855,0.04105090311986864,-0.1375205254515599,-1.0759940754933108,1.018698589638717,,10000,Percentile donor bootstrap; small-control-cohort limitations apply.,,
scRNA_NE,primary,Spearman,ATG4C,7,28,-0.7142857142857142,-0.4159824849480022,0.298303229337712,-0.5908975922233187,0.8144429654521705,,10000,Percentile donor bootstrap; small-control-cohort limitations apply.,,
scRNA_NE,primary,Spearman,ATG5,7,28,0.17857142857142855,0.15435139573070608,-0.024220032840722466,-0.9048615913791802,1.0566553100762266,,10000,Percentile donor bootstrap; small-control-cohort limitations apply.,,
scRNA_NE,primary,Spearman,ATG7,7,28,-0.03571428571428571,-0.00875752599890531,0.026956759715380404,-0.9237031503173924,1.0343390863107105,,10000,Percentile donor bootstrap; small-control-cohort limitations apply.,,
scRNA_NE,primary,Spearman,ATG9B,7,28,0.0,-0.14581887485956824,-0.14581887485956824,-1.0188275028833838,0.8182297880638053,,10000,Percentile donor bootstrap; small-control-cohort limitations apply.,,
scRNA_NE,primary,Spearman,ATG101,7,28,0.21428571428571425,0.4553913519430761,0.24110563765736187,-0.6047691039032435,1.3471372493786054,,10000,Percentile donor bootstrap; small-control-cohort limitations apply.,,
scRNA_NE,primary,Spearman,BCL2,7,28,0.3571428571428571,-0.48604269293924474,-0.8431855500821018,-1.5033076166329906,0.23635904385464737,,10000,Percentile donor bootstrap; small-control-cohort limitations apply.,,
scRNA_NE,primary,Spearman,BECN1,7,28,0.7142857142857142,0.3546798029556651,-0.3596059113300491,-0.9180063846941567,0.5478176395511887,,10000,Percentile donor bootstrap; small-control-cohort limitations apply.,,
scRNA_NE,primary,Spearman,CALCOCO2,7,28,0.10714285714285712,-0.4690749863163657,-0.5762178434592228,-1.4060252398047322,0.5094841276495651,,10000,Percentile donor bootstrap; small-control-cohort limitations apply.,,
scRNA_NE,primary,Spearman,CLEC16A,7,28,0.03571428571428571,0.19430760810071157,0.15859332238642587,-0.7867413442142622,1.2621410099279617,,10000,Percentile donor bootstrap; small-control-cohort limitations apply.,,
scRNA_NE,primary,Spearman,CTNS,7,28,-0.07142857142857142,0.32402846195949647,0.3954570333880679,-0.717715421220086,1.3183503073676484,,10000,Percentile donor bootstrap; small-control-cohort limitations apply.,,
scRNA_NE,primary,Spearman,EPG5,7,28,0.3214285714285714,0.1176792556102901,-0.2037493158182813,-1.0107303521782465,0.977358291911407,,10000,Percentile donor bootstrap; small-control-cohort limitations apply.,,
scRNA_NE,primary,Spearman,GRN,7,28,0.8214285714285713,0.5062944718117133,-0.315134099616858,-0.816640616952172,0.45877040115889933,,10000,Percentile donor bootstrap; small-control-cohort limitations apply.,,
scRNA_NE,primary,Spearman,GABARAP,7,28,0.3928571428571428,-0.3596059113300493,-0.7524630541871922,-1.3612663444348483,0.3063199984959236,,10000,Percentile donor bootstrap; small-control-cohort limitations apply.,,
scRNA_NE,primary,Spearman,GABARAPL1,7,28,-0.07142857142857142,0.38204707170224417,0.45347564313081556,-0.49242228700339674,1.3372515704180976,,10000,Percentile donor bootstrap; small-control-cohort limitations apply.,,
scRNA_NE,primary,Spearman,GABARAPL2,7,28,-0.3571428571428571,-0.23754789272030655,0.11959496442255055,-1.0225327293655913,0.9661637048938669,,10000,Percentile donor bootstrap; small-control-cohort limitations apply.,,
scRNA_NE,primary,Spearman,LAMP2,7,28,-0.3928571428571428,-0.1149425287356322,0.2779146141215106,-0.8681448840514646,1.0184291288092282,,10000,Percentile donor bootstrap; small-control-cohort limitations apply.,,
scRNA_NE,primary,Spearman,MAP1LC3A,7,28,0.17857142857142855,-0.31034482758620696,-0.4889162561576355,-1.3011547594312127,0.7292769090506183,,10000,Percentile donor bootstrap; small-control-cohort limitations apply.,,
scRNA_NE,primary,Spearman,MAP1LC3B,7,28,-0.10714285714285712,0.49425287356321845,0.6013957307060755,-0.42838384534259916,1.6099824232041697,,10000,Percentile donor bootstrap; small-control-cohort limitations apply.,,
scRNA_NE,primary,Spearman,NBR1,7,28,-0.8214285714285713,0.008210180623973728,0.829638752052545,-0.0005894111961525572,1.3014650107695944,,10000,Percentile donor bootstrap; small-control-cohort limitations apply.,,
scRNA_NE,primary,Spearman,OPTN,7,28,0.3571428571428571,0.2999452654625069,-0.05719759168035021,-0.8883279352941543,0.9006097399672,,10000,Percentile donor bootstrap; small-control-cohort limitations apply.,,
scRNA_NE,primary,Spearman,PRKN,7,28,-0.4285714285714285,-0.5725232621784346,-0.14395183360700614,-1.144359134426177,0.5320640307164904,,10000,Percentile donor bootstrap; small-control-cohort limitations apply.,,
scRNA_NE,primary,Spearman,PIK3R4,7,28,0.49999999999999994,-0.0016420361247947456,-0.5016420361247947,-1.229050268032693,0.792648372601394,,10000,Percentile donor bootstrap; small-control-cohort limitations apply.,,
scRNA_NE,primary,Spearman,PINK1,7,28,-0.3214285714285714,-0.1904761904761905,0.1309523809523809,-0.9576578035888286,0.9112934749702437,,10000,Percentile donor bootstrap; small-control-cohort limitations apply.,,
scRNA_NE,primary,Spearman,RB1CC1,7,28,-0.4285714285714285,0.027367268746579094,0.45593869731800757,-0.6826478161743412,1.2876855359842871,,10000,Percentile donor bootstrap; small-control-cohort limitations apply.,,
scRNA_NE,primary,Spearman,SNX14,7,28,0.5714285714285714,-0.5725232621784346,-1.143951833607006,-1.6923974755847953,-0.002541506299307679,,10000,Percentile donor bootstrap; small-control-cohort limitations apply.,,
scRNA_NE,primary,Spearman,SNX30,7,28,-0.9285714285714285,-0.036124794745484405,0.8924466338259441,0.342701656976852,1.2625220280992442,,10000,Percentile donor bootstrap; small-control-cohort limitations apply.,,
scRNA_NE,primary,Spearman,SNX4,7,28,0.21428571428571425,-0.18828680897646416,-0.4025725232621784,-1.2683464450490134,0.7779200464978269,,10000,Percentile donor bootstrap; small-control-cohort limitations apply.,,
scRNA_NE,primary,Spearman,SQSTM1,7,28,-0.49999999999999994,0.1598248494800219,0.6598248494800218,-0.4431747040379937,1.4157750654549173,,10000,Percentile donor bootstrap; small-control-cohort limitations apply.,,
scRNA_NE,primary,Spearman,SPG11,7,28,0.49999999999999994,0.06403940886699508,-0.4359605911330049,-1.0622641047784687,0.4856088423906599,,10000,Percentile donor bootstrap; small-control-cohort limitations apply.,,
scRNA_NE,primary,Spearman,TOLLIP,7,28,-0.14285714285714285,0.36453201970443355,0.5073891625615764,-0.5873865963757808,1.3548465383735826,,10000,Percentile donor bootstrap; small-control-cohort limitations apply.,,
scRNA_NE,primary,Spearman,UVRAG,7,28,0.7142857142857142,-0.1724137931034483,-0.8866995073891625,-1.37782358402459,0.07440912522915054,,10000,Percentile donor bootstrap; small-control-cohort limitations apply.,,
scRNA_NE,primary,Spearman,WDR45,7,28,0.07142857142857142,0.2599890530925014,0.18856048166393,-0.7708950400849995,1.2602551457199023,,10000,Percentile donor bootstrap; small-control-cohort limitations apply.,,
scRNA_NE,primary,Spearman,WIPI1,7,28,0.24999999999999997,0.26108374384236455,0.011083743842364574,-0.8353852533488927,1.0038697015502407,,10000,Percentile donor bootstrap; small-control-cohort limitations apply.,,
scRNA_NE,primary,Spearman,WIPI2,7,28,0.03571428571428571,0.10344827586206898,0.06773399014778327,-0.8887096149534234,1.179666277516989,,10000,Percentile donor bootstrap; small-control-cohort limitations apply.,,
scRNA_NE,primary,Spearman,ZFYVE21,7,28,0.49999999999999994,0.35249042145593873,-0.14750957854406122,-0.8657264722069344,0.9073262176517275,,10000,Percentile donor bootstrap; small-control-cohort limitations apply.,,
scRNA_NE,primary,pooled_nuisance_residualized,ATG10,7,28,-0.057705824707294726,0.02073843224265072,0.07844425694994545,-0.9298954335316014,1.175530198488826,,10000,Percentile donor bootstrap. Pooled-residual sensitivity conditions on the fitted nuisance adjustment; not a fully refitted adjusted CI.,,
scRNA_NE,primary,pooled_nuisance_residualized,ATG12,7,28,-0.2721878080207604,0.02823058053363247,0.3004183885543929,-0.8442291420891569,0.9370958658567173,,10000,Percentile donor bootstrap. Pooled-residual sensitivity conditions on the fitted nuisance adjustment; not a fully refitted adjusted CI.,,
scRNA_NE,primary,pooled_nuisance_residualized,ATG13,7,28,0.43042541196775363,-0.0997794330994859,-0.5302048450672395,-1.1848149119903812,0.816357640147346,,10000,Percentile donor bootstrap. Pooled-residual sensitivity conditions on the fitted nuisance adjustment; not a fully refitted adjusted CI.,,
scRNA_NE,primary,pooled_nuisance_residualized,ATG16L1,7,28,0.0780483238335213,0.29673139785506214,0.21868307402154086,-0.6896271407853354,1.293484061706819,,10000,Percentile donor bootstrap. Pooled-residual sensitivity conditions on the fitted nuisance adjustment; not a fully refitted adjusted CI.,,
scRNA_NE,primary,pooled_nuisance_residualized,ATG2A,7,28,0.4551831622196574,0.1769823910288855,-0.2782007711907719,-1.0490202418803796,0.664977113883344,,10000,Percentile donor bootstrap. Pooled-residual sensitivity conditions on the fitted nuisance adjustment; not a fully refitted adjusted CI.,,
scRNA_NE,primary,pooled_nuisance_residualized,ATG2B,7,28,0.18978041421192982,-0.10349196335670953,-0.29327237756863933,-1.0329775715594538,0.6679731258662924,,10000,Percentile donor bootstrap. Pooled-residual sensitivity conditions on the fitted nuisance adjustment; not a fully refitted adjusted CI.,,
scRNA_NE,primary,pooled_nuisance_residualized,ATG3,7,28,0.6305377118701747,0.18528314450919284,-0.4452545673609819,-1.0719508692172823,0.8789326302750256,,10000,Percentile donor bootstrap. Pooled-residual sensitivity conditions on the fitted nuisance adjustment; not a fully refitted adjusted CI.,,
scRNA_NE,primary,pooled_nuisance_residualized,ATG4B,7,28,0.7162019930306297,0.02769377585795815,-0.6885082171726715,-1.3317587420049815,-0.04508189302861516,,10000,Percentile donor bootstrap. Pooled-residual sensitivity conditions on the fitted nuisance adjustment; not a fully refitted adjusted CI.,,
scRNA_NE,primary,pooled_nuisance_residualized,ATG4C,7,28,-0.43699620219379987,-0.3031195286786866,0.1338766735151133,-0.7402270198006964,0.8383806141514024,,10000,Percentile donor bootstrap. Pooled-residual sensitivity conditions on the fitted nuisance adjustment; not a fully refitted adjusted CI.,,
scRNA_NE,primary,pooled_nuisance_residualized,ATG5,7,28,-0.194026000275831,0.06456382446609085,0.2585898247419218,-0.5606934249310583,1.1202548058961157,,10000,Percentile donor bootstrap. Pooled-residual sensitivity conditions on the fitted nuisance adjustment; not a fully refitted adjusted CI.,,
scRNA_NE,primary,pooled_nuisance_residualized,ATG7,7,28,0.1581422930764259,0.17492204748868748,0.016779754412261566,-0.8430225122693393,1.1400960611034403,,10000,Percentile donor bootstrap. Pooled-residual sensitivity conditions on the fitted nuisance adjustment; not a fully refitted adjusted CI.,,
scRNA_NE,primary,pooled_nuisance_residualized,ATG9B,7,28,-0.24762913443574322,-0.05961379216666896,0.18801534226907426,-0.985242131364947,0.8582057469690835,,10000,Percentile donor bootstrap. Pooled-residual sensitivity conditions on the fitted nuisance adjustment; not a fully refitted adjusted CI.,,
scRNA_NE,primary,pooled_nuisance_residualized,ATG101,7,28,0.386109404376323,0.5857148277462725,0.19960542336994946,-0.6052992714403589,1.445301310534581,,10000,Percentile donor bootstrap. Pooled-residual sensitivity conditions on the fitted nuisance adjustment; not a fully refitted adjusted CI.,,
scRNA_NE,primary,pooled_nuisance_residualized,BCL2,7,28,0.8427471933549686,-0.4436068104882411,-1.2863540038432097,-1.5753792917038552,-0.7912919365346591,,10000,Percentile donor bootstrap. Pooled-residual sensitivity conditions on the fitted nuisance adjustment; not a fully refitted adjusted CI.,,
scRNA_NE,primary,pooled_nuisance_residualized,BECN1,7,28,0.5783445760161796,0.32653356217343427,-0.25181101384274535,-0.928168154314934,0.7034840162041132,,10000,Percentile donor bootstrap. Pooled-residual sensitivity conditions on the fitted nuisance adjustment; not a fully refitted adjusted CI.,,
scRNA_NE,primary,pooled_nuisance_residualized,CALCOCO2,7,28,0.4421191684833667,-0.41355376621736295,-0.8556729347007297,-1.4419762043956752,0.13255492421725815,,10000,Percentile donor bootstrap. Pooled-residual sensitivity conditions on the fitted nuisance adjustment; not a fully refitted adjusted CI.,,
scRNA_NE,primary,pooled_nuisance_residualized,CLEC16A,7,28,0.010779569700149542,0.2947077181753535,0.283928148475204,-0.7127274433350554,1.348587687029858,,10000,Percentile donor bootstrap. Pooled-residual sensitivity conditions on the fitted nuisance adjustment; not a fully refitted adjusted CI.,,
scRNA_NE,primary,pooled_nuisance_residualized,CTNS,7,28,0.16945912542560618,0.3013753810546,0.1319162556289938,-0.7558868893187753,1.0936674563973379,,10000,Percentile donor bootstrap. Pooled-residual sensitivity conditions on the fitted nuisance adjustment; not a fully refitted adjusted CI.,,
scRNA_NE,primary,pooled_nuisance_residualized,EPG5,7,28,0.22518598300566048,0.1340304339208654,-0.09115554908479509,-0.8316997725479199,0.9748410732010843,,10000,Percentile donor bootstrap. Pooled-residual sensitivity conditions on the fitted nuisance adjustment; not a fully refitted adjusted CI.,,
scRNA_NE,primary,pooled_nuisance_residualized,GRN,7,28,0.9189009192185494,0.5110192013771778,-0.4078817178413716,-0.9699366249650971,-0.01399281055524326,,10000,Percentile donor bootstrap. Pooled-residual sensitivity conditions on the fitted nuisance adjustment; not a fully refitted adjusted CI.,,
scRNA_NE,primary,pooled_nuisance_residualized,GABARAP,7,28,0.726182234558185,-0.4486447702358954,-1.1748270047940803,-1.577016325977509,-0.4241410886166394,,10000,Percentile donor bootstrap. Pooled-residual sensitivity conditions on the fitted nuisance adjustment; not a fully refitted adjusted CI.,,
scRNA_NE,primary,pooled_nuisance_residualized,GABARAPL1,7,28,-0.571819364525662,0.4800443274832767,1.0518636920089386,-0.06390080306483203,1.601903867053245,,10000,Percentile donor bootstrap. Pooled-residual sensitivity conditions on the fitted nuisance adjustment; not a fully refitted adjusted CI.,,
scRNA_NE,primary,pooled_nuisance_residualized,GABARAPL2,7,28,-0.49457117728265076,-0.34456926161687296,0.1500019156657778,-1.1681086508467085,0.85086386200991,,10000,Percentile donor bootstrap. Pooled-residual sensitivity conditions on the fitted nuisance adjustment; not a fully refitted adjusted CI.,,
scRNA_NE,primary,pooled_nuisance_residualized,LAMP2,7,28,-0.7089019484378115,-0.14206867508203275,0.5668332733557788,-0.703018995943777,0.9862935922810219,,10000,Percentile donor bootstrap. Pooled-residual sensitivity conditions on the fitted nuisance adjustment; not a fully refitted adjusted CI.,,
scRNA_NE,primary,pooled_nuisance_residualized,MAP1LC3A,7,28,-0.02562511658989,-0.358035309225445,-0.33241019263555505,-1.0968952710936515,0.7638670339837181,,10000,Percentile donor bootstrap. Pooled-residual sensitivity conditions on the fitted nuisance adjustment; not a fully refitted adjusted CI.,,
scRNA_NE,primary,pooled_nuisance_residualized,MAP1LC3B,7,28,-0.1523616949154422,0.614208998117301,0.7665706930327432,-0.23323672795566958,1.7251711702588932,,10000,Percentile donor bootstrap. Pooled-residual sensitivity conditions on the fitted nuisance adjustment; not a fully refitted adjusted CI.,,
scRNA_NE,primary,pooled_nuisance_residualized,NBR1,7,28,-0.8606197995164919,0.27545937383393243,1.1360791733504243,0.11379425746956823,1.5497487160325731,,10000,Percentile donor bootstrap. Pooled-residual sensitivity conditions on the fitted nuisance adjustment; not a fully refitted adjusted CI.,,
scRNA_NE,primary,pooled_nuisance_residualized,OPTN,7,28,0.6392829270188815,0.46804025381712133,-0.17124267320176012,-0.7030480692280936,0.37049253668102367,,10000,Percentile donor bootstrap. Pooled-residual sensitivity conditions on the fitted nuisance adjustment; not a fully refitted adjusted CI.,,
scRNA_NE,primary,pooled_nuisance_residualized,PRKN,7,28,-0.6097662865057424,-0.5654208480039411,0.04434543850180128,-1.268366408985223,0.6088684486457201,,10000,Percentile donor bootstrap. Pooled-residual sensitivity conditions on the fitted nuisance adjustment; not a fully refitted adjusted CI.,,
scRNA_NE,primary,pooled_nuisance_residualized,PIK3R4,7,28,0.850147830747362,0.24655467889501553,-0.6035931518523465,-1.2315445285516975,0.09159990278762054,,10000,Percentile donor bootstrap. Pooled-residual sensitivity conditions on the fitted nuisance adjustment; not a fully refitted adjusted CI.,,
scRNA_NE,primary,pooled_nuisance_residualized,PINK1,7,28,-0.7434481002067594,-0.12232325171623831,0.6211248484905212,-0.01826732240154896,1.0536904693034745,,10000,Percentile donor bootstrap. Pooled-residual sensitivity conditions on the fitted nuisance adjustment; not a fully refitted adjusted CI.,,
scRNA_NE,primary,pooled_nuisance_residualized,RB1CC1,7,28,-0.6932175919910789,0.06321806355784713,0.756435655548926,-0.7687800639613911,1.172487565961876,,10000,Percentile donor bootstrap. Pooled-residual sensitivity conditions on the fitted nuisance adjustment; not a fully refitted adjusted CI.,,
scRNA_NE,primary,pooled_nuisance_residualized,SNX14,7,28,0.7628258296475754,-0.5315897027062382,-1.2944155323538136,-1.593814356156532,-0.18091525238673567,,10000,Percentile donor bootstrap. Pooled-residual sensitivity conditions on the fitted nuisance adjustment; not a fully refitted adjusted CI.,,
scRNA_NE,primary,pooled_nuisance_residualized,SNX30,7,28,-0.7336084270431458,-0.04110488197900188,0.6925035450641439,0.34026777696267274,1.0958762200885872,,10000,Percentile donor bootstrap. Pooled-residual sensitivity conditions on the fitted nuisance adjustment; not a fully refitted adjusted CI.,,
scRNA_NE,primary,pooled_nuisance_residualized,SNX4,7,28,-0.048966016795253746,-0.3206346677487832,-0.27166865095352943,-1.042780822660733,0.5756462420839707,,10000,Percentile donor bootstrap. Pooled-residual sensitivity conditions on the fitted nuisance adjustment; not a fully refitted adjusted CI.,,
scRNA_NE,primary,pooled_nuisance_residualized,SQSTM1,7,28,-0.5822087264359201,0.3215489902241972,0.9037577166601174,0.1989092751314046,1.4549802856632108,,10000,Percentile donor bootstrap. Pooled-residual sensitivity conditions on the fitted nuisance adjustment; not a fully refitted adjusted CI.,,
scRNA_NE,primary,pooled_nuisance_residualized,SPG11,7,28,0.13145765054602432,0.07715540804942032,-0.054302242496603995,-1.1125681508707885,0.9705647881527707,,10000,Percentile donor bootstrap. Pooled-residual sensitivity conditions on the fitted nuisance adjustment; not a fully refitted adjusted CI.,,
scRNA_NE,primary,pooled_nuisance_residualized,TOLLIP,7,28,0.02257801361624988,0.6093989935878827,0.5868209799716329,-0.34493784114094966,1.5477138217526885,,10000,Percentile donor bootstrap. Pooled-residual sensitivity conditions on the fitted nuisance adjustment; not a fully refitted adjusted CI.,,
scRNA_NE,primary,pooled_nuisance_residualized,UVRAG,7,28,0.6691151598482804,-0.23310997310990847,-0.9022251329581888,-1.3681923993232699,-0.050408514501976996,,10000,Percentile donor bootstrap. Pooled-residual sensitivity conditions on the fitted nuisance adjustment; not a fully refitted adjusted CI.,,
scRNA_NE,primary,pooled_nuisance_residualized,WDR45,7,28,-0.4073398809821111,0.1749968925199159,0.5823367735020271,-0.3202881906020923,1.2215300575307395,,10000,Percentile donor bootstrap. Pooled-residual sensitivity conditions on the fitted nuisance adjustment; not a fully refitted adjusted CI.,,
scRNA_NE,primary,pooled_nuisance_residualized,WIPI1,7,28,0.4208186309598736,0.25059193522530754,-0.17022669573456606,-0.9294073374953333,1.0687304402226574,,10000,Percentile donor bootstrap. Pooled-residual sensitivity conditions on the fitted nuisance adjustment; not a fully refitted adjusted CI.,,
scRNA_NE,primary,pooled_nuisance_residualized,WIPI2,7,28,0.044999787906842864,0.021553157192796126,-0.023446630714046738,-0.9069478173153287,1.171843119656698,,10000,Percentile donor bootstrap. Pooled-residual sensitivity conditions on the fitted nuisance adjustment; not a fully refitted adjusted CI.,,
scRNA_NE,primary,pooled_nuisance_residualized,ZFYVE21,7,28,0.4794912379852055,0.30798928974080736,-0.17150194824439813,-0.7333701313530214,0.7015694944821859,,10000,Percentile donor bootstrap. Pooled-residual sensitivity conditions on the fitted nuisance adjustment; not a fully refitted adjusted CI.,,
scRNA_PFPP,primary,Pearson,ATG10,8,28,0.11154836840869349,-0.16797700656779033,-0.27952537497648383,-1.1245820688124577,0.6909697462341561,0.5654191390753749,10000,Percentile donor bootstrap; small-control-cohort limitations apply.,0.8322392000050132,0.9436456631828799
scRNA_PFPP,primary,Pearson,ATG12,8,28,-0.10057229627491655,-0.2554732064619681,-0.15490091018705154,-0.8967626957735009,0.6936338050342116,0.7434372228853223,10000,Percentile donor bootstrap; small-control-cohort limitations apply.,0.9402294289432018,0.979207595360463
scRNA_PFPP,primary,Pearson,ATG13,8,28,-0.2518135174039636,-0.23353899756096902,0.018274519842994608,-0.564695960613775,0.7313659564991372,0.9683813600934762,10000,Percentile donor bootstrap; small-control-cohort limitations apply.,0.9683813600934762,0.9974328008962805
scRNA_PFPP,primary,Pearson,ATG16L1,8,28,-0.6079475508647384,0.1959185707360337,0.8038661216007721,0.23512067274192036,1.2447551122408418,0.06495383657122154,10000,Percentile donor bootstrap; small-control-cohort limitations apply.,0.26495128868963724,0.7473194278158707
scRNA_PFPP,primary,Pearson,ATG2A,8,28,-0.13945344595752365,-0.16036520605837515,-0.020911760100851495,-1.1101980012036565,0.7528614544371013,0.9651682057625757,10000,Percentile donor bootstrap; small-control-cohort limitations apply.,0.9683813600934762,0.9974189108758099
scRNA_PFPP,primary,Pearson,ATG2B,8,28,-0.36890670061410313,-0.1757089283966671,0.19319777221743603,-0.3357080171758715,0.7493538899003085,0.6687563132315661,10000,Percentile donor bootstrap; small-control-cohort limitations apply.,0.898641295904917,0.9709463841941999
scRNA_PFPP,primary,Pearson,ATG3,8,28,-0.3692539211167994,0.45253329607728005,0.8217872171940794,-0.09649889806740618,1.3851444965904975,0.0739398945180383,10000,Percentile donor bootstrap; small-control-cohort limitations apply.,0.26495128868963724,0.7473194278158707
scRNA_PFPP,primary,Pearson,ATG4B,8,28,-0.36235746045141454,0.19635982597611495,0.5587172864275295,-0.3451421283803598,1.079510912765681,0.23762614699394446,10000,Percentile donor bootstrap; small-control-cohort limitations apply.,0.6010543718082125,0.8970249515146085
scRNA_PFPP,primary,Pearson,ATG4C,8,28,0.2755715287987242,0.29710893300432667,0.02153740420560246,-0.6878912542851207,1.1739201461419855,0.9618020937787105,10000,Percentile donor bootstrap; small-control-cohort limitations apply.,0.9683813600934762,0.9974189108758099
scRNA_PFPP,primary,Pearson,ATG5,8,28,0.09545011301450824,0.3089826846304431,0.21353257161593486,-0.610901590080458,0.9393220696100519,0.6479712822100943,10000,Percentile donor bootstrap; small-control-cohort limitations apply.,0.898641295904917,0.9709463841941999
scRNA_PFPP,primary,Pearson,ATG7,8,28,0.29654512121293247,0.005473548501730189,-0.29107157271120226,-1.247301336285616,0.6117022246496188,0.5399488351339958,10000,Percentile donor bootstrap; small-control-cohort limitations apply.,0.8322392000050132,0.926541644796359
scRNA_PFPP,primary,Pearson,ATG9B,8,28,0.22603086183267046,-0.21570558496484502,-0.44173644679751545,-1.2404603229543167,0.19732973794737824,0.3592346964768285,10000,Percentile donor bootstrap; small-control-cohort limitations apply.,0.7723545974251812,0.9023729489886372
scRNA_PFPP,primary,Pearson,ATG101,8,28,-0.24122930823249808,0.024565992453276418,0.2657953006857745,-0.7117416865332438,1.019623998216085,0.5806320000034976,10000,Percentile donor bootstrap; small-control-cohort limitations apply.,0.8322392000050132,0.9436456631828799
scRNA_PFPP,primary,Pearson,BCL2,8,28,-0.22563206139985095,-0.2941834401713707,-0.06855137877151976,-0.9468898488963938,0.6161214149726338,0.8806473398443753,10000,Percentile donor bootstrap; small-control-cohort limitations apply.,0.9683813600934762,0.9922092915065475
scRNA_PFPP,primary,Pearson,BECN1,8,28,-0.0975113423647496,0.1952204445181383,0.2927317868828879,-0.7075747108391213,0.8149538349572023,0.546274501362279,10000,Percentile donor bootstrap; small-control-cohort limitations apply.,0.8322392000050132,0.926541644796359
scRNA_PFPP,primary,Pearson,CALCOCO2,8,28,-0.6774175490948218,-0.438613941876506,0.23880360721831578,-0.31039203743453475,0.5573591551040961,0.4701609860314582,10000,Percentile donor bootstrap; small-control-cohort limitations apply.,0.8322392000050132,0.9060280057488495
scRNA_PFPP,primary,Pearson,CLEC16A,8,28,-0.5318754581892524,-0.17602030271115313,0.3558551554780993,-0.6377942737832583,0.8206459650718098,0.39706279274797507,10000,Percentile donor bootstrap; small-control-cohort limitations apply.,0.8130333375315679,0.9023729489886372
scRNA_PFPP,primary,Pearson,CTNS,8,28,-0.37045825654821846,0.6824676830475572,1.0529259395957757,-0.11492394467540143,1.7332355180936414,0.012568394111924234,10000,Percentile donor bootstrap; small-control-cohort limitations apply.,0.14734085185431037,0.4395772659922635
scRNA_PFPP,primary,Pearson,EPG5,8,28,0.1909600335582276,0.1656261151934142,-0.025333918364813413,-0.9522642921796008,0.9813173616737927,0.9574021962732964,10000,Percentile donor bootstrap; small-control-cohort limitations apply.,0.9683813600934762,0.9974189108758099
scRNA_PFPP,primary,Pearson,GRN,8,28,-0.1669233688547729,0.5166960246149571,0.68361939346973,-0.43204301518573135,1.4663222674358338,0.1307435987852707,10000,Percentile donor bootstrap; small-control-cohort limitations apply.,0.4015696248404743,0.8970249515146085
scRNA_PFPP,primary,Pearson,GABARAP,8,28,0.5125792214106113,-0.3363444443869236,-0.848923665797535,-1.3302318104501483,-0.15138277598458627,0.061461805874783816,10000,Percentile donor bootstrap; small-control-cohort limitations apply.,0.26495128868963724,0.7473194278158707
scRNA_PFPP,primary,Pearson,GABARAPL1,8,28,-0.5590318621443615,0.06264800883940526,0.6216798709837668,-0.7932005695413802,1.360212569050817,0.1565016613851596,10000,Percentile donor bootstrap; small-control-cohort limitations apply.,0.4486380959707909,0.8970249515146085
scRNA_PFPP,primary,Pearson,GABARAPL2,8,28,-0.5555836980953938,-0.4636963883627155,0.09188730973267828,-0.7574609252875241,0.520833959844244,0.7995299543963427,10000,Percentile donor bootstrap; small-control-cohort limitations apply.,0.9549941121956316,0.9922092915065475
scRNA_PFPP,primary,Pearson,LAMP2,8,28,-0.9585072480321117,0.03390118637594021,0.9924084344080519,0.31153074225090943,1.3365944436773858,6.251071034753854e-05,10000,Percentile donor bootstrap; small-control-cohort limitations apply.,0.0026879605449441576,0.03219301582898235
scRNA_PFPP,primary,Pearson,MAP1LC3A,8,28,-0.7932566140889917,-0.11465050492236235,0.6786061091666293,-0.3431307305456751,1.0438242073109847,0.048861931641717635,10000,Percentile donor bootstrap; small-control-cohort limitations apply.,0.2626328825742323,0.7473194278158707
scRNA_PFPP,primary,Pearson,MAP1LC3B,8,28,0.0006159226168218861,0.42823307854869636,0.4276171559318745,-1.0050496350639968,1.3002667706334565,0.35077754729215427,10000,Percentile donor bootstrap; small-control-cohort limitations apply.,0.7723545974251812,0.9023729489886372
scRNA_PFPP,primary,Pearson,NBR1,8,28,-0.7205664493534097,-0.3100030051267702,0.41056344422663954,-0.05389360899005861,0.6704930047643297,0.22982564573680941,10000,Percentile donor bootstrap; small-control-cohort limitations apply.,0.6010543718082125,0.8970249515146085
scRNA_PFPP,primary,Pearson,OPTN,8,28,-0.47268331133649566,0.5962966492827081,1.0689799606192039,-0.302749488125135,1.530381899715622,0.014233007435089994,10000,Percentile donor bootstrap; small-control-cohort limitations apply.,0.14734085185431037,0.4395772659922635
scRNA_PFPP,primary,Pearson,PRKN,8,28,-0.6599668430157232,-0.25798313217449276,0.4019837108412304,0.10438438238026561,0.7626520189137327,0.28039806811896295,10000,Percentile donor bootstrap; small-control-cohort limitations apply.,0.6698398293953004,0.8970249515146085
scRNA_PFPP,primary,Pearson,PIK3R4,8,28,-0.10965067690346295,0.2749548621073225,0.3846055390107854,-0.8468012723981941,1.3065540659213288,0.4232484767857102,10000,Percentile donor bootstrap; small-control-cohort limitations apply.,0.8272583864447971,0.9023729489886372
scRNA_PFPP,primary,Pearson,PINK1,8,28,-0.4581047336248147,-0.14980269805235982,0.30830203557245484,-0.9972252416267372,0.7970577772740716,0.4825989184311439,10000,Percentile donor bootstrap; small-control-cohort limitations apply.,0.8322392000050132,0.9060280057488495
scRNA_PFPP,primary,Pearson,RB1CC1,8,28,-0.29022193044593336,-0.023206518444893128,0.26701541200104023,-0.5008138221451629,0.9617649928112164,0.5737332659345467,10000,Percentile donor bootstrap; small-control-cohort limitations apply.,0.8322392000050132,0.9436456631828799
scRNA_PFPP,primary,Pearson,SNX14,8,28,-0.27543508532775873,-0.302457372882623,-0.027022287554864244,-1.1645815913600026,0.566964257945791,0.9520049448376828,10000,Percentile donor bootstrap; small-control-cohort limitations apply.,0.9683813600934762,0.9974189108758099
scRNA_PFPP,primary,Pearson,SNX30,8,28,-0.32797651551788315,0.5685690569491656,0.8965455724670488,-0.6161122383682476,1.5572627178428358,0.04415750800631955,10000,Percentile donor bootstrap; small-control-cohort limitations apply.,0.2626328825742323,0.7473194278158707
scRNA_PFPP,primary,Pearson,SNX4,8,28,0.06887188301816727,0.11690741050696878,0.04803552748880151,-0.946666812586421,0.8258275910599763,0.9211975225260911,10000,Percentile donor bootstrap; small-control-cohort limitations apply.,0.9683813600934762,0.9974189108758099
scRNA_PFPP,primary,Pearson,SQSTM1,8,28,-0.74764255192973,0.4263569105767468,1.1739994625064767,-0.324185276668061,1.6061694581728165,0.00367563519657459,10000,Percentile donor bootstrap; small-control-cohort limitations apply.,0.07902615672635369,0.30837751684444387
scRNA_PFPP,primary,Pearson,SPG11,8,28,-0.7749065876392683,-0.15303971556484428,0.621866872074424,-0.010839287722703695,0.8995532829932836,0.07302020021059391,10000,Percentile donor bootstrap; small-control-cohort limitations apply.,0.26495128868963724,0.7473194278158707
scRNA_PFPP,primary,Pearson,TOLLIP,8,28,-0.2544564984918089,0.72001221793155,0.974468716423359,-0.2021788840578396,1.5668376825204706,0.01713265719236167,10000,Percentile donor bootstrap; small-control-cohort limitations apply.,0.14734085185431037,0.441165922703313
scRNA_PFPP,primary,Pearson,UVRAG,8,28,-0.7320070921892836,-0.12289107651184082,0.6091160156774428,0.14509407968522117,0.9310233431665303,0.09844676586445968,10000,Percentile donor bootstrap; small-control-cohort limitations apply.,0.32563161016705894,0.8047632447650275
scRNA_PFPP,primary,Pearson,WDR45,8,28,0.11053107561374226,0.24237798340311342,0.13184690778937116,-0.9510211500622835,0.8912442639336692,0.7808199194284995,10000,Percentile donor bootstrap; small-control-cohort limitations apply.,0.9549941121956316,0.9900907376036139
scRNA_PFPP,primary,Pearson,WIPI1,8,28,-0.3953158833038701,0.613648922644089,1.008964805947959,-0.36150120328089297,1.575685103727396,0.020755835946265688,10000,Percentile donor bootstrap; small-control-cohort limitations apply.,0.1487501576149041,0.5090121672536585
scRNA_PFPP,primary,Pearson,WIPI2,8,28,-0.4123288386052101,-0.1348044410993002,0.27752439750590985,-0.6646833233711357,0.735871847336649,0.5365391321068942,10000,Percentile donor bootstrap; small-control-cohort limitations apply.,0.8322392000050132,0.926541644796359
scRNA_PFPP,primary,Pearson,ZFYVE21,8,28,-0.1733133719496075,-0.00519498768095627,0.16811838426865122,-0.6709983018518441,0.8307390302959015,0.7287584591050358,10000,Percentile donor bootstrap; small-control-cohort limitations apply.,0.9402294289432018,0.9731315395023393
scRNA_PFPP,primary,Spearman,ATG10,8,28,0.19047619047619047,-0.35851122058018614,-0.5489874110563766,-1.3044710363804812,0.7263590969283982,,10000,Percentile donor bootstrap; small-control-cohort limitations apply.,,
scRNA_PFPP,primary,Spearman,ATG12,8,28,-0.4523809523809524,-0.3880678708264916,0.0643130815544608,-0.9834638651549529,0.6947635318871823,,10000,Percentile donor bootstrap; small-control-cohort limitations apply.,,
scRNA_PFPP,primary,Spearman,ATG13,8,28,-0.5476190476190477,-0.22441160372194857,0.3232074438970991,-0.48168214750766125,0.9328549118072498,,10000,Percentile donor bootstrap; small-control-cohort limitations apply.,,
scRNA_PFPP,primary,Spearman,ATG16L1,8,28,-0.6904761904761905,0.1477832512315271,0.8382594417077176,-0.06186072419013678,1.2662227893889375,,10000,Percentile donor bootstrap; small-control-cohort limitations apply.,,
scRNA_PFPP,primary,Spearman,ATG2A,8,28,-0.19047619047619047,-0.16091954022988508,0.029556650246305383,-1.0149472298132858,0.8824524501119159,,10000,Percentile donor bootstrap; small-control-cohort limitations apply.,,
scRNA_PFPP,primary,Spearman,ATG2B,8,28,-0.6904761904761905,-0.3902572523262179,0.3002189381499726,-0.503658454291809,0.7671989928190894,,10000,Percentile donor bootstrap; small-control-cohort limitations apply.,,
scRNA_PFPP,primary,Spearman,ATG3,8,28,-0.30952380952380953,0.04214559386973181,0.35166940339354136,-0.49851401541507506,1.0996715255621181,,10000,Percentile donor bootstrap; small-control-cohort limitations apply.,,
scRNA_PFPP,primary,Spearman,ATG4B,8,28,-0.3333333333333333,0.2933771209633279,0.6267104542966613,-0.39597975772163996,1.3161174568645237,,10000,Percentile donor bootstrap; small-control-cohort limitations apply.,,
scRNA_PFPP,primary,Spearman,ATG4C,8,28,-0.023809523809523808,0.3152709359605912,0.33908045977011503,-0.6732892054897616,1.232307847641964,,10000,Percentile donor bootstrap; small-control-cohort limitations apply.,,
scRNA_PFPP,primary,Spearman,ATG5,8,28,0.16666666666666666,0.006020799124247401,-0.16064586754241925,-0.9749449361125481,0.755229305223447,,10000,Percentile donor bootstrap; small-control-cohort limitations apply.,,
scRNA_PFPP,primary,Spearman,ATG7,8,28,0.2857142857142857,-0.30103995621237006,-0.5867542419266558,-1.3535426282003744,0.44857521750462787,,10000,Percentile donor bootstrap; small-control-cohort limitations apply.,,
scRNA_PFPP,primary,Spearman,ATG9B,8,28,0.5238095238095238,-0.24917766712937237,-0.7729871909388962,-1.3824321329027447,0.24146949021519157,,10000,Percentile donor bootstrap; small-control-cohort limitations apply.,,
scRNA_PFPP,primary,Spearman,ATG101,8,28,-0.2619047619047619,-0.16256157635467983,0.09934318555008209,-0.9016699723862726,0.9302881269393115,,10000,Percentile donor bootstrap; small-control-cohort limitations apply.,,
scRNA_PFPP,primary,Spearman,BCL2,8,28,-0.5,-0.6097427476737822,-0.10974274767378223,-1.0300126769252111,0.42391131655738373,,10000,Percentile donor bootstrap; small-control-cohort limitations apply.,,
scRNA_PFPP,primary,Spearman,BECN1,8,28,0.07142857142857142,-0.12151067323481118,-0.1929392446633826,-1.032327065468603,0.7068461842066714,,10000,Percentile donor bootstrap; small-control-cohort limitations apply.,,
scRNA_PFPP,primary,Spearman,CALCOCO2,8,28,-0.6904761904761905,-0.5758073344280241,0.11466885604816635,-0.6328780066660576,0.5837700265857584,,10000,Percentile donor bootstrap; small-control-cohort limitations apply.,,
scRNA_PFPP,primary,Spearman,CLEC16A,8,28,-0.5,-0.2807881773399015,0.21921182266009848,-0.8413102740813205,0.9303002204431643,,10000,Percentile donor bootstrap; small-control-cohort limitations apply.,,
scRNA_PFPP,primary,Spearman,CTNS,8,28,-0.38095238095238093,0.31581828133552275,0.6967706622879037,-0.2981700910308952,1.4643957564461578,,10000,Percentile donor bootstrap; small-control-cohort limitations apply.,,
scRNA_PFPP,primary,Spearman,EPG5,8,28,-0.21428571428571427,-0.20744389709906955,0.0068418171866447275,-0.9372178700263823,0.7516204673534511,,10000,Percentile donor bootstrap; small-control-cohort limitations apply.,,
scRNA_PFPP,primary,Spearman,GRN,8,28,-0.2857142857142857,0.08538587848932677,0.37110016420361247,-0.5928254438817415,1.1826639904482439,,10000,Percentile donor bootstrap; small-control-cohort limitations apply.,,
scRNA_PFPP,primary,Spearman,GABARAP,8,28,0.5,-0.4116037219485496,-0.9116037219485496,-1.4315640073672689,-0.0522737210331904,,10000,Percentile donor bootstrap; small-control-cohort limitations apply.,,
scRNA_PFPP,primary,Spearman,GABARAPL1,8,28,-0.09523809523809523,0.3415435139573071,0.4367816091954023,-0.5460072390044253,1.2736308006855415,,10000,Percentile donor bootstrap; small-control-cohort limitations apply.,,
scRNA_PFPP,primary,Spearman,GABARAPL2,8,28,-0.6666666666666666,-0.6529830322933772,0.013683634373289455,-0.828603366723006,0.45034132738739646,,10000,Percentile donor bootstrap; small-control-cohort limitations apply.,,
scRNA_PFPP,primary,Spearman,LAMP2,8,28,-0.8571428571428571,-0.23371647509578547,0.6234263820470716,-0.04769822686632998,1.1020152690700251,,10000,Percentile donor bootstrap; small-control-cohort limitations apply.,,
scRNA_PFPP,primary,Spearman,MAP1LC3A,8,28,-0.47619047619047616,-0.09633278598795841,0.37985769020251775,-0.5863781479099177,1.0959136734334738,,10000,Percentile donor bootstrap; small-control-cohort limitations apply.,,
scRNA_PFPP,primary,Spearman,MAP1LC3B,8,28,0.2857142857142857,-0.09523809523809525,-0.38095238095238093,-1.1544396282629197,0.8278349146020274,,10000,Percentile donor bootstrap; small-control-cohort limitations apply.,,
scRNA_PFPP,primary,Spearman,NBR1,8,28,-0.8095238095238095,-0.39080459770114945,0.4187192118226601,-0.26108048774600756,0.8242461678835244,,10000,Percentile donor bootstrap; small-control-cohort limitations apply.,,
scRNA_PFPP,primary,Spearman,OPTN,8,28,-0.35714285714285715,0.3711001642036125,0.7282430213464697,-0.4611972222525317,1.4374060364924013,,10000,Percentile donor bootstrap; small-control-cohort limitations apply.,,
scRNA_PFPP,primary,Spearman,PRKN,8,28,-0.9047619047619048,-0.3081554460864806,0.5966064586754242,0.06387078587931619,0.9805027915544486,,10000,Percentile donor bootstrap; small-control-cohort limitations apply.,,
scRNA_PFPP,primary,Spearman,PIK3R4,8,28,-0.2857142857142857,-0.19430760810071157,0.09140667761357413,-1.0018803182652503,0.9192844621192202,,10000,Percentile donor bootstrap; small-control-cohort limitations apply.,,
scRNA_PFPP,primary,Spearman,PINK1,8,28,-0.2619047619047619,-0.4444444444444445,-0.18253968253968256,-1.1347243450782245,0.596968463295555,,10000,Percentile donor bootstrap; small-control-cohort limitations apply.,,
scRNA_PFPP,primary,Spearman,RB1CC1,8,28,-0.6666666666666666,-0.17624521072796936,0.49042145593869724,-0.4531303341704635,1.03165405737974,,10000,Percentile donor bootstrap; small-control-cohort limitations apply.,,
scRNA_PFPP,primary,Spearman,SNX14,8,28,-0.023809523809523808,-0.4690749863163657,-0.44526546250684185,-1.3477190168316497,0.5514030568960017,,10000,Percentile donor bootstrap; small-control-cohort limitations apply.,,
scRNA_PFPP,primary,Spearman,SNX30,8,28,-0.16666666666666666,-0.04214559386973181,0.12452107279693485,-0.8644378017440899,1.1310115669334904,,10000,Percentile donor bootstrap; small-control-cohort limitations apply.,,
scRNA_PFPP,primary,Spearman,SNX4,8,28,0.11904761904761904,-0.16748768472906406,-0.2865353037766831,-1.1158282699171067,0.7385818637928395,,10000,Percentile donor bootstrap; small-control-cohort limitations apply.,,
scRNA_PFPP,primary,Spearman,SQSTM1,8,28,-0.5952380952380952,-0.018609742747673786,0.5766283524904214,-0.3831148428073035,1.1637445957555599,,10000,Percentile donor bootstrap; small-control-cohort limitations apply.,,
scRNA_PFPP,primary,Spearman,SPG11,8,28,-0.7857142857142857,-0.4592227695675972,0.3264915161466885,-0.35438367387392505,0.732773493102843,,10000,Percentile donor bootstrap; small-control-cohort limitations apply.,,
scRNA_PFPP,primary,Spearman,TOLLIP,8,28,-0.07142857142857142,0.4143404488232075,0.4857690202517789,-0.5087271581301865,1.3312408377898923,,10000,Percentile donor bootstrap; small-control-cohort limitations apply.,,
scRNA_PFPP,primary,Spearman,UVRAG,8,28,-0.8809523809523809,-0.3147235905856596,0.5662287903667214,-0.02438280096602994,0.9798678741033227,,10000,Percentile donor bootstrap; small-control-cohort limitations apply.,,
scRNA_PFPP,primary,Spearman,WDR45,8,28,0.42857142857142855,-0.12041598248494802,-0.5489874110563766,-1.2317228547040424,0.5909586483092881,,10000,Percentile donor bootstrap; small-control-cohort limitations apply.,,
scRNA_PFPP,primary,Spearman,WIPI1,8,28,-0.023809523809523808,0.6042692939244664,0.6280788177339902,-0.4319535380986516,1.4535152728344303,,10000,Percentile donor bootstrap; small-control-cohort limitations apply.,,
scRNA_PFPP,primary,Spearman,WIPI2,8,28,-0.3333333333333333,-0.314176245210728,0.019157088122605304,-1.0199398180364458,0.7969182081415489,,10000,Percentile donor bootstrap; small-control-cohort limitations apply.,,
scRNA_PFPP,primary,Spearman,ZFYVE21,8,28,-0.30952380952380953,-0.24083196496989603,0.0686918445539135,-0.8707996044550551,0.8292581635787333,,10000,Percentile donor bootstrap; small-control-cohort limitations apply.,,
scRNA_PFPP,primary,pooled_nuisance_residualized,ATG10,8,28,-0.09740146837701188,-0.290526473805742,-0.1931250054287301,-0.9598836482745501,0.6125651679738977,,10000,Percentile donor bootstrap. Pooled-residual sensitivity conditions on the fitted nuisance adjustment; not a fully refitted adjusted CI.,,
scRNA_PFPP,primary,pooled_nuisance_residualized,ATG12,8,28,-0.5592691513221667,-0.2065682379827419,0.35270091333942477,-0.2282434474211498,0.8082380843036582,,10000,Percentile donor bootstrap. Pooled-residual sensitivity conditions on the fitted nuisance adjustment; not a fully refitted adjusted CI.,,
scRNA_PFPP,primary,pooled_nuisance_residualized,ATG13,8,28,0.16133330314706631,-0.3142744620841916,-0.4756077652312579,-1.1281079528675197,0.42069096863892197,,10000,Percentile donor bootstrap. Pooled-residual sensitivity conditions on the fitted nuisance adjustment; not a fully refitted adjusted CI.,,
scRNA_PFPP,primary,pooled_nuisance_residualized,ATG16L1,8,28,-0.21194534518639668,0.19197128545312747,0.40391663063952415,-0.5615013836151647,1.0355826068370697,,10000,Percentile donor bootstrap. Pooled-residual sensitivity conditions on the fitted nuisance adjustment; not a fully refitted adjusted CI.,,
scRNA_PFPP,primary,pooled_nuisance_residualized,ATG2A,8,28,0.06517204454502383,-0.20864200309958322,-0.27381404764460704,-1.0271882198641245,0.5394994354841857,,10000,Percentile donor bootstrap. Pooled-residual sensitivity conditions on the fitted nuisance adjustment; not a fully refitted adjusted CI.,,
scRNA_PFPP,primary,pooled_nuisance_residualized,ATG2B,8,28,0.3037734423066458,-0.2339982400744691,-0.537771682381115,-1.1767754263230144,0.35821007123148835,,10000,Percentile donor bootstrap. Pooled-residual sensitivity conditions on the fitted nuisance adjustment; not a fully refitted adjusted CI.,,
scRNA_PFPP,primary,pooled_nuisance_residualized,ATG3,8,28,-0.6826544358935247,0.47098658395892606,1.1536410198524507,0.4710553498454095,1.5978586174225966,,10000,Percentile donor bootstrap. Pooled-residual sensitivity conditions on the fitted nuisance adjustment; not a fully refitted adjusted CI.,,
scRNA_PFPP,primary,pooled_nuisance_residualized,ATG4B,8,28,-0.24770389452653047,0.23434340892607142,0.4820473034526019,-0.26775121674971797,1.0786932382725765,,10000,Percentile donor bootstrap. Pooled-residual sensitivity conditions on the fitted nuisance adjustment; not a fully refitted adjusted CI.,,
scRNA_PFPP,primary,pooled_nuisance_residualized,ATG4C,8,28,0.4502670488993239,0.28475137710723314,-0.16551567179209076,-0.733160567027741,0.6657713973716904,,10000,Percentile donor bootstrap. Pooled-residual sensitivity conditions on the fitted nuisance adjustment; not a fully refitted adjusted CI.,,
scRNA_PFPP,primary,pooled_nuisance_residualized,ATG5,8,28,0.35587249731298737,0.3349157589407081,-0.020956738372279293,-0.7255824056731324,0.6793546566185974,,10000,Percentile donor bootstrap. Pooled-residual sensitivity conditions on the fitted nuisance adjustment; not a fully refitted adjusted CI.,,
scRNA_PFPP,primary,pooled_nuisance_residualized,ATG7,8,28,-0.4274959053004821,-0.14233416178505137,0.2851617435154307,-0.6390179347457885,0.9107754098993227,,10000,Percentile donor bootstrap. Pooled-residual sensitivity conditions on the fitted nuisance adjustment; not a fully refitted adjusted CI.,,
scRNA_PFPP,primary,pooled_nuisance_residualized,ATG9B,8,28,0.31174851364075246,-0.29030767709198196,-0.6020561907327344,-1.1102033055084368,0.07491064594246481,,10000,Percentile donor bootstrap. Pooled-residual sensitivity conditions on the fitted nuisance adjustment; not a fully refitted adjusted CI.,,
scRNA_PFPP,primary,pooled_nuisance_residualized,ATG101,8,28,-0.20397142028032736,-0.07721907512784626,0.1267523451524811,-0.7077373603783484,0.6711665663226897,,10000,Percentile donor bootstrap. Pooled-residual sensitivity conditions on the fitted nuisance adjustment; not a fully refitted adjusted CI.,,
scRNA_PFPP,primary,pooled_nuisance_residualized,BCL2,8,28,-0.3390899829323825,-0.34409473193838697,-0.00500474900600445,-0.7761942929116348,0.44134136752699105,,10000,Percentile donor bootstrap. Pooled-residual sensitivity conditions on the fitted nuisance adjustment; not a fully refitted adjusted CI.,,
scRNA_PFPP,primary,pooled_nuisance_residualized,BECN1,8,28,0.41651454234476515,0.04383584954808736,-0.37267869279667776,-1.0792304124853367,0.574617200761166,,10000,Percentile donor bootstrap. Pooled-residual sensitivity conditions on the fitted nuisance adjustment; not a fully refitted adjusted CI.,,
scRNA_PFPP,primary,pooled_nuisance_residualized,CALCOCO2,8,28,-0.35051923026526227,-0.44452512940136013,-0.09400589913609786,-0.72697971169674,0.3318459487366732,,10000,Percentile donor bootstrap. Pooled-residual sensitivity conditions on the fitted nuisance adjustment; not a fully refitted adjusted CI.,,
scRNA_PFPP,primary,pooled_nuisance_residualized,CLEC16A,8,28,-0.2542241430600387,-0.14844450215318683,0.10577964090685188,-0.6799267667720872,0.8294832907517777,,10000,Percentile donor bootstrap. Pooled-residual sensitivity conditions on the fitted nuisance adjustment; not a fully refitted adjusted CI.,,
scRNA_PFPP,primary,pooled_nuisance_residualized,CTNS,8,28,0.09198159192337735,0.6104475599463794,0.5184659680230022,-0.3299172318913428,1.2434004641656415,,10000,Percentile donor bootstrap. Pooled-residual sensitivity conditions on the fitted nuisance adjustment; not a fully refitted adjusted CI.,,
scRNA_PFPP,primary,pooled_nuisance_residualized,EPG5,8,28,0.2981192067403755,0.13806232670316407,-0.16005688003721144,-0.9400948463683062,0.4796212596797969,,10000,Percentile donor bootstrap. Pooled-residual sensitivity conditions on the fitted nuisance adjustment; not a fully refitted adjusted CI.,,
scRNA_PFPP,primary,pooled_nuisance_residualized,GRN,8,28,0.358113051496341,0.525807651657786,0.167694600161445,-0.7714539439282094,1.4632954037290904,,10000,Percentile donor bootstrap. Pooled-residual sensitivity conditions on the fitted nuisance adjustment; not a fully refitted adjusted CI.,,
scRNA_PFPP,primary,pooled_nuisance_residualized,GABARAP,8,28,0.22067177913510527,-0.30727458673250935,-0.5279463658676147,-1.2132447501374517,0.308717033890847,,10000,Percentile donor bootstrap. Pooled-residual sensitivity conditions on the fitted nuisance adjustment; not a fully refitted adjusted CI.,,
scRNA_PFPP,primary,pooled_nuisance_residualized,GABARAPL1,8,28,-0.045608818446916194,0.1798634511240453,0.2254722695709615,-0.43919600514061624,1.0815360241900143,,10000,Percentile donor bootstrap. Pooled-residual sensitivity conditions on the fitted nuisance adjustment; not a fully refitted adjusted CI.,,
scRNA_PFPP,primary,pooled_nuisance_residualized,GABARAPL2,8,28,-0.22449316406157882,-0.5612222881544143,-0.3367291240928355,-1.1774209368369495,0.4246684403621228,,10000,Percentile donor bootstrap. Pooled-residual sensitivity conditions on the fitted nuisance adjustment; not a fully refitted adjusted CI.,,
scRNA_PFPP,primary,pooled_nuisance_residualized,LAMP2,8,28,-0.2787521423959371,-0.15764550437885322,0.12110663801708388,-0.7885512878004622,0.7100334562322733,,10000,Percentile donor bootstrap. Pooled-residual sensitivity conditions on the fitted nuisance adjustment; not a fully refitted adjusted CI.,,
scRNA_PFPP,primary,pooled_nuisance_residualized,MAP1LC3A,8,28,-0.7463509289282277,-0.12485500287023324,0.6214959260579945,0.17549320706362787,1.0676983238754025,,10000,Percentile donor bootstrap. Pooled-residual sensitivity conditions on the fitted nuisance adjustment; not a fully refitted adjusted CI.,,
scRNA_PFPP,primary,pooled_nuisance_residualized,MAP1LC3B,8,28,0.1290095418289487,0.46745451665266013,0.33844497482371144,-0.6631850920612674,1.237635998666797,,10000,Percentile donor bootstrap. Pooled-residual sensitivity conditions on the fitted nuisance adjustment; not a fully refitted adjusted CI.,,
scRNA_PFPP,primary,pooled_nuisance_residualized,NBR1,8,28,0.21351155365826358,-0.2835245086472911,-0.4970360623055547,-1.2258455789809004,0.2971574139732055,,10000,Percentile donor bootstrap. Pooled-residual sensitivity conditions on the fitted nuisance adjustment; not a fully refitted adjusted CI.,,
scRNA_PFPP,primary,pooled_nuisance_residualized,OPTN,8,28,-0.11519081122942823,0.6129227333313308,0.728113544560759,-0.252752186442753,1.4253436963967883,,10000,Percentile donor bootstrap. Pooled-residual sensitivity conditions on the fitted nuisance adjustment; not a fully refitted adjusted CI.,,
scRNA_PFPP,primary,pooled_nuisance_residualized,PRKN,8,28,-0.826607113950596,-0.2714788354318608,0.5551282785187353,0.11895866823650755,0.7973916937423587,,10000,Percentile donor bootstrap. Pooled-residual sensitivity conditions on the fitted nuisance adjustment; not a fully refitted adjusted CI.,,
scRNA_PFPP,primary,pooled_nuisance_residualized,PIK3R4,8,28,0.034033495184695395,0.12989445934975885,0.09586096416506346,-0.7522701185652815,0.7993164072594396,,10000,Percentile donor bootstrap. Pooled-residual sensitivity conditions on the fitted nuisance adjustment; not a fully refitted adjusted CI.,,
scRNA_PFPP,primary,pooled_nuisance_residualized,PINK1,8,28,-0.377083466712121,-0.1597749165648608,0.2173085501472602,-0.7913161000721741,0.7853478638802802,,10000,Percentile donor bootstrap. Pooled-residual sensitivity conditions on the fitted nuisance adjustment; not a fully refitted adjusted CI.,,
scRNA_PFPP,primary,pooled_nuisance_residualized,RB1CC1,8,28,-0.26319000562174505,0.01000541669358575,0.2731954223153308,-0.534208322339438,0.8018349339788685,,10000,Percentile donor bootstrap. Pooled-residual sensitivity conditions on the fitted nuisance adjustment; not a fully refitted adjusted CI.,,
scRNA_PFPP,primary,pooled_nuisance_residualized,SNX14,8,28,-0.1911355884526459,-0.3136544135660598,-0.12251882511341389,-0.9250606166067298,0.48640474420876306,,10000,Percentile donor bootstrap. Pooled-residual sensitivity conditions on the fitted nuisance adjustment; not a fully refitted adjusted CI.,,
scRNA_PFPP,primary,pooled_nuisance_residualized,SNX30,8,28,0.06711047694252989,0.47740225991728497,0.4102917829747551,-0.7596372186099526,1.0978303631299804,,10000,Percentile donor bootstrap. Pooled-residual sensitivity conditions on the fitted nuisance adjustment; not a fully refitted adjusted CI.,,
scRNA_PFPP,primary,pooled_nuisance_residualized,SNX4,8,28,-0.09222207630064491,-0.04159070679057294,0.05063136951007197,-0.7937626452094831,0.9043560268665422,,10000,Percentile donor bootstrap. Pooled-residual sensitivity conditions on the fitted nuisance adjustment; not a fully refitted adjusted CI.,,
scRNA_PFPP,primary,pooled_nuisance_residualized,SQSTM1,8,28,0.22124524483930455,0.3339941888261142,0.11274894398680965,-0.8280124552527208,1.1051925708196901,,10000,Percentile donor bootstrap. Pooled-residual sensitivity conditions on the fitted nuisance adjustment; not a fully refitted adjusted CI.,,
scRNA_PFPP,primary,pooled_nuisance_residualized,SPG11,8,28,-0.20038085872859662,-0.30485079839891843,-0.10446993967032181,-1.024276694884055,0.3785451837703572,,10000,Percentile donor bootstrap. Pooled-residual sensitivity conditions on the fitted nuisance adjustment; not a fully refitted adjusted CI.,,
scRNA_PFPP,primary,pooled_nuisance_residualized,TOLLIP,8,28,0.26218659069377614,0.6468563480268985,0.38466975733312236,-0.3852743538275785,1.0703137104238414,,10000,Percentile donor bootstrap. Pooled-residual sensitivity conditions on the fitted nuisance adjustment; not a fully refitted adjusted CI.,,
scRNA_PFPP,primary,pooled_nuisance_residualized,UVRAG,8,28,-0.40565718887611146,-0.15749411503014044,0.24816307384597103,-0.6409282938805467,0.7475119857136673,,10000,Percentile donor bootstrap. Pooled-residual sensitivity conditions on the fitted nuisance adjustment; not a fully refitted adjusted CI.,,
scRNA_PFPP,primary,pooled_nuisance_residualized,WDR45,8,28,-0.14516316094358608,0.03299483517113284,0.17815799611471891,-0.5332859656656217,0.9271994458968658,,10000,Percentile donor bootstrap. Pooled-residual sensitivity conditions on the fitted nuisance adjustment; not a fully refitted adjusted CI.,,
scRNA_PFPP,primary,pooled_nuisance_residualized,WIPI1,8,28,0.03961632658435124,0.6491035560317705,0.6094872294474193,-0.2284210053052975,1.3965931565190493,,10000,Percentile donor bootstrap. Pooled-residual sensitivity conditions on the fitted nuisance adjustment; not a fully refitted adjusted CI.,,
scRNA_PFPP,primary,pooled_nuisance_residualized,WIPI2,8,28,-0.2691874303478535,-0.2701821220220907,-0.0009946916742372136,-1.0681559843153636,0.6419850606412919,,10000,Percentile donor bootstrap. Pooled-residual sensitivity conditions on the fitted nuisance adjustment; not a fully refitted adjusted CI.,,
scRNA_PFPP,primary,pooled_nuisance_residualized,ZFYVE21,8,28,0.21046908619726626,-0.13040132470582064,-0.3408704109030869,-1.0820425401831093,0.7139080423133202,,10000,Percentile donor bootstrap. Pooled-residual sensitivity conditions on the fitted nuisance adjustment; not a fully refitted adjusted CI.,,
scRNA_eProg1,primary,Pearson,ATG10,8,28,-0.007934698181218178,-0.4448151590558764,-0.4368804608746582,-1.2885678054730982,0.5791488060416284,0.33707484812915167,10000,Percentile donor bootstrap; small-control-cohort limitations apply.,0.9626942753881191,0.9023729489886372
scRNA_eProg1,primary,Pearson,ATG12,8,28,0.08486258412912956,-0.3474296902882445,-0.43229227441737406,-1.2435504042284435,0.31593544570413085,0.3609120040409608,10000,Percentile donor bootstrap; small-control-cohort limitations apply.,0.9626942753881191,0.9023729489886372
scRNA_eProg1,primary,Pearson,ATG13,8,28,-0.10838484776922147,-0.17534707670706734,-0.06696222893784587,-0.8411768607525564,0.645407420150399,0.8890146574749433,10000,Percentile donor bootstrap; small-control-cohort limitations apply.,0.9626942753881191,0.9930457970063027
scRNA_eProg1,primary,Pearson,ATG16L1,8,28,-0.2972649603770347,0.15242334843427166,0.4496883088113064,-0.3943747008584201,1.1203215788583338,0.34760176555295696,10000,Percentile donor bootstrap; small-control-cohort limitations apply.,0.9626942753881191,0.9023729489886372
scRNA_eProg1,primary,Pearson,ATG2A,8,28,-0.03422787445516894,0.15795240797320878,0.19218028242837773,-0.6555211786396408,1.1053191759782728,0.6928164161190088,10000,Percentile donor bootstrap; small-control-cohort limitations apply.,0.9626942753881191,0.9731315395023393
scRNA_eProg1,primary,Pearson,ATG2B,8,28,-0.41773668896318994,-0.2633514686992911,0.15438522026389884,-0.771370924536011,0.8344911656337031,0.7205611426287073,10000,Percentile donor bootstrap; small-control-cohort limitations apply.,0.9626942753881191,0.9731315395023393
scRNA_eProg1,primary,Pearson,ATG3,8,28,-0.27956023359543386,-0.0452053170780406,0.23435491651739326,-0.8433479841999342,1.0379923618329485,0.6213649617509005,10000,Percentile donor bootstrap; small-control-cohort limitations apply.,0.9626942753881191,0.9552327023931755
scRNA_eProg1,primary,Pearson,ATG4B,8,28,0.06516465062613365,0.4782423038253795,0.4130776531992459,-0.36346469806525095,1.199103122434218,0.3525395248084675,10000,Percentile donor bootstrap; small-control-cohort limitations apply.,0.9626942753881191,0.9023729489886372
scRNA_eProg1,primary,Pearson,ATG4C,8,28,-0.025274576233575402,-0.1485291826836594,-0.12325460645008399,-1.2529457917065085,0.739361781959166,0.7996184656141856,10000,Percentile donor bootstrap; small-control-cohort limitations apply.,0.9626942753881191,0.9922092915065475
scRNA_eProg1,primary,Pearson,ATG5,8,28,0.004069930174852652,0.037708960618083605,0.03363903044323095,-0.8729460223898906,0.9572401773678485,0.9452269432012803,10000,Percentile donor bootstrap; small-control-cohort limitations apply.,0.9626942753881191,0.9974189108758099
scRNA_eProg1,primary,Pearson,ATG7,8,28,-0.1728272063185874,-0.2503799426885727,-0.07755273636998533,-0.9236905593265111,0.6021930109055901,0.8682925181921795,10000,Percentile donor bootstrap; small-control-cohort limitations apply.,0.9626942753881191,0.9922092915065475
scRNA_eProg1,primary,Pearson,ATG9B,8,28,-0.21526812583098526,0.1405688412775944,0.35583696710857965,-0.6161302630567487,1.1314361579676693,0.4621905758110987,10000,Percentile donor bootstrap; small-control-cohort limitations apply.,0.9626942753881191,0.9060280057488495
scRNA_eProg1,primary,Pearson,ATG101,8,28,0.20671376520438667,0.27441430845325077,0.0677005432488641,-0.5837520752487548,1.0891883844423293,0.8833246627315376,10000,Percentile donor bootstrap; small-control-cohort limitations apply.,0.9626942753881191,0.9922092915065475
scRNA_eProg1,primary,Pearson,BCL2,8,28,-0.44180394593388045,-0.2522520203761045,0.18955192555777595,-0.633023882352683,0.7004093027587991,0.6583138236425847,10000,Percentile donor bootstrap; small-control-cohort limitations apply.,0.9626942753881191,0.9709463841941999
scRNA_eProg1,primary,Pearson,BECN1,8,28,0.22073751597134783,-0.24012299861594635,-0.46086051458729416,-1.2413228104928782,0.5767299545065075,0.33804869119244874,10000,Percentile donor bootstrap; small-control-cohort limitations apply.,0.9626942753881191,0.9023729489886372
scRNA_eProg1,primary,Pearson,CALCOCO2,8,28,-0.6561309246147846,-0.4010305549329978,0.25510036968178684,-0.35229026423139526,0.7993872561190172,0.46105031961956355,10000,Percentile donor bootstrap; small-control-cohort limitations apply.,0.9626942753881191,0.9060280057488495
scRNA_eProg1,primary,Pearson,CLEC16A,8,28,-0.232755032605486,-0.13797578508980904,0.09477924751567696,-0.9781918687350553,0.7883131453486601,0.8410667140874416,10000,Percentile donor bootstrap; small-control-cohort limitations apply.,0.9626942753881191,0.9922092915065475
scRNA_eProg1,primary,Pearson,CTNS,8,28,0.20640102602358576,0.2727963005229464,0.06639527449936064,-0.6857777210658318,0.8879755951643251,0.8856167302666893,10000,Percentile donor bootstrap; small-control-cohort limitations apply.,0.9626942753881191,0.9922092915065475
scRNA_eProg1,primary,Pearson,EPG5,8,28,-0.2828408500968699,-0.11858990282722598,0.1642509472696439,-1.0383727938006333,0.9133637287086767,0.7261052332284286,10000,Percentile donor bootstrap; small-control-cohort limitations apply.,0.9626942753881191,0.9731315395023393
scRNA_eProg1,primary,Pearson,GRN,8,28,0.270412172614256,0.5590578241143386,0.2886456515000826,-0.37714601423768257,1.0998182776075844,0.46973389829409995,10000,Percentile donor bootstrap; small-control-cohort limitations apply.,0.9626942753881191,0.9060280057488495
scRNA_eProg1,primary,Pearson,GABARAP,8,28,-0.10392890065602262,-0.4680651788202717,-0.3641362781642491,-1.3071900012938928,0.3208233007859196,0.4103939214253768,10000,Percentile donor bootstrap; small-control-cohort limitations apply.,0.9626942753881191,0.9023729489886372
scRNA_eProg1,primary,Pearson,GABARAPL1,8,28,0.07031504765239287,0.6399348182759411,0.5696197706235483,-0.1839289654750542,1.2931234616630694,0.16043111513073594,10000,Percentile donor bootstrap; small-control-cohort limitations apply.,0.9626942753881191,0.8970249515146085
scRNA_eProg1,primary,Pearson,GABARAPL2,8,28,-0.04481423314413119,-0.5229962073628419,-0.4781819742187107,-1.409696376114897,0.38058968257097675,0.2742571631765943,10000,Percentile donor bootstrap; small-control-cohort limitations apply.,0.9626942753881191,0.8970249515146085
scRNA_eProg1,primary,Pearson,LAMP2,8,28,-0.35375096135670714,0.1628844841390808,0.516635445495788,-0.06981115143554327,1.087711845448045,0.27563726508483377,10000,Percentile donor bootstrap; small-control-cohort limitations apply.,0.9626942753881191,0.8970249515146085
scRNA_eProg1,primary,Pearson,MAP1LC3A,8,28,-0.18058062898597382,-0.20265214886108016,-0.022071519875106332,-1.003211312764514,0.994653247973974,0.9626942753881192,10000,Percentile donor bootstrap; small-control-cohort limitations apply.,0.9626942753881191,0.9974189108758099
scRNA_eProg1,primary,Pearson,MAP1LC3B,8,28,0.13066862386640576,-0.052611173917706984,-0.18327979778411274,-1.0421906718961051,0.7898987017015906,0.7071017455090297,10000,Percentile donor bootstrap; small-control-cohort limitations apply.,0.9626942753881191,0.9731315395023393
scRNA_eProg1,primary,Pearson,NBR1,8,28,-0.36828307782749825,-0.051410141257168356,0.3168729365703299,-0.3421444852975486,0.8559013777271367,0.49411746914805443,10000,Percentile donor bootstrap; small-control-cohort limitations apply.,0.9626942753881191,0.9060280057488495
scRNA_eProg1,primary,Pearson,OPTN,8,28,0.5979187453880991,0.3900585141089884,-0.20786023127911069,-0.7750714866011273,1.0089349549247224,0.5703531633440144,10000,Percentile donor bootstrap; small-control-cohort limitations apply.,0.9626942753881191,0.9436456631828799
scRNA_eProg1,primary,Pearson,PRKN,8,28,-0.5553054737435807,-0.3584087503990884,0.19689672334449232,-0.5299073683757887,0.6863571808591206,0.6084607873343506,10000,Percentile donor bootstrap; small-control-cohort limitations apply.,0.9626942753881191,0.9495675923551229
scRNA_eProg1,primary,Pearson,PIK3R4,8,28,-0.06780326366765156,-0.12015767016369532,-0.052354406496043754,-0.9751154436188975,0.8523621323692921,0.9141178265329452,10000,Percentile donor bootstrap; small-control-cohort limitations apply.,0.9626942753881191,0.9974189108758099
scRNA_eProg1,primary,Pearson,PINK1,8,28,-0.10256183050126735,-0.1313847611921185,-0.02882293069085115,-0.9674689842413853,1.01036358528125,0.952430279533842,10000,Percentile donor bootstrap; small-control-cohort limitations apply.,0.9626942753881191,0.9974189108758099
scRNA_eProg1,primary,Pearson,RB1CC1,8,28,-0.7201897338776344,-0.2762448589371083,0.4439448749405261,-0.49487778750178507,1.04040219096962,0.20244866644133563,10000,Percentile donor bootstrap; small-control-cohort limitations apply.,0.9626942753881191,0.8970249515146085
scRNA_eProg1,primary,Pearson,SNX14,8,28,0.5419744642424646,-0.30906560529681576,-0.8510400695392804,-1.3874308734340186,-0.14643341368280607,0.05860744928795096,10000,Percentile donor bootstrap; small-control-cohort limitations apply.,0.9626942753881191,0.7473194278158707
scRNA_eProg1,primary,Pearson,SNX30,8,28,-0.33845591375950224,-0.07280914617755044,0.2656467675819518,-0.6932227934593497,0.9750360507538073,0.5684456788067669,10000,Percentile donor bootstrap; small-control-cohort limitations apply.,0.9626942753881191,0.9436456631828799
scRNA_eProg1,primary,Pearson,SNX4,8,28,-0.38675918696056844,-0.4584247334225588,-0.07166554646199036,-1.3233798856506538,0.6716447139583754,0.8585150791147085,10000,Percentile donor bootstrap; small-control-cohort limitations apply.,0.9626942753881191,0.9922092915065475
scRNA_eProg1,primary,Pearson,SQSTM1,8,28,0.06904440558409408,0.30387412369455363,0.23482971811045955,-0.5027937375312437,0.9406824873989004,0.6175366073427093,10000,Percentile donor bootstrap; small-control-cohort limitations apply.,0.9626942753881191,0.9532583988140741
scRNA_eProg1,primary,Pearson,SPG11,8,28,-0.2839607426288377,-0.14076437984381576,0.14319636278502193,-1.2641172929959221,0.9915702979030153,0.7590283245193226,10000,Percentile donor bootstrap; small-control-cohort limitations apply.,0.9626942753881191,0.9821597666518872
scRNA_eProg1,primary,Pearson,TOLLIP,8,28,0.20026107990990386,0.11659855427500701,-0.08366252563489684,-0.8980711005960782,0.9163620370485904,0.8608533495775038,10000,Percentile donor bootstrap; small-control-cohort limitations apply.,0.9626942753881191,0.9922092915065475
scRNA_eProg1,primary,Pearson,UVRAG,8,28,-0.5781799750533657,-0.2433655056508259,0.3348144694025398,-0.47024250562445336,0.8800850756580908,0.4010666579984149,10000,Percentile donor bootstrap; small-control-cohort limitations apply.,0.9626942753881191,0.9023729489886372
scRNA_eProg1,primary,Pearson,WDR45,8,28,0.16226273547665884,0.0654991911373664,-0.09676354433929245,-1.0112886991657717,0.8662616173644498,0.8412617858134073,10000,Percentile donor bootstrap; small-control-cohort limitations apply.,0.9626942753881191,0.9922092915065475
scRNA_eProg1,primary,Pearson,WIPI1,8,28,0.6785631675969815,0.6365031555899249,-0.04206001200705667,-0.37260376636353676,0.3092972365501763,0.8796562469020951,10000,Percentile donor bootstrap; small-control-cohort limitations apply.,0.9626942753881191,0.9922092915065475
scRNA_eProg1,primary,Pearson,WIPI2,8,28,0.03142647494839095,-0.17966611558335072,-0.21109259053174168,-1.0240429032600922,1.0674848338672283,0.6636085594333792,10000,Percentile donor bootstrap; small-control-cohort limitations apply.,0.9626942753881191,0.9709463841941999
scRNA_eProg1,primary,Pearson,ZFYVE21,8,28,-0.20846706143846028,0.14959491703367822,0.3580619784721385,-0.508578838936502,1.1629067978041592,0.4595851681991423,10000,Percentile donor bootstrap; small-control-cohort limitations apply.,0.9626942753881191,0.9060280057488495
scRNA_eProg1,primary,Spearman,ATG10,8,28,0.023809523809523808,-0.44334975369458135,-0.46715927750410513,-1.3048252679548855,0.6751328714582222,,10000,Percentile donor bootstrap; small-control-cohort limitations apply.,,
scRNA_eProg1,primary,Spearman,ATG12,8,28,0.21428571428571427,-0.374384236453202,-0.5886699507389163,-1.3665468818088076,0.3932579049661598,,10000,Percentile donor bootstrap; small-control-cohort limitations apply.,,
scRNA_eProg1,primary,Spearman,ATG13,8,28,-0.3333333333333333,-0.1488779419813903,0.18445539135194303,-0.8484858734236015,0.8127761563902245,,10000,Percentile donor bootstrap; small-control-cohort limitations apply.,,
scRNA_eProg1,primary,Spearman,ATG16L1,8,28,-0.19047619047619047,0.24247400109469078,0.4329501915708812,-0.47984658991085877,1.1953813379137412,,10000,Percentile donor bootstrap; small-control-cohort limitations apply.,,
scRNA_eProg1,primary,Spearman,ATG2A,8,28,0.09523809523809523,0.3245758073344281,0.22933771209633286,-0.6688633072159422,1.232846707303672,,10000,Percentile donor bootstrap; small-control-cohort limitations apply.,,
scRNA_eProg1,primary,Spearman,ATG2B,8,28,-0.42857142857142855,-0.3163656267104543,0.11220580186097423,-0.8947520693338309,0.8363665720628857,,10000,Percentile donor bootstrap; small-control-cohort limitations apply.,,
scRNA_eProg1,primary,Spearman,ATG3,8,28,-0.023809523809523808,-0.09906951286261632,-0.07525998905309252,-1.0041644777763719,0.9468062140307879,,10000,Percentile donor bootstrap; small-control-cohort limitations apply.,,
scRNA_eProg1,primary,Spearman,ATG4B,8,28,0.2857142857142857,0.5922276956759717,0.30651340996168597,-0.4061329009757168,1.244695092358915,,10000,Percentile donor bootstrap; small-control-cohort limitations apply.,,
scRNA_eProg1,primary,Spearman,ATG4C,8,28,0.16666666666666666,-0.018609742747673786,-0.18527640941434045,-1.1580847908668375,0.7871540990701036,,10000,Percentile donor bootstrap; small-control-cohort limitations apply.,,
scRNA_eProg1,primary,Spearman,ATG5,8,28,0.14285714285714285,-0.05254515599343186,-0.1954022988505747,-1.0571308968239632,0.8955597931070532,,10000,Percentile donor bootstrap; small-control-cohort limitations apply.,,
scRNA_eProg1,primary,Spearman,ATG7,8,28,-0.047619047619047616,-0.3092501368363438,-0.26163108921729616,-1.1700627845760176,0.5762559617962598,,10000,Percentile donor bootstrap; small-control-cohort limitations apply.,,
scRNA_eProg1,primary,Spearman,ATG9B,8,28,-0.35714285714285715,0.33771209633278604,0.6948549534756432,-0.4476201932489615,1.353474320241692,,10000,Percentile donor bootstrap; small-control-cohort limitations apply.,,
scRNA_eProg1,primary,Spearman,ATG101,8,28,0.14285714285714285,0.4159824849480022,0.27312534209085937,-0.5174884069298886,1.2467041607252392,,10000,Percentile donor bootstrap; small-control-cohort limitations apply.,,
scRNA_eProg1,primary,Spearman,BCL2,8,28,-0.3333333333333333,-0.3628899835796388,-0.029556650246305494,-0.9744794332576417,0.7224909154497309,,10000,Percentile donor bootstrap; small-control-cohort limitations apply.,,
scRNA_eProg1,primary,Spearman,BECN1,8,28,0.14285714285714285,-0.23097974822112757,-0.37383689107827045,-1.2002574217878794,0.7270834769482548,,10000,Percentile donor bootstrap; small-control-cohort limitations apply.,,
scRNA_eProg1,primary,Spearman,CALCOCO2,8,28,-0.7380952380952381,-0.4417077175697866,0.29638752052545153,-0.505803142716107,0.7738078627387793,,10000,Percentile donor bootstrap; small-control-cohort limitations apply.,,
scRNA_eProg1,primary,Spearman,CLEC16A,8,28,0.023809523809523808,-0.10782703886152163,-0.13163656267104545,-1.14043797685856,0.814739481706715,,10000,Percentile donor bootstrap; small-control-cohort limitations apply.,,
scRNA_eProg1,primary,Spearman,CTNS,8,28,-0.07142857142857142,0.16365626710454298,0.2350848385331144,-0.6242177655802427,1.0115607361853716,,10000,Percentile donor bootstrap; small-control-cohort limitations apply.,,
scRNA_eProg1,primary,Spearman,EPG5,8,28,-0.023809523809523808,-0.2025177887246853,-0.17870826491516148,-1.1866957519019996,0.7823384267620255,,10000,Percentile donor bootstrap; small-control-cohort limitations apply.,,
scRNA_eProg1,primary,Spearman,GRN,8,28,0.23809523809523808,0.434592227695676,0.19649698960043793,-0.5675850196023463,1.0681869338860768,,10000,Percentile donor bootstrap; small-control-cohort limitations apply.,,
scRNA_eProg1,primary,Spearman,GABARAP,8,28,-0.19047619047619047,-0.501368363437329,-0.3108921729611386,-1.3246771511570208,0.5102042973911347,,10000,Percentile donor bootstrap; small-control-cohort limitations apply.,,
scRNA_eProg1,primary,Spearman,GABARAPL1,8,28,0.11904761904761904,0.738368910782704,0.6193212917350849,-0.19275892030064382,1.5329481559564164,,10000,Percentile donor bootstrap; small-control-cohort limitations apply.,,
scRNA_eProg1,primary,Spearman,GABARAPL2,8,28,0.023809523809523808,-0.3475643130815545,-0.3713738368910783,-1.2288946901357078,0.6354407660715122,,10000,Percentile donor bootstrap; small-control-cohort limitations apply.,,
scRNA_eProg1,primary,Spearman,LAMP2,8,28,-0.6190476190476191,0.22167487684729067,0.8407224958949098,-0.017987220200684564,1.3118759158699862,,10000,Percentile donor bootstrap; small-control-cohort limitations apply.,,
scRNA_eProg1,primary,Spearman,MAP1LC3A,8,28,-0.14285714285714285,-0.08648056923918994,0.05637657361795291,-0.8981333116121968,1.0763895241080463,,10000,Percentile donor bootstrap; small-control-cohort limitations apply.,,
scRNA_eProg1,primary,Spearman,MAP1LC3B,8,28,0.19047619047619047,-0.16365626710454298,-0.3541324575807334,-1.2156443522478473,0.7122616374944994,,10000,Percentile donor bootstrap; small-control-cohort limitations apply.,,
scRNA_eProg1,primary,Spearman,NBR1,8,28,-0.5476190476190477,-0.10509031198686372,0.442528735632184,-0.44600244589813176,1.0429615816019202,,10000,Percentile donor bootstrap; small-control-cohort limitations apply.,,
scRNA_eProg1,primary,Spearman,OPTN,8,28,0.5714285714285714,0.3388067870826492,-0.23262178434592218,-0.8957558807405466,0.6632989637063181,,10000,Percentile donor bootstrap; small-control-cohort limitations apply.,,
scRNA_eProg1,primary,Spearman,PRKN,8,28,-0.40476190476190477,-0.2933771209633279,0.11138478379857686,-0.9112184955161999,0.7841016928255201,,10000,Percentile donor bootstrap; small-control-cohort limitations apply.,,
scRNA_eProg1,primary,Spearman,PIK3R4,8,28,-0.21428571428571427,-0.2353585112205802,-0.02107279693486594,-0.8693240408606792,0.8418921490877164,,10000,Percentile donor bootstrap; small-control-cohort limitations apply.,,
scRNA_eProg1,primary,Spearman,PINK1,8,28,-0.09523809523809523,-0.05199781061850028,0.043240284619594956,-0.8877983132710324,0.9773728530462267,,10000,Percentile donor bootstrap; small-control-cohort limitations apply.,,
scRNA_eProg1,primary,Spearman,RB1CC1,8,28,-0.5476190476190477,-0.2545155993431856,0.2931034482758621,-0.6076440065944864,0.9430304576425823,,10000,Percentile donor bootstrap; small-control-cohort limitations apply.,,
scRNA_eProg1,primary,Spearman,SNX14,8,28,0.40476190476190477,-0.374384236453202,-0.7791461412151068,-1.4219629149056554,0.21612657561760612,,10000,Percentile donor bootstrap; small-control-cohort limitations apply.,,
scRNA_eProg1,primary,Spearman,SNX30,8,28,-0.40476190476190477,-0.19102353585112208,0.21373836891078268,-0.7753912098722825,1.0084166730509931,,10000,Percentile donor bootstrap; small-control-cohort limitations apply.,,
scRNA_eProg1,primary,Spearman,SNX4,8,28,-0.047619047619047616,-0.5566502463054188,-0.5090311986863711,-1.4923999752938162,0.36658944336475646,,10000,Percentile donor bootstrap; small-control-cohort limitations apply.,,
scRNA_eProg1,primary,Spearman,SQSTM1,8,28,0.07142857142857142,0.3541324575807335,0.282703886152162,-0.6710177164025117,1.1093696226185568,,10000,Percentile donor bootstrap; small-control-cohort limitations apply.,,
scRNA_eProg1,primary,Spearman,SPG11,8,28,-0.07142857142857142,-0.36453201970443355,-0.2931034482758621,-1.3614009488984586,0.615257620731882,,10000,Percentile donor bootstrap; small-control-cohort limitations apply.,,
scRNA_eProg1,primary,Spearman,TOLLIP,8,28,0.2857142857142857,-0.03667214012041599,-0.3223864258347017,-1.1287952605423193,0.7607782992734946,,10000,Percentile donor bootstrap; small-control-cohort limitations apply.,,
scRNA_eProg1,primary,Spearman,UVRAG,8,28,-0.5714285714285714,-0.3021346469622332,0.2692939244663382,-0.6877199888475587,0.8296317556135436,,10000,Percentile donor bootstrap; small-control-cohort limitations apply.,,
scRNA_eProg1,primary,Spearman,WDR45,8,28,0.16666666666666666,0.041598248494800226,-0.12506841817186642,-0.9807223700665855,0.9775249361013814,,10000,Percentile donor bootstrap; small-control-cohort limitations apply.,,
scRNA_eProg1,primary,Spearman,WIPI1,8,28,0.8095238095238095,0.6529830322933772,-0.15654077723043236,-0.5114657163479329,0.3940245936597027,,10000,Percentile donor bootstrap; small-control-cohort limitations apply.,,
scRNA_eProg1,primary,Spearman,WIPI2,8,28,-0.11904761904761904,0.061302681992337175,0.18035030103995622,-0.7855822938017162,1.178381498612243,,10000,Percentile donor bootstrap; small-control-cohort limitations apply.,,
scRNA_eProg1,primary,Spearman,ZFYVE21,8,28,-0.21428571428571427,0.09797482211275316,0.3122605363984674,-0.6432010663878905,1.2575387773825482,,10000,Percentile donor bootstrap; small-control-cohort limitations apply.,,
scRNA_eProg1,primary,pooled_nuisance_residualized,ATG10,8,28,-0.09992683768717514,-0.5452569375205799,-0.44533009983340477,-1.3209537027988691,0.3355857086710962,,10000,Percentile donor bootstrap. Pooled-residual sensitivity conditions on the fitted nuisance adjustment; not a fully refitted adjusted CI.,,
scRNA_eProg1,primary,pooled_nuisance_residualized,ATG12,8,28,-0.35723449620331243,-0.3811075934392021,-0.02387309723588965,-0.9226497311018884,0.6524899056292464,,10000,Percentile donor bootstrap. Pooled-residual sensitivity conditions on the fitted nuisance adjustment; not a fully refitted adjusted CI.,,
scRNA_eProg1,primary,pooled_nuisance_residualized,ATG13,8,28,0.0848898422270815,-0.3643607448108403,-0.4492505870379218,-1.1872227620743723,0.4486217647356581,,10000,Percentile donor bootstrap. Pooled-residual sensitivity conditions on the fitted nuisance adjustment; not a fully refitted adjusted CI.,,
scRNA_eProg1,primary,pooled_nuisance_residualized,ATG16L1,8,28,-0.302034904325133,0.21292529011351916,0.5149601944386522,-0.3516753898672085,1.0981644548273497,,10000,Percentile donor bootstrap. Pooled-residual sensitivity conditions on the fitted nuisance adjustment; not a fully refitted adjusted CI.,,
scRNA_eProg1,primary,pooled_nuisance_residualized,ATG2A,8,28,-0.1329830010756835,0.22084158616609753,0.353824587241781,-0.5613613655978762,1.319579652055782,,10000,Percentile donor bootstrap. Pooled-residual sensitivity conditions on the fitted nuisance adjustment; not a fully refitted adjusted CI.,,
scRNA_eProg1,primary,pooled_nuisance_residualized,ATG2B,8,28,-0.3606660540407919,-0.4448534810314279,-0.08418742699063603,-1.1719549675928127,0.5917039954807065,,10000,Percentile donor bootstrap. Pooled-residual sensitivity conditions on the fitted nuisance adjustment; not a fully refitted adjusted CI.,,
scRNA_eProg1,primary,pooled_nuisance_residualized,ATG3,8,28,-0.16741606264288347,-0.13164639368517903,0.03576966895770445,-0.7347727718949881,0.766784453310687,,10000,Percentile donor bootstrap. Pooled-residual sensitivity conditions on the fitted nuisance adjustment; not a fully refitted adjusted CI.,,
scRNA_eProg1,primary,pooled_nuisance_residualized,ATG4B,8,28,0.46911546734082255,0.5944514628510777,0.1253359955102552,-0.42291912682201904,1.0708450790535304,,10000,Percentile donor bootstrap. Pooled-residual sensitivity conditions on the fitted nuisance adjustment; not a fully refitted adjusted CI.,,
scRNA_eProg1,primary,pooled_nuisance_residualized,ATG4C,8,28,-0.04667358978197571,-0.10756902336844174,-0.06089543358646603,-0.9988130905526438,0.8024669442925366,,10000,Percentile donor bootstrap. Pooled-residual sensitivity conditions on the fitted nuisance adjustment; not a fully refitted adjusted CI.,,
scRNA_eProg1,primary,pooled_nuisance_residualized,ATG5,8,28,0.22241650109680405,0.0624253180460998,-0.15999118305070426,-0.898657994691606,0.6759581160123358,,10000,Percentile donor bootstrap. Pooled-residual sensitivity conditions on the fitted nuisance adjustment; not a fully refitted adjusted CI.,,
scRNA_eProg1,primary,pooled_nuisance_residualized,ATG7,8,28,-0.3188817740639385,-0.3801351729035979,-0.06125339883965941,-0.7718670414047678,0.49694412098573504,,10000,Percentile donor bootstrap. Pooled-residual sensitivity conditions on the fitted nuisance adjustment; not a fully refitted adjusted CI.,,
scRNA_eProg1,primary,pooled_nuisance_residualized,ATG9B,8,28,-0.3876539423301546,0.1986350351404895,0.5862889774706441,-0.46637184930557335,1.1988784339301914,,10000,Percentile donor bootstrap. Pooled-residual sensitivity conditions on the fitted nuisance adjustment; not a fully refitted adjusted CI.,,
scRNA_eProg1,primary,pooled_nuisance_residualized,ATG101,8,28,0.396121169463921,0.33431000156811064,-0.06181116789581037,-0.7406250537448437,1.0023337691385703,,10000,Percentile donor bootstrap. Pooled-residual sensitivity conditions on the fitted nuisance adjustment; not a fully refitted adjusted CI.,,
scRNA_eProg1,primary,pooled_nuisance_residualized,BCL2,8,28,-0.5089695171796219,-0.3769885776822821,0.1319809394973398,-0.5025090411918743,0.6173289820631194,,10000,Percentile donor bootstrap. Pooled-residual sensitivity conditions on the fitted nuisance adjustment; not a fully refitted adjusted CI.,,
scRNA_eProg1,primary,pooled_nuisance_residualized,BECN1,8,28,-0.020612280009823646,-0.4352288156237699,-0.4146165356139463,-1.1709755175477194,0.4957687973895543,,10000,Percentile donor bootstrap. Pooled-residual sensitivity conditions on the fitted nuisance adjustment; not a fully refitted adjusted CI.,,
scRNA_eProg1,primary,pooled_nuisance_residualized,CALCOCO2,8,28,-0.5641770912153888,-0.5201285257106998,0.04404856550468905,-0.7181954654761493,0.5993741854758824,,10000,Percentile donor bootstrap. Pooled-residual sensitivity conditions on the fitted nuisance adjustment; not a fully refitted adjusted CI.,,
scRNA_eProg1,primary,pooled_nuisance_residualized,CLEC16A,8,28,-0.17736655873599622,-0.17518768879229488,0.0021788699437013392,-0.7667109224191646,0.6825078304674442,,10000,Percentile donor bootstrap. Pooled-residual sensitivity conditions on the fitted nuisance adjustment; not a fully refitted adjusted CI.,,
scRNA_eProg1,primary,pooled_nuisance_residualized,CTNS,8,28,0.15980355388980097,0.26106512261640025,0.10126156872659928,-0.6246081997290042,1.021696726876712,,10000,Percentile donor bootstrap. Pooled-residual sensitivity conditions on the fitted nuisance adjustment; not a fully refitted adjusted CI.,,
scRNA_eProg1,primary,pooled_nuisance_residualized,EPG5,8,28,-0.2030141296791402,-0.20113787374174352,0.0018762559373966814,-0.8083284730927621,0.819602194555928,,10000,Percentile donor bootstrap. Pooled-residual sensitivity conditions on the fitted nuisance adjustment; not a fully refitted adjusted CI.,,
scRNA_eProg1,primary,pooled_nuisance_residualized,GRN,8,28,0.7432557298044122,0.6330660545082469,-0.1101896752961653,-0.5564379670484765,0.2892604198332204,,10000,Percentile donor bootstrap. Pooled-residual sensitivity conditions on the fitted nuisance adjustment; not a fully refitted adjusted CI.,,
scRNA_eProg1,primary,pooled_nuisance_residualized,GABARAP,8,28,-0.35621439348038414,-0.517627355002013,-0.16141296152162882,-1.1614258949565293,0.4559016652953854,,10000,Percentile donor bootstrap. Pooled-residual sensitivity conditions on the fitted nuisance adjustment; not a fully refitted adjusted CI.,,
scRNA_eProg1,primary,pooled_nuisance_residualized,GABARAPL1,8,28,0.46278330984352095,0.7186818978151046,0.25589858797158366,-0.205679280255159,1.326902160727463,,10000,Percentile donor bootstrap. Pooled-residual sensitivity conditions on the fitted nuisance adjustment; not a fully refitted adjusted CI.,,
scRNA_eProg1,primary,pooled_nuisance_residualized,GABARAPL2,8,28,-0.2253548351923151,-0.5771274904183884,-0.35177265522607326,-1.194298270956568,0.39951212277956233,,10000,Percentile donor bootstrap. Pooled-residual sensitivity conditions on the fitted nuisance adjustment; not a fully refitted adjusted CI.,,
scRNA_eProg1,primary,pooled_nuisance_residualized,LAMP2,8,28,-0.5215487082092307,0.2346965848867128,0.7562452930959436,-0.07062444330557009,1.3031366876520196,,10000,Percentile donor bootstrap. Pooled-residual sensitivity conditions on the fitted nuisance adjustment; not a fully refitted adjusted CI.,,
scRNA_eProg1,primary,pooled_nuisance_residualized,MAP1LC3A,8,28,-0.44319672910952984,-0.2706187141549047,0.17257801495462516,-0.914911337763575,1.0334850043318655,,10000,Percentile donor bootstrap. Pooled-residual sensitivity conditions on the fitted nuisance adjustment; not a fully refitted adjusted CI.,,
scRNA_eProg1,primary,pooled_nuisance_residualized,MAP1LC3B,8,28,0.1880658399799494,-0.11068088792617235,-0.2987467279061218,-1.0422383079039206,0.7370440365915649,,10000,Percentile donor bootstrap. Pooled-residual sensitivity conditions on the fitted nuisance adjustment; not a fully refitted adjusted CI.,,
scRNA_eProg1,primary,pooled_nuisance_residualized,NBR1,8,28,-0.22123866408728826,-0.0957903738529431,0.12544829023434517,-0.7933613103521141,0.8551259927840136,,10000,Percentile donor bootstrap. Pooled-residual sensitivity conditions on the fitted nuisance adjustment; not a fully refitted adjusted CI.,,
scRNA_eProg1,primary,pooled_nuisance_residualized,OPTN,8,28,0.5201395026146207,0.4003765261035226,-0.11976297651109813,-0.6730399486720369,0.5278874539528401,,10000,Percentile donor bootstrap. Pooled-residual sensitivity conditions on the fitted nuisance adjustment; not a fully refitted adjusted CI.,,
scRNA_eProg1,primary,pooled_nuisance_residualized,PRKN,8,28,-0.5430778444898512,-0.43344979611322987,0.10962804837662132,-0.5791773843809698,0.6958275170155622,,10000,Percentile donor bootstrap. Pooled-residual sensitivity conditions on the fitted nuisance adjustment; not a fully refitted adjusted CI.,,
scRNA_eProg1,primary,pooled_nuisance_residualized,PIK3R4,8,28,-0.16283564715754786,-0.2327262732199342,-0.06989062606238633,-0.873251484726418,0.5817530144796398,,10000,Percentile donor bootstrap. Pooled-residual sensitivity conditions on the fitted nuisance adjustment; not a fully refitted adjusted CI.,,
scRNA_eProg1,primary,pooled_nuisance_residualized,PINK1,8,28,-0.3057722028254687,-0.19685053429829147,0.10892166852717722,-1.0498478451692652,0.8083910279999498,,10000,Percentile donor bootstrap. Pooled-residual sensitivity conditions on the fitted nuisance adjustment; not a fully refitted adjusted CI.,,
scRNA_eProg1,primary,pooled_nuisance_residualized,RB1CC1,8,28,-0.391483151097887,-0.384374143976804,0.007109007121083033,-1.0336634643085458,0.8026913045242285,,10000,Percentile donor bootstrap. Pooled-residual sensitivity conditions on the fitted nuisance adjustment; not a fully refitted adjusted CI.,,
scRNA_eProg1,primary,pooled_nuisance_residualized,SNX14,8,28,0.4208070056337189,-0.4686608179209261,-0.889467823554645,-1.468576003979514,0.1225588299806105,,10000,Percentile donor bootstrap. Pooled-residual sensitivity conditions on the fitted nuisance adjustment; not a fully refitted adjusted CI.,,
scRNA_eProg1,primary,pooled_nuisance_residualized,SNX30,8,28,-0.10818384524724706,-0.1298315451076525,-0.021647699860405434,-1.017973901103964,0.8544008765624115,,10000,Percentile donor bootstrap. Pooled-residual sensitivity conditions on the fitted nuisance adjustment; not a fully refitted adjusted CI.,,
scRNA_eProg1,primary,pooled_nuisance_residualized,SNX4,8,28,-0.5678821833227936,-0.6152385354118717,-0.04735635208907807,-0.5099727224996153,0.4623454079730235,,10000,Percentile donor bootstrap. Pooled-residual sensitivity conditions on the fitted nuisance adjustment; not a fully refitted adjusted CI.,,
scRNA_eProg1,primary,pooled_nuisance_residualized,SQSTM1,8,28,0.39750224173649396,0.3611189252582063,-0.03638331647828763,-0.5938391519944599,0.6651302609615096,,10000,Percentile donor bootstrap. Pooled-residual sensitivity conditions on the fitted nuisance adjustment; not a fully refitted adjusted CI.,,
scRNA_eProg1,primary,pooled_nuisance_residualized,SPG11,8,28,-0.3338625361234082,-0.2525399312706461,0.0813226048527621,-0.848685952148902,0.8134210298286748,,10000,Percentile donor bootstrap. Pooled-residual sensitivity conditions on the fitted nuisance adjustment; not a fully refitted adjusted CI.,,
scRNA_eProg1,primary,pooled_nuisance_residualized,TOLLIP,8,28,0.6088865578039786,0.034622353668958175,-0.5742642041350204,-1.083305036042009,0.19284506945636037,,10000,Percentile donor bootstrap. Pooled-residual sensitivity conditions on the fitted nuisance adjustment; not a fully refitted adjusted CI.,,
scRNA_eProg1,primary,pooled_nuisance_residualized,UVRAG,8,28,-0.34589841402324106,-0.3829650618876501,-0.03706664786440905,-0.9007053532283211,0.6729004721919271,,10000,Percentile donor bootstrap. Pooled-residual sensitivity conditions on the fitted nuisance adjustment; not a fully refitted adjusted CI.,,
scRNA_eProg1,primary,pooled_nuisance_residualized,WDR45,8,28,-0.4652649642459103,0.03395189251404161,0.4992168567599519,-0.31476141872930063,1.0230077728784783,,10000,Percentile donor bootstrap. Pooled-residual sensitivity conditions on the fitted nuisance adjustment; not a fully refitted adjusted CI.,,
scRNA_eProg1,primary,pooled_nuisance_residualized,WIPI1,8,28,0.8115738857829916,0.6392819229211691,-0.17229196286182247,-0.3975509904668774,0.2401586100072014,,10000,Percentile donor bootstrap. Pooled-residual sensitivity conditions on the fitted nuisance adjustment; not a fully refitted adjusted CI.,,
scRNA_eProg1,primary,pooled_nuisance_residualized,WIPI2,8,28,-0.1243162130791751,-0.25975032355444017,-0.13543411047526505,-1.1121614879080715,0.7119315386999854,,10000,Percentile donor bootstrap. Pooled-residual sensitivity conditions on the fitted nuisance adjustment; not a fully refitted adjusted CI.,,
scRNA_eProg1,primary,pooled_nuisance_residualized,ZFYVE21,8,28,-0.3482656560720857,0.17031513527862954,0.5185807913507152,-0.3110614091633795,1.2231414233585098,,10000,Percentile donor bootstrap. Pooled-residual sensitivity conditions on the fitted nuisance adjustment; not a fully refitted adjusted CI.,,
scRNA_eProg2,primary,Pearson,ATG10,8,28,0.038717099507442544,-0.16305794908796356,-0.2017750485954061,-1.0388823981879325,0.3992855036966701,0.6782085701747382,10000,Percentile donor bootstrap; small-control-cohort limitations apply.,0.7881883383111823,0.9731315395023393
scRNA_eProg2,primary,Pearson,ATG12,8,28,0.171130483483811,-0.18080538420367176,-0.35193586768748275,-1.1615450789473751,0.4694936694486751,0.46786345207332336,10000,Percentile donor bootstrap; small-control-cohort limitations apply.,0.7222163894061088,0.9060280057488495
scRNA_eProg2,primary,Pearson,ATG13,8,28,0.3122990670630504,-0.05884668889677746,-0.37114575595982785,-1.0740827034882217,0.38504922040970885,0.4355287270038515,10000,Percentile donor bootstrap; small-control-cohort limitations apply.,0.7222163894061088,0.9060280057488495
scRNA_eProg2,primary,Pearson,ATG16L1,8,28,0.4613091867328116,0.11195251573952447,-0.34935667099328716,-1.0504412075350966,0.5799215254907979,0.430088313152616,10000,Percentile donor bootstrap; small-control-cohort limitations apply.,0.7222163894061088,0.9023729489886372
scRNA_eProg2,primary,Pearson,ATG2A,8,28,0.061528079429400515,-0.113840502932141,-0.17536858236154151,-0.8390322581924492,0.5916531047137221,0.7194902216671438,10000,Percentile donor bootstrap; small-control-cohort limitations apply.,0.8141599876759785,0.9731315395023393
scRNA_eProg2,primary,Pearson,ATG2B,8,28,-0.29401298480878507,0.048464760761513896,0.342477745570299,-0.8075173297704152,0.8176794940932557,0.47312316010435806,10000,Percentile donor bootstrap; small-control-cohort limitations apply.,0.7222163894061088,0.9060280057488495
scRNA_eProg2,primary,Pearson,ATG3,8,28,-0.3241970998015872,0.1715807680386444,0.4957778678402316,-0.3576408651473031,1.121107379293006,0.2982155666122641,10000,Percentile donor bootstrap; small-control-cohort limitations apply.,0.6384097135282424,0.8970249515146085
scRNA_eProg2,primary,Pearson,ATG4B,8,28,-0.1957288248040467,0.14122513394283412,0.33695395874688083,-0.23442385957472633,0.9998340936897882,0.48707616959946864,10000,Percentile donor bootstrap; small-control-cohort limitations apply.,0.7222163894061088,0.9060280057488495
scRNA_eProg2,primary,Pearson,ATG4C,8,28,-0.21792569894017397,0.047186319899091306,0.2651120188392653,-0.9052387915108169,0.864435058129172,0.5833630482602941,10000,Percentile donor bootstrap; small-control-cohort limitations apply.,0.7315539495058166,0.9436456631828799
scRNA_eProg2,primary,Pearson,ATG5,8,28,-0.031633277723761795,0.45687053219449447,0.48850380991825626,-0.9358382460730352,1.2306858499112079,0.2838829444199523,10000,Percentile donor bootstrap; small-control-cohort limitations apply.,0.6384097135282424,0.8970249515146085
scRNA_eProg2,primary,Pearson,ATG7,8,28,0.7106991287358837,0.2467483746439005,-0.46395075409198316,-0.958607969459696,0.46676608462340896,0.19375467672946178,10000,Percentile donor bootstrap; small-control-cohort limitations apply.,0.6384097135282424,0.8970249515146085
scRNA_eProg2,primary,Pearson,ATG9B,8,28,0.06889262053970478,0.020518942921213566,-0.04837367761849122,-0.8636090199654368,0.7195381665816577,0.9211703533146396,10000,Percentile donor bootstrap; small-control-cohort limitations apply.,0.9431029807745119,0.9974189108758099
scRNA_eProg2,primary,Pearson,ATG101,8,28,-0.17217127618822956,0.18561284027573768,0.35778411646396724,-0.8156466616370576,1.0099714370737252,0.46033048203389004,10000,Percentile donor bootstrap; small-control-cohort limitations apply.,0.7222163894061088,0.9060280057488495
scRNA_eProg2,primary,Pearson,BCL2,8,28,-0.09064507436606412,-0.17801184351972094,-0.08736676915365682,-0.7984722840563234,0.6998370895432741,0.855786622105277,10000,Percentile donor bootstrap; small-control-cohort limitations apply.,0.912570895765069,0.9922092915065475
scRNA_eProg2,primary,Pearson,BECN1,8,28,0.6033208380602898,0.40701031194595255,-0.19631052611433725,-1.2109792031647235,0.20997608981407345,0.586687215662014,10000,Percentile donor bootstrap; small-control-cohort limitations apply.,0.7315539495058166,0.9436456631828799
scRNA_eProg2,primary,Pearson,CALCOCO2,8,28,-0.6466786118461211,-0.06922369032873146,0.5774549215173896,-0.0373610324497498,0.9641403408032885,0.15290452435951998,10000,Percentile donor bootstrap; small-control-cohort limitations apply.,0.6384097135282424,0.8970249515146085
scRNA_eProg2,primary,Pearson,CLEC16A,8,28,0.4098103768513375,-0.06619002264239801,-0.4760003994937355,-1.0448102646930715,0.4693097270106707,0.3058210588855881,10000,Percentile donor bootstrap; small-control-cohort limitations apply.,0.6384097135282424,0.8970249515146085
scRNA_eProg2,primary,Pearson,CTNS,8,28,0.5557434611943062,0.5528659966549281,-0.002877464539378094,-0.9581397572419372,1.1329604524844212,0.9932350245805276,10000,Percentile donor bootstrap; small-control-cohort limitations apply.,0.9932350245805277,0.9994981646403215
scRNA_eProg2,primary,Pearson,EPG5,8,28,-0.3901848514117503,0.21626293554593767,0.606447786957688,-0.9809332318493373,1.1730249935873283,0.19720516888688966,10000,Percentile donor bootstrap; small-control-cohort limitations apply.,0.6384097135282424,0.8970249515146085
scRNA_eProg2,primary,Pearson,GRN,8,28,0.12958210117706168,0.5636310834494364,0.43404898227237465,-0.6877830275915614,1.026118436648385,0.29992612955687814,10000,Percentile donor bootstrap; small-control-cohort limitations apply.,0.6384097135282424,0.8970249515146085
scRNA_eProg2,primary,Pearson,GABARAP,8,28,0.6939118208323318,-0.3850348347334623,-1.078946655565794,-1.4562854193784607,0.5440264401657366,0.010028058668369226,10000,Percentile donor bootstrap; small-control-cohort limitations apply.,0.4312065227398767,0.4395772659922635
scRNA_eProg2,primary,Pearson,GABARAPL1,8,28,-0.6142893629374598,-0.023704055604528887,0.5905853073329309,-0.8752579854544865,1.2108619895192285,0.15774754971242144,10000,Percentile donor bootstrap; small-control-cohort limitations apply.,0.6384097135282424,0.8970249515146085
scRNA_eProg2,primary,Pearson,GABARAPL2,8,28,-0.6090364525803066,-0.16173633293010414,0.44730011965020244,-1.2445974922828849,1.0288438668172466,0.2666189089673907,10000,Percentile donor bootstrap; small-control-cohort limitations apply.,0.6384097135282424,0.8970249515146085
scRNA_eProg2,primary,Pearson,LAMP2,8,28,-0.6542948858838262,0.07626282175846186,0.7305577076422881,-0.7475380892803853,1.1472912432401872,0.0794647238587784,10000,Percentile donor bootstrap; small-control-cohort limitations apply.,0.5694971876545786,0.748319657811463
scRNA_eProg2,primary,Pearson,MAP1LC3A,8,28,-0.7824785424787857,-0.005118961785402059,0.7773595806933836,-0.8879342632109012,1.0789446521747474,0.03264776782265832,10000,Percentile donor bootstrap; small-control-cohort limitations apply.,0.5694971876545786,0.6725440171467614
scRNA_eProg2,primary,Pearson,MAP1LC3B,8,28,-0.33779312719047255,0.5209174391917671,0.8587105663822396,-0.8364362310497149,1.4542549760634247,0.057865414201780235,10000,Percentile donor bootstrap; small-control-cohort limitations apply.,0.5694971876545786,0.7473194278158707
scRNA_eProg2,primary,Pearson,NBR1,8,28,-0.4089911403615022,-0.11991297659191705,0.2890781637695852,-1.271073716939917,0.8528488448730687,0.5216794687010708,10000,Percentile donor bootstrap; small-control-cohort limitations apply.,0.7315539495058166,0.9259143380340792
scRNA_eProg2,primary,Pearson,OPTN,8,28,-0.14568199426142178,0.33836195069974556,0.4840439449611673,-0.461854999259114,1.136554914914692,0.308434187713882,10000,Percentile donor bootstrap; small-control-cohort limitations apply.,0.6384097135282424,0.8970249515146085
scRNA_eProg2,primary,Pearson,PRKN,8,28,-0.5447306756949175,0.10698941495366451,0.651720090648582,0.053098943810762494,1.0900314074072452,0.14261052047451048,10000,Percentile donor bootstrap; small-control-cohort limitations apply.,0.6384097135282424,0.8970249515146085
scRNA_eProg2,primary,Pearson,PIK3R4,8,28,0.6250807646477101,0.20805171424602578,-0.41702905040168436,-1.001645847928028,0.39536647677555936,0.28648286513408616,10000,Percentile donor bootstrap; small-control-cohort limitations apply.,0.6384097135282424,0.8970249515146085
scRNA_eProg2,primary,Pearson,PINK1,8,28,-0.314909753544767,0.08939863508704865,0.4043083886318157,-0.9474377429662028,0.9598848205042405,0.39622104483954723,10000,Percentile donor bootstrap; small-control-cohort limitations apply.,0.7222163894061088,0.9023729489886372
scRNA_eProg2,primary,Pearson,RB1CC1,8,28,0.37904894012830104,0.013192638347563063,-0.36585630178073797,-1.1593311163053115,0.6291877279024665,0.4310363989343782,10000,Percentile donor bootstrap; small-control-cohort limitations apply.,0.7222163894061088,0.9023729489886372
scRNA_eProg2,primary,Pearson,SNX14,8,28,0.2732969202814756,0.058552769524257885,-0.21474415075721773,-1.175186052405727,0.29527653265430137,0.650725387483913,10000,Percentile donor bootstrap; small-control-cohort limitations apply.,0.7772553239391182,0.9709463841941999
scRNA_eProg2,primary,Pearson,SNX30,8,28,0.010430551385316724,-0.06955429467883958,-0.0799848460641563,-1.0812726207624788,0.4859462752118583,0.8701257378225076,10000,Percentile donor bootstrap; small-control-cohort limitations apply.,0.912570895765069,0.9922092915065475
scRNA_eProg2,primary,Pearson,SNX4,8,28,0.696893978762937,0.2945925589886477,-0.4023014197742893,-1.2587650347778812,1.198253539209828,0.25499747640004267,10000,Percentile donor bootstrap; small-control-cohort limitations apply.,0.6384097135282424,0.8970249515146085
scRNA_eProg2,primary,Pearson,SQSTM1,8,28,-0.4944477146985073,0.34160597857265584,0.8360536932711631,-0.9538979775643208,1.3805521272432553,0.06684602989371821,10000,Percentile donor bootstrap; small-control-cohort limitations apply.,0.5694971876545786,0.7473194278158707
scRNA_eProg2,primary,Pearson,SPG11,8,28,-0.06080347800650873,0.2053872642304186,0.2661907422369273,-1.3152487794419188,0.833841010452125,0.5826199240679137,10000,Percentile donor bootstrap; small-control-cohort limitations apply.,0.7315539495058166,0.9436456631828799
scRNA_eProg2,primary,Pearson,TOLLIP,8,28,0.09185375260248335,0.5281966958482411,0.4363429432457578,-0.5612023871869654,1.124869079311871,0.3117814880021649,10000,Percentile donor bootstrap; small-control-cohort limitations apply.,0.6384097135282424,0.8970249515146085
scRNA_eProg2,primary,Pearson,UVRAG,8,28,-0.5872611995211036,0.19924636802718187,0.7865075675482854,-0.5188771593359671,1.2457152392849107,0.07394567663748038,10000,Percentile donor bootstrap; small-control-cohort limitations apply.,0.5694971876545786,0.7473194278158707
scRNA_eProg2,primary,Pearson,WDR45,8,28,-0.0730199677266595,0.22298174990397765,0.29600171763063715,-0.8109281183659501,1.0164055280467992,0.5403698915366231,10000,Percentile donor bootstrap; small-control-cohort limitations apply.,0.7315539495058166,0.926541644796359
scRNA_eProg2,primary,Pearson,WIPI1,8,28,0.10373934126512444,0.34893185774251023,0.2451925164773858,-0.5520618744059747,0.9283960858210486,0.5954508891326414,10000,Percentile donor bootstrap; small-control-cohort limitations apply.,0.7315539495058166,0.9450027250107562
scRNA_eProg2,primary,Pearson,WIPI2,8,28,-0.07897428858977787,0.046299491163339784,0.12527377975311765,-0.9636863459990107,0.7891281842465409,0.7978596826841718,10000,Percentile donor bootstrap; small-control-cohort limitations apply.,0.8796914450107536,0.9922092915065475
scRNA_eProg2,primary,Pearson,ZFYVE21,8,28,-0.5342351598838259,0.1070431647571499,0.6412783246409758,-0.9077359180973482,1.1484101289993485,0.15099386984852348,10000,Percentile donor bootstrap; small-control-cohort limitations apply.,0.6384097135282424,0.8970249515146085
scRNA_eProg2,primary,Spearman,ATG10,8,28,0.19047619047619047,-0.1209633278598796,-0.3114395183360701,-1.2177472832308005,0.6554853852781426,,10000,Percentile donor bootstrap; small-control-cohort limitations apply.,,
scRNA_eProg2,primary,Spearman,ATG12,8,28,-0.14285714285714285,-0.17460317460317462,-0.03174603174603177,-0.9780651720384863,0.650706297990862,,10000,Percentile donor bootstrap; small-control-cohort limitations apply.,,
scRNA_eProg2,primary,Spearman,ATG13,8,28,0.4523809523809524,-0.16420361247947457,-0.6165845648604269,-1.2163833109336708,0.3338618013992813,,10000,Percentile donor bootstrap; small-control-cohort limitations apply.,,
scRNA_eProg2,primary,Spearman,ATG16L1,8,28,0.47619047619047616,0.014230979748221129,-0.46195949644225504,-1.100573711131253,0.5881198549879848,,10000,Percentile donor bootstrap; small-control-cohort limitations apply.,,
scRNA_eProg2,primary,Spearman,ATG2A,8,28,0.023809523809523808,-0.018062397372742203,-0.041871921182266014,-0.7930610374462433,0.8807288048373922,,10000,Percentile donor bootstrap; small-control-cohort limitations apply.,,
scRNA_eProg2,primary,Spearman,ATG2B,8,28,-0.19047619047619047,-0.027367268746579094,0.16310892172961136,-0.8636159992113069,0.9491509207132868,,10000,Percentile donor bootstrap; small-control-cohort limitations apply.,,
scRNA_eProg2,primary,Spearman,ATG3,8,28,-0.5952380952380952,-0.17679255610290096,0.4184455391351943,-0.4769862065538924,1.015354053501646,,10000,Percentile donor bootstrap; small-control-cohort limitations apply.,,
scRNA_eProg2,primary,Spearman,ATG4B,8,28,-0.2857142857142857,0.24302134646962237,0.5287356321839081,-0.38484843028592985,1.2077076008319763,,10000,Percentile donor bootstrap; small-control-cohort limitations apply.,,
scRNA_eProg2,primary,Spearman,ATG4C,8,28,-0.19047619047619047,0.061302681992337175,0.25177887246852765,-0.7478584935414183,1.0204142816188158,,10000,Percentile donor bootstrap; small-control-cohort limitations apply.,,
scRNA_eProg2,primary,Spearman,ATG5,8,28,0.11904761904761904,0.17022441160372198,0.05117679255610294,-0.8719296102886785,1.068294081050614,,10000,Percentile donor bootstrap; small-control-cohort limitations apply.,,
scRNA_eProg2,primary,Spearman,ATG7,8,28,0.5238095238095238,0.14176245210727972,-0.3820470717022441,-1.0023322256278095,0.5549275726329626,,10000,Percentile donor bootstrap; small-control-cohort limitations apply.,,
scRNA_eProg2,primary,Spearman,ATG9B,8,28,0.07142857142857142,0.06845565101024273,-0.002972920418328695,-0.8521689256586251,0.8822593832966773,,10000,Percentile donor bootstrap; small-control-cohort limitations apply.,,
scRNA_eProg2,primary,Spearman,ATG101,8,28,0.11904761904761904,0.2090859332238643,0.09003831417624525,-0.8537273775232188,1.0355760042077486,,10000,Percentile donor bootstrap; small-control-cohort limitations apply.,,
scRNA_eProg2,primary,Spearman,BCL2,8,28,-0.47619047619047616,-0.24028461959496444,0.23590585659551172,-0.6846482279390023,0.8249988625944112,,10000,Percentile donor bootstrap; small-control-cohort limitations apply.,,
scRNA_eProg2,primary,Spearman,BECN1,8,28,0.8095238095238095,0.01149425287356322,-0.7980295566502463,-1.213322845784249,-0.10878314824437284,,10000,Percentile donor bootstrap; small-control-cohort limitations apply.,,
scRNA_eProg2,primary,Spearman,CALCOCO2,8,28,-0.8333333333333334,-0.4148877941981391,0.4184455391351943,-0.35062008079046375,0.8780035700574199,,10000,Percentile donor bootstrap; small-control-cohort limitations apply.,,
scRNA_eProg2,primary,Spearman,CLEC16A,8,28,0.23809523809523808,-0.1209633278598796,-0.35905856595511765,-1.1362945085938503,0.5387165029894679,,10000,Percentile donor bootstrap; small-control-cohort limitations apply.,,
scRNA_eProg2,primary,Spearman,CTNS,8,28,0.23809523809523808,0.23426382047071706,-0.003831417624521022,-0.8402346316053151,1.0788622831750077,,10000,Percentile donor bootstrap; small-control-cohort limitations apply.,,
scRNA_eProg2,primary,Spearman,EPG5,8,28,-0.16666666666666666,0.021893814997263276,0.18856048166392994,-0.8499126190294666,1.0925746950918984,,10000,Percentile donor bootstrap; small-control-cohort limitations apply.,,
scRNA_eProg2,primary,Spearman,GRN,8,28,0.16666666666666666,0.2966611932129174,0.12999452654625074,-0.7223920608921922,1.0838984270493124,,10000,Percentile donor bootstrap; small-control-cohort limitations apply.,,
scRNA_eProg2,primary,Spearman,GABARAP,8,28,-0.023809523809523808,-0.3579638752052546,-0.3341543513957308,-1.248426133457653,0.4977549724369805,,10000,Percentile donor bootstrap; small-control-cohort limitations apply.,,
scRNA_eProg2,primary,Spearman,GABARAPL1,8,28,-0.023809523809523808,0.18226600985221678,0.20607553366174058,-0.8410701185525309,1.1568053473483118,,10000,Percentile donor bootstrap; small-control-cohort limitations apply.,,
scRNA_eProg2,primary,Spearman,GABARAPL2,8,28,-0.23809523809523808,-0.03776683087027915,0.20032840722495893,-0.8481118399337613,1.0681334205807242,,10000,Percentile donor bootstrap; small-control-cohort limitations apply.,,
scRNA_eProg2,primary,Spearman,LAMP2,8,28,-0.47619047619047616,-0.024083196496989603,0.4521072796934866,-0.5816774231527907,1.2436583958559606,,10000,Percentile donor bootstrap; small-control-cohort limitations apply.,,
scRNA_eProg2,primary,Spearman,MAP1LC3A,8,28,-0.3333333333333333,0.027914614121510677,0.361247947454844,-0.8561344399507095,1.112116549814819,,10000,Percentile donor bootstrap; small-control-cohort limitations apply.,,
scRNA_eProg2,primary,Spearman,MAP1LC3B,8,28,0.047619047619047616,0.36453201970443355,0.31691297208538594,-0.6911415584634323,1.217765966589222,,10000,Percentile donor bootstrap; small-control-cohort limitations apply.,,
scRNA_eProg2,primary,Spearman,NBR1,8,28,-0.07142857142857142,-0.3108921729611385,-0.2394636015325671,-1.2700914542428725,0.7371029717564117,,10000,Percentile donor bootstrap; small-control-cohort limitations apply.,,
scRNA_eProg2,primary,Spearman,OPTN,8,28,-0.2619047619047619,0.10782703886152163,0.36973180076628354,-0.7386997586552123,0.9736025535462045,,10000,Percentile donor bootstrap; small-control-cohort limitations apply.,,
scRNA_eProg2,primary,Spearman,PRKN,8,28,-0.7142857142857143,0.09031198686371102,0.8045977011494253,-0.07509625415148592,1.3473612092542429,,10000,Percentile donor bootstrap; small-control-cohort limitations apply.,,
scRNA_eProg2,primary,Spearman,PIK3R4,8,28,0.6666666666666666,0.06732348111658458,-0.599343185550082,-1.182405764846033,0.4098406991968222,,10000,Percentile donor bootstrap; small-control-cohort limitations apply.,,
scRNA_eProg2,primary,Spearman,PINK1,8,28,0.0,0.038861521620142316,0.038861521620142316,-0.948932584938561,1.0125053325572493,,10000,Percentile donor bootstrap; small-control-cohort limitations apply.,,
scRNA_eProg2,primary,Spearman,RB1CC1,8,28,0.14285714285714285,-0.11932129173508485,-0.26217843459222767,-1.1431043230989277,0.6585774443207886,,10000,Percentile donor bootstrap; small-control-cohort limitations apply.,,
scRNA_eProg2,primary,Spearman,SNX14,8,28,0.5238095238095238,-0.16858237547892724,-0.692391899288451,-1.3425272873050171,0.31151348986700683,,10000,Percentile donor bootstrap; small-control-cohort limitations apply.,,
scRNA_eProg2,primary,Spearman,SNX30,8,28,0.16666666666666666,-0.2446633825944171,-0.41133004926108374,-1.2876072104100833,0.42295505339052303,,10000,Percentile donor bootstrap; small-control-cohort limitations apply.,,
scRNA_eProg2,primary,Spearman,SNX4,8,28,0.047619047619047616,-0.0016420361247947456,-0.04926108374384236,-0.9305916578191606,0.8584327067250962,,10000,Percentile donor bootstrap; small-control-cohort limitations apply.,,
scRNA_eProg2,primary,Spearman,SQSTM1,8,28,0.11904761904761904,0.2884510125889437,0.16940339354132464,-0.8431371537487283,1.1586625216888364,,10000,Percentile donor bootstrap; small-control-cohort limitations apply.,,
scRNA_eProg2,primary,Spearman,SPG11,8,28,0.16666666666666666,-0.14176245210727972,-0.3084291187739464,-1.1928925627103615,0.7118855024155573,,10000,Percentile donor bootstrap; small-control-cohort limitations apply.,,
scRNA_eProg2,primary,Spearman,TOLLIP,8,28,0.16666666666666666,0.10782703886152163,-0.058839627805145026,-0.8708375481859149,0.8993096565790584,,10000,Percentile donor bootstrap; small-control-cohort limitations apply.,,
scRNA_eProg2,primary,Spearman,UVRAG,8,28,-0.38095238095238093,-0.2676518883415435,0.11330049261083741,-0.8842529001101613,0.8463189930311817,,10000,Percentile donor bootstrap; small-control-cohort limitations apply.,,
scRNA_eProg2,primary,Spearman,WDR45,8,28,-0.023809523809523808,0.01751505199781062,0.041324575807334424,-0.9720923900051488,0.9810001846062205,,10000,Percentile donor bootstrap; small-control-cohort limitations apply.,,
scRNA_eProg2,primary,Spearman,WIPI1,8,28,0.5952380952380952,0.3891625615763547,-0.20607553366174053,-0.8026471898296713,0.7906029081214133,,10000,Percentile donor bootstrap; small-control-cohort limitations apply.,,
scRNA_eProg2,primary,Spearman,WIPI2,8,28,0.42857142857142855,0.20306513409961688,-0.22550629447181167,-0.9516548110955784,0.7049011816666508,,10000,Percentile donor bootstrap; small-control-cohort limitations apply.,,
scRNA_eProg2,primary,Spearman,ZFYVE21,8,28,-0.023809523809523808,0.12588943623426382,0.14969896004378763,-0.886252589441407,1.089567924861618,,10000,Percentile donor bootstrap; small-control-cohort limitations apply.,,
scRNA_eProg2,primary,pooled_nuisance_residualized,ATG10,8,28,-0.03066016652337301,-0.36411099086321624,-0.33345082433984324,-1.1093050600297716,0.5347378187627447,,10000,Percentile donor bootstrap. Pooled-residual sensitivity conditions on the fitted nuisance adjustment; not a fully refitted adjusted CI.,,
scRNA_eProg2,primary,pooled_nuisance_residualized,ATG12,8,28,-0.6952917405302366,-0.09043623896341017,0.6048555015668264,-0.4871583313197058,0.9320455735529863,,10000,Percentile donor bootstrap. Pooled-residual sensitivity conditions on the fitted nuisance adjustment; not a fully refitted adjusted CI.,,
scRNA_eProg2,primary,pooled_nuisance_residualized,ATG13,8,28,0.6542638052350221,-0.2806766559434883,-0.9349404611785104,-1.352716448783911,-0.36299748648487135,,10000,Percentile donor bootstrap. Pooled-residual sensitivity conditions on the fitted nuisance adjustment; not a fully refitted adjusted CI.,,
scRNA_eProg2,primary,pooled_nuisance_residualized,ATG16L1,8,28,0.36369403940234873,0.037673754715814474,-0.32602028468653427,-1.0635334971003083,0.5305385008642884,,10000,Percentile donor bootstrap. Pooled-residual sensitivity conditions on the fitted nuisance adjustment; not a fully refitted adjusted CI.,,
scRNA_eProg2,primary,pooled_nuisance_residualized,ATG2A,8,28,-0.13742940279067564,-0.17856519943181434,-0.0411357966411387,-1.0832383322937207,0.7425799726807011,,10000,Percentile donor bootstrap. Pooled-residual sensitivity conditions on the fitted nuisance adjustment; not a fully refitted adjusted CI.,,
scRNA_eProg2,primary,pooled_nuisance_residualized,ATG2B,8,28,0.5863093721246699,-0.07534751006782456,-0.6616568821924945,-1.1226164619370123,-0.1910551014621406,,10000,Percentile donor bootstrap. Pooled-residual sensitivity conditions on the fitted nuisance adjustment; not a fully refitted adjusted CI.,,
scRNA_eProg2,primary,pooled_nuisance_residualized,ATG3,8,28,-0.5198505616285201,-0.022321670941713143,0.4975288906868069,-0.4053079305988932,1.0701392963250584,,10000,Percentile donor bootstrap. Pooled-residual sensitivity conditions on the fitted nuisance adjustment; not a fully refitted adjusted CI.,,
scRNA_eProg2,primary,pooled_nuisance_residualized,ATG4B,8,28,-0.32417149195938333,0.08750539859341329,0.4116768905527966,-0.08698166776464648,1.0440597666357982,,10000,Percentile donor bootstrap. Pooled-residual sensitivity conditions on the fitted nuisance adjustment; not a fully refitted adjusted CI.,,
scRNA_eProg2,primary,pooled_nuisance_residualized,ATG4C,8,28,0.09543880729993338,0.11401326739451795,0.018574460094584563,-0.6668156149062232,0.6559394757384982,,10000,Percentile donor bootstrap. Pooled-residual sensitivity conditions on the fitted nuisance adjustment; not a fully refitted adjusted CI.,,
scRNA_eProg2,primary,pooled_nuisance_residualized,ATG5,8,28,0.3941540055254566,0.4544255692393234,0.06027156371386683,-0.8435721981198624,1.2067705312700117,,10000,Percentile donor bootstrap. Pooled-residual sensitivity conditions on the fitted nuisance adjustment; not a fully refitted adjusted CI.,,
scRNA_eProg2,primary,pooled_nuisance_residualized,ATG7,8,28,0.6458875459240815,0.036094019361542544,-0.6097935265625389,-1.057136614256394,0.3229197885258726,,10000,Percentile donor bootstrap. Pooled-residual sensitivity conditions on the fitted nuisance adjustment; not a fully refitted adjusted CI.,,
scRNA_eProg2,primary,pooled_nuisance_residualized,ATG9B,8,28,-0.5747761876746884,0.03909073416776252,0.613866921842451,0.06462157875093372,1.087592020571555,,10000,Percentile donor bootstrap. Pooled-residual sensitivity conditions on the fitted nuisance adjustment; not a fully refitted adjusted CI.,,
scRNA_eProg2,primary,pooled_nuisance_residualized,ATG101,8,28,-0.20268056900505266,0.0015945336758043604,0.20427510268085702,-0.7592766569420695,1.0667139984768637,,10000,Percentile donor bootstrap. Pooled-residual sensitivity conditions on the fitted nuisance adjustment; not a fully refitted adjusted CI.,,
scRNA_eProg2,primary,pooled_nuisance_residualized,BCL2,8,28,-0.27088045121830506,-0.2649751867024221,0.005905264515882969,-0.5430392103667842,0.5541660498714068,,10000,Percentile donor bootstrap. Pooled-residual sensitivity conditions on the fitted nuisance adjustment; not a fully refitted adjusted CI.,,
scRNA_eProg2,primary,pooled_nuisance_residualized,BECN1,8,28,0.34202916255045035,0.240977316054171,-0.10105184649627935,-1.0568609226053867,0.9043743601987848,,10000,Percentile donor bootstrap. Pooled-residual sensitivity conditions on the fitted nuisance adjustment; not a fully refitted adjusted CI.,,
scRNA_eProg2,primary,pooled_nuisance_residualized,CALCOCO2,8,28,-0.6080478043571105,-0.16244004322340563,0.4456077611337048,-0.4113751542957672,0.7982377650136647,,10000,Percentile donor bootstrap. Pooled-residual sensitivity conditions on the fitted nuisance adjustment; not a fully refitted adjusted CI.,,
scRNA_eProg2,primary,pooled_nuisance_residualized,CLEC16A,8,28,0.2214551076946639,-0.04548603487954329,-0.2669411425742072,-0.8698878943792198,0.4707829897435006,,10000,Percentile donor bootstrap. Pooled-residual sensitivity conditions on the fitted nuisance adjustment; not a fully refitted adjusted CI.,,
scRNA_eProg2,primary,pooled_nuisance_residualized,CTNS,8,28,0.3829063192078857,0.40274245805369935,0.019836138845813645,-0.8578323399171072,0.713374614442611,,10000,Percentile donor bootstrap. Pooled-residual sensitivity conditions on the fitted nuisance adjustment; not a fully refitted adjusted CI.,,
scRNA_eProg2,primary,pooled_nuisance_residualized,EPG5,8,28,0.12328463354246702,0.166261486776653,0.042976853234185985,-0.6821224017074187,0.6602500119882553,,10000,Percentile donor bootstrap. Pooled-residual sensitivity conditions on the fitted nuisance adjustment; not a fully refitted adjusted CI.,,
scRNA_eProg2,primary,pooled_nuisance_residualized,GRN,8,28,0.46495666145213044,0.5548993137897238,0.08994265233759335,-0.66912231833447,1.199361756066412,,10000,Percentile donor bootstrap. Pooled-residual sensitivity conditions on the fitted nuisance adjustment; not a fully refitted adjusted CI.,,
scRNA_eProg2,primary,pooled_nuisance_residualized,GABARAP,8,28,0.08548627122179209,-0.35093351681454166,-0.43641978803633374,-1.0276695338874535,0.1367043892922547,,10000,Percentile donor bootstrap. Pooled-residual sensitivity conditions on the fitted nuisance adjustment; not a fully refitted adjusted CI.,,
scRNA_eProg2,primary,pooled_nuisance_residualized,GABARAPL1,8,28,-0.5699711691064248,0.048519499028974476,0.6184906681353992,-0.2483762042772357,1.1210065882865594,,10000,Percentile donor bootstrap. Pooled-residual sensitivity conditions on the fitted nuisance adjustment; not a fully refitted adjusted CI.,,
scRNA_eProg2,primary,pooled_nuisance_residualized,GABARAPL2,8,28,-0.3111438051556257,-0.19263584259933583,0.11850796255628984,-0.819304885554836,0.7443431358181455,,10000,Percentile donor bootstrap. Pooled-residual sensitivity conditions on the fitted nuisance adjustment; not a fully refitted adjusted CI.,,
scRNA_eProg2,primary,pooled_nuisance_residualized,LAMP2,8,28,-0.17369533955963673,-0.04573255458182789,0.12796278497780883,-0.8398851077456339,0.7944973504320108,,10000,Percentile donor bootstrap. Pooled-residual sensitivity conditions on the fitted nuisance adjustment; not a fully refitted adjusted CI.,,
scRNA_eProg2,primary,pooled_nuisance_residualized,MAP1LC3A,8,28,-0.6923608218247762,-0.02966226573457788,0.6626985560901983,-0.37145652921698025,1.129576365324957,,10000,Percentile donor bootstrap. Pooled-residual sensitivity conditions on the fitted nuisance adjustment; not a fully refitted adjusted CI.,,
scRNA_eProg2,primary,pooled_nuisance_residualized,MAP1LC3B,8,28,-0.34142342566119344,0.5373192090001455,0.878742634661339,-0.5344447979629626,1.605741057499759,,10000,Percentile donor bootstrap. Pooled-residual sensitivity conditions on the fitted nuisance adjustment; not a fully refitted adjusted CI.,,
scRNA_eProg2,primary,pooled_nuisance_residualized,NBR1,8,28,0.2934018524702596,-0.287481960166708,-0.5808838126369676,-1.3414420664803928,0.14880698096686532,,10000,Percentile donor bootstrap. Pooled-residual sensitivity conditions on the fitted nuisance adjustment; not a fully refitted adjusted CI.,,
scRNA_eProg2,primary,pooled_nuisance_residualized,OPTN,8,28,-0.37219459127042737,0.2533280784330641,0.6255226697034915,-0.47428120859228906,1.2535939368982945,,10000,Percentile donor bootstrap. Pooled-residual sensitivity conditions on the fitted nuisance adjustment; not a fully refitted adjusted CI.,,
scRNA_eProg2,primary,pooled_nuisance_residualized,PRKN,8,28,-0.7177797385484913,0.07709491465130941,0.7948746531998008,-0.2545865449261777,1.162570865819578,,10000,Percentile donor bootstrap. Pooled-residual sensitivity conditions on the fitted nuisance adjustment; not a fully refitted adjusted CI.,,
scRNA_eProg2,primary,pooled_nuisance_residualized,PIK3R4,8,28,0.39060713473442,0.04912985868027318,-0.3414772760541468,-0.9758063502062018,0.5635915952290455,,10000,Percentile donor bootstrap. Pooled-residual sensitivity conditions on the fitted nuisance adjustment; not a fully refitted adjusted CI.,,
scRNA_eProg2,primary,pooled_nuisance_residualized,PINK1,8,28,-0.0025370780006036516,-0.11019371256112945,-0.1076566345605258,-0.8661362979717687,0.7794039874822773,,10000,Percentile donor bootstrap. Pooled-residual sensitivity conditions on the fitted nuisance adjustment; not a fully refitted adjusted CI.,,
scRNA_eProg2,primary,pooled_nuisance_residualized,RB1CC1,8,28,0.48198203176714044,-0.06694282392301225,-0.5489248556901527,-1.1446478499615855,0.1384916954045633,,10000,Percentile donor bootstrap. Pooled-residual sensitivity conditions on the fitted nuisance adjustment; not a fully refitted adjusted CI.,,
scRNA_eProg2,primary,pooled_nuisance_residualized,SNX14,8,28,0.3782227649329258,0.011195533573321413,-0.36702723135960436,-1.0459166400080366,0.12755238589722467,,10000,Percentile donor bootstrap. Pooled-residual sensitivity conditions on the fitted nuisance adjustment; not a fully refitted adjusted CI.,,
scRNA_eProg2,primary,pooled_nuisance_residualized,SNX30,8,28,0.197391380550685,-0.08640758435065021,-0.2837989649013352,-0.9748543044385581,0.31250192137318134,,10000,Percentile donor bootstrap. Pooled-residual sensitivity conditions on the fitted nuisance adjustment; not a fully refitted adjusted CI.,,
scRNA_eProg2,primary,pooled_nuisance_residualized,SNX4,8,28,-0.008291801914345266,0.09112411343795407,0.09941591535229934,-0.6749891975430841,0.6322025687210877,,10000,Percentile donor bootstrap. Pooled-residual sensitivity conditions on the fitted nuisance adjustment; not a fully refitted adjusted CI.,,
scRNA_eProg2,primary,pooled_nuisance_residualized,SQSTM1,8,28,0.31000135827206315,0.18334148849168191,-0.12665986978038124,-0.8410790055977112,0.6818675840201334,,10000,Percentile donor bootstrap. Pooled-residual sensitivity conditions on the fitted nuisance adjustment; not a fully refitted adjusted CI.,,
scRNA_eProg2,primary,pooled_nuisance_residualized,SPG11,8,28,0.29539008901431607,0.04623220491872927,-0.2491578840955868,-1.088362369086741,0.34362616083205744,,10000,Percentile donor bootstrap. Pooled-residual sensitivity conditions on the fitted nuisance adjustment; not a fully refitted adjusted CI.,,
scRNA_eProg2,primary,pooled_nuisance_residualized,TOLLIP,8,28,0.13235910488436542,0.4087192256338265,0.2763601207494611,-0.6796069731631715,0.9019362363006339,,10000,Percentile donor bootstrap. Pooled-residual sensitivity conditions on the fitted nuisance adjustment; not a fully refitted adjusted CI.,,
scRNA_eProg2,primary,pooled_nuisance_residualized,UVRAG,8,28,-0.4254808277369123,0.17045349532498552,0.5959343230618979,-0.5440265678759075,1.1928443644159097,,10000,Percentile donor bootstrap. Pooled-residual sensitivity conditions on the fitted nuisance adjustment; not a fully refitted adjusted CI.,,
scRNA_eProg2,primary,pooled_nuisance_residualized,WDR45,8,28,0.3109651594086413,-0.16249533055213825,-0.4734604899607795,-1.1579196255427335,0.28954084694057974,,10000,Percentile donor bootstrap. Pooled-residual sensitivity conditions on the fitted nuisance adjustment; not a fully refitted adjusted CI.,,
scRNA_eProg2,primary,pooled_nuisance_residualized,WIPI1,8,28,-0.09360588289063511,0.29456893942887,0.3881748223195051,-0.6080889239127648,1.2065298644857492,,10000,Percentile donor bootstrap. Pooled-residual sensitivity conditions on the fitted nuisance adjustment; not a fully refitted adjusted CI.,,
scRNA_eProg2,primary,pooled_nuisance_residualized,WIPI2,8,28,0.12878796048905622,-0.1965873281150111,-0.3253752886040673,-0.9657555260376486,0.3230037323985924,,10000,Percentile donor bootstrap. Pooled-residual sensitivity conditions on the fitted nuisance adjustment; not a fully refitted adjusted CI.,,
scRNA_eProg2,primary,pooled_nuisance_residualized,ZFYVE21,8,28,-0.13238299453195992,0.052119641344999565,0.18450263587695948,-0.33738132857970493,0.8207326766623343,,10000,Percentile donor bootstrap. Pooled-residual sensitivity conditions on the fitted nuisance adjustment; not a fully refitted adjusted CI.,,
scRNA_iDA1,primary,Pearson,ATG10,8,28,0.7152543580812286,0.04900477003637675,-0.6662495880448519,-1.081156934653715,0.43711675307880354,0.08315991224371203,10000,Percentile donor bootstrap; small-control-cohort limitations apply.,0.897293301811395,0.748319657811463
scRNA_iDA1,primary,Pearson,ATG12,8,28,0.353653286106212,0.3449610564571483,-0.008692229649063687,-0.6669767299236541,0.750824123686342,0.9838766950149251,10000,Percentile donor bootstrap; small-control-cohort limitations apply.,0.9994981646403215,0.9994981646403215
scRNA_iDA1,primary,Pearson,ATG13,8,28,-0.6882771422450344,-0.48181306792288703,0.20646407432214742,-0.3581969517202904,0.6482408537006816,0.5145086361920475,10000,Percentile donor bootstrap; small-control-cohort limitations apply.,0.8996323256321686,0.9259143380340792
scRNA_iDA1,primary,Pearson,ATG16L1,8,28,0.37547019199424314,0.2771630836512344,-0.09830710834300876,-0.8526875314570058,0.7572773905012893,0.8220707039254658,10000,Percentile donor bootstrap; small-control-cohort limitations apply.,0.9694944320178415,0.9922092915065475
scRNA_iDA1,primary,Pearson,ATG2A,8,28,-0.3520938047796754,-0.15478111018112742,0.19731269459854797,-0.872671194954831,1.0456405243799793,0.665502998409208,10000,Percentile donor bootstrap; small-control-cohort limitations apply.,0.9694944320178415,0.9709463841941999
scRNA_iDA1,primary,Pearson,ATG2B,8,28,-0.3781720493046236,0.013074906690550015,0.3912469559951736,-0.42717985194073793,0.9686785148253583,0.4014965742574391,10000,Percentile donor bootstrap; small-control-cohort limitations apply.,0.8996323256321686,0.9023729489886372
scRNA_iDA1,primary,Pearson,ATG3,8,28,0.8497920803103999,0.6614853971537398,-0.1883066831566601,-0.4965710890154182,0.1330846187100489,0.34779381686195077,10000,Percentile donor bootstrap; small-control-cohort limitations apply.,0.8996323256321686,0.9023729489886372
scRNA_iDA1,primary,Pearson,ATG4B,8,28,0.09544852983746091,0.04370519207324756,-0.05174333776421335,-0.9664786323201906,0.7896333287934776,0.9154564345281443,10000,Percentile donor bootstrap; small-control-cohort limitations apply.,0.9994981646403215,0.9974189108758099
scRNA_iDA1,primary,Pearson,ATG4C,8,28,-0.08404357128953406,-0.18971189472058972,-0.10566832343105566,-1.0582967887673438,0.6944965144362474,0.8258418204771029,10000,Percentile donor bootstrap; small-control-cohort limitations apply.,0.9694944320178415,0.9922092915065475
scRNA_iDA1,primary,Pearson,ATG5,8,28,0.26942968266832534,-0.02103291136343269,-0.29046259403175806,-0.9675842118811085,0.34732075326022394,0.5439637317775903,10000,Percentile donor bootstrap; small-control-cohort limitations apply.,0.8996323256321686,0.926541644796359
scRNA_iDA1,primary,Pearson,ATG7,8,28,-0.5535156916432147,0.006245046828428688,0.5597607384716433,-0.14148784973859055,1.0581553110761042,0.19867671681372356,10000,Percentile donor bootstrap; small-control-cohort limitations apply.,0.8996323256321686,0.8970249515146085
scRNA_iDA1,primary,Pearson,ATG9B,8,28,-0.18594636018933597,0.28410783980489934,0.4700541999942353,-0.7581931296413692,1.2200928556354513,0.3269047648713955,10000,Percentile donor bootstrap; small-control-cohort limitations apply.,0.8996323256321686,0.9023729489886372
scRNA_iDA1,primary,Pearson,ATG101,8,28,0.4632184823581904,0.19089250203378388,-0.2723259803244065,-0.9583835125299427,0.614651752709114,0.529359457224683,10000,Percentile donor bootstrap; small-control-cohort limitations apply.,0.8996323256321686,0.926541644796359
scRNA_iDA1,primary,Pearson,BCL2,8,28,-0.6671534983868237,-0.37496188351161874,0.29219161487520495,-0.5082960222402769,0.7886842495035037,0.40102609510375,10000,Percentile donor bootstrap; small-control-cohort limitations apply.,0.8996323256321686,0.9023729489886372
scRNA_iDA1,primary,Pearson,BECN1,8,28,0.44071525428302427,0.42202491443001733,-0.018690339853006943,-0.5616238882922591,0.7427439339559608,0.9626112706159646,10000,Percentile donor bootstrap; small-control-cohort limitations apply.,0.9994981646403215,0.9974189108758099
scRNA_iDA1,primary,Pearson,CALCOCO2,8,28,-0.8404416569053274,0.036534550939902155,0.8769762078452294,0.3501468545917722,1.292840368693429,0.010158549713822143,10000,Percentile donor bootstrap; small-control-cohort limitations apply.,0.43681763769435217,0.4395772659922635
scRNA_iDA1,primary,Pearson,CLEC16A,8,28,0.36002038848044005,0.26508149944581566,-0.09493888903462439,-0.8399161819276127,0.6518461396030234,0.8297431941454021,10000,Percentile donor bootstrap; small-control-cohort limitations apply.,0.9694944320178415,0.9922092915065475
scRNA_iDA1,primary,Pearson,CTNS,8,28,0.2690707922144665,0.16227065029262266,-0.10680014192184384,-0.8268179702832469,0.7267031334859188,0.8189366391117516,10000,Percentile donor bootstrap; small-control-cohort limitations apply.,0.9694944320178415,0.9922092915065475
scRNA_iDA1,primary,Pearson,EPG5,8,28,-0.1487493678276614,0.06560398133650998,0.21435334916417137,-0.7780849660460399,0.9959521828248092,0.6599304446423191,10000,Percentile donor bootstrap; small-control-cohort limitations apply.,0.9694944320178415,0.9709463841941999
scRNA_iDA1,primary,Pearson,GRN,8,28,-0.13605189360486772,-0.27408988740991025,-0.13803799380504253,-1.299140919425051,0.6402142947449495,0.7682123274826855,10000,Percentile donor bootstrap; small-control-cohort limitations apply.,0.9694944320178415,0.9866068544977133
scRNA_iDA1,primary,Pearson,GABARAP,8,28,0.385868481608732,0.051322288816663904,-0.3345461927920681,-0.9927832798633681,0.9590070354035248,0.46795983723175205,10000,Percentile donor bootstrap; small-control-cohort limitations apply.,0.8996323256321686,0.9060280057488495
scRNA_iDA1,primary,Pearson,GABARAPL1,8,28,0.7059068129936067,0.41931118972621567,-0.286595623267391,-0.7933069544557151,0.5729784282615206,0.37774176649797864,10000,Percentile donor bootstrap; small-control-cohort limitations apply.,0.8996323256321686,0.9023729489886372
scRNA_iDA1,primary,Pearson,GABARAPL2,8,28,0.4988705343163189,0.20754702645597164,-0.2913235078603472,-0.9579973922079547,0.2182690319527437,0.4912664760541574,10000,Percentile donor bootstrap; small-control-cohort limitations apply.,0.8996323256321686,0.9060280057488495
scRNA_iDA1,primary,Pearson,LAMP2,8,28,-0.48350172970976213,-0.22220938320025013,0.261292346509512,-0.6212218611616322,0.8785610298802897,0.5381799775262607,10000,Percentile donor bootstrap; small-control-cohort limitations apply.,0.8996323256321686,0.926541644796359
scRNA_iDA1,primary,Pearson,MAP1LC3A,8,28,0.5409539852640194,0.2955312971384448,-0.2454226881255746,-0.7814899102078635,0.7483778805346272,0.5390942144600641,10000,Percentile donor bootstrap; small-control-cohort limitations apply.,0.8996323256321686,0.926541644796359
scRNA_iDA1,primary,Pearson,MAP1LC3B,8,28,0.896131420373471,0.6101500738817024,-0.28598134649176865,-0.6372780706068725,-0.04915546420211378,0.12932509313813478,10000,Percentile donor bootstrap; small-control-cohort limitations apply.,0.8996323256321686,0.8970249515146085
scRNA_iDA1,primary,Pearson,NBR1,8,28,-0.294594201938576,-0.19107432466615368,0.10351987727242232,-0.7064804689561767,0.8398399515349629,0.8221211451599383,10000,Percentile donor bootstrap; small-control-cohort limitations apply.,0.9694944320178415,0.9922092915065475
scRNA_iDA1,primary,Pearson,OPTN,8,28,0.6183746813158523,0.5510130290424895,-0.06736165227336277,-0.5101624475626789,0.6794736795422617,0.8342161391781426,10000,Percentile donor bootstrap; small-control-cohort limitations apply.,0.9694944320178415,0.9922092915065475
scRNA_iDA1,primary,Pearson,PRKN,8,28,-0.530927599802782,0.2772130937189303,0.8081406935217124,-0.43029429551236625,1.3621642604482278,0.07372363005453164,10000,Percentile donor bootstrap; small-control-cohort limitations apply.,0.897293301811395,0.7473194278158707
scRNA_iDA1,primary,Pearson,PIK3R4,8,28,0.5183744530858364,-0.19517542267088236,-0.7135498757567188,-1.247134616275342,0.3991979899191119,0.11514481145945285,10000,Percentile donor bootstrap; small-control-cohort limitations apply.,0.8996323256321686,0.872052616200268
scRNA_iDA1,primary,Pearson,PINK1,8,28,0.4248756103423855,0.48572611833833707,0.06085050799595154,-0.5665517021962244,1.3744877134325348,0.8753884075564574,10000,Percentile donor bootstrap; small-control-cohort limitations apply.,0.9905710927612544,0.9922092915065475
scRNA_iDA1,primary,Pearson,RB1CC1,8,28,-0.36662793722614545,0.07411833712848705,0.4407462743546325,-0.46269915933330424,1.0192488170582281,0.34902959459874616,10000,Percentile donor bootstrap; small-control-cohort limitations apply.,0.8996323256321686,0.9023729489886372
scRNA_iDA1,primary,Pearson,SNX14,8,28,-0.3150437563303349,-0.3153212721272408,-0.0002775157969059361,-0.9168440874851674,0.6290370682634948,0.9994981646403215,10000,Percentile donor bootstrap; small-control-cohort limitations apply.,0.9994981646403215,0.9994981646403215
scRNA_iDA1,primary,Pearson,SNX30,8,28,-0.05782534441397539,0.07356982197635449,0.1313951663903299,-0.804782018685546,0.9869562434089102,0.7882275775096731,10000,Percentile donor bootstrap; small-control-cohort limitations apply.,0.9694944320178415,0.9900907376036139
scRNA_iDA1,primary,Pearson,SNX4,8,28,0.5648495060367219,0.06796295369604914,-0.49688655234067275,-1.0243610029573085,0.43534634456137433,0.2430886277362868,10000,Percentile donor bootstrap; small-control-cohort limitations apply.,0.8996323256321686,0.8970249515146085
scRNA_iDA1,primary,Pearson,SQSTM1,8,28,-0.7668747218613569,-0.16325613546382703,0.6036185863975299,-0.2465966594725779,1.0882767265407216,0.08346914435454837,10000,Percentile donor bootstrap; small-control-cohort limitations apply.,0.897293301811395,0.748319657811463
scRNA_iDA1,primary,Pearson,SPG11,8,28,-0.06096925007060343,-0.07270139306978746,-0.011732142999184028,-0.8523943356720174,1.0228553684227952,0.9808080404702021,10000,Percentile donor bootstrap; small-control-cohort limitations apply.,0.9994981646403215,0.9994981646403215
scRNA_iDA1,primary,Pearson,TOLLIP,8,28,0.6257853513162277,0.2701413994919994,-0.3556439518242283,-0.8475552504112737,0.2931616503377129,0.35043307811261326,10000,Percentile donor bootstrap; small-control-cohort limitations apply.,0.8996323256321686,0.9023729489886372
scRNA_iDA1,primary,Pearson,UVRAG,8,28,-0.14565590028787553,0.03301012663332003,0.17866602692119557,-0.6683927898897565,0.9418152620142392,0.7137273498289325,10000,Percentile donor bootstrap; small-control-cohort limitations apply.,0.9694944320178415,0.9731315395023393
scRNA_iDA1,primary,Pearson,WDR45,8,28,0.6509217019674687,0.2831072659219044,-0.3678144360455643,-0.8488439640315856,0.3742084905223408,0.32133620206238456,10000,Percentile donor bootstrap; small-control-cohort limitations apply.,0.8996323256321686,0.8980566070837616
scRNA_iDA1,primary,Pearson,WIPI1,8,28,-0.273731186186485,0.1763703201688874,0.4501015063553724,-1.239109011942684,1.0784847895764018,0.3486615415063087,10000,Percentile donor bootstrap; small-control-cohort limitations apply.,0.8996323256321686,0.9023729489886372
scRNA_iDA1,primary,Pearson,WIPI2,8,28,0.3760107026447744,0.04044413661861451,-0.33556656602615986,-0.9497427820754865,0.6900657073738852,0.46874878528988984,10000,Percentile donor bootstrap; small-control-cohort limitations apply.,0.8996323256321686,0.9060280057488495
scRNA_iDA1,primary,Pearson,ZFYVE21,8,28,0.4390850644086769,-0.055799955824073266,-0.49488502023275016,-1.106867866139208,0.07048297200171456,0.2820874453993766,10000,Percentile donor bootstrap; small-control-cohort limitations apply.,0.8996323256321686,0.8970249515146085
scRNA_iDA1,primary,Spearman,ATG10,8,28,0.5952380952380952,0.03448275862068966,-0.5607553366174056,-1.1049502976895895,0.4072961106371345,,10000,Percentile donor bootstrap; small-control-cohort limitations apply.,,
scRNA_iDA1,primary,Spearman,ATG12,8,28,0.5,0.34920634920634924,-0.15079365079365076,-0.7580148483822854,0.7038306769855182,,10000,Percentile donor bootstrap; small-control-cohort limitations apply.,,
scRNA_iDA1,primary,Spearman,ATG13,8,28,-0.8333333333333334,-0.48604269293924474,0.34729064039408863,-0.3077758119402065,0.7782133177943402,,10000,Percentile donor bootstrap; small-control-cohort limitations apply.,,
scRNA_iDA1,primary,Spearman,ATG16L1,8,28,0.40476190476190477,0.2386425834701697,-0.16611932129173507,-0.8830382477820726,0.8236497721661158,,10000,Percentile donor bootstrap; small-control-cohort limitations apply.,,
scRNA_iDA1,primary,Spearman,ATG2A,8,28,-0.4523809523809524,-0.07662835249042146,0.3757525998905309,-0.6830750256278242,1.1906613629216134,,10000,Percentile donor bootstrap; small-control-cohort limitations apply.,,
scRNA_iDA1,primary,Spearman,ATG2B,8,28,-0.5238095238095238,0.031198686371100168,0.555008210180624,-0.45661028309868845,1.1312191126877635,,10000,Percentile donor bootstrap; small-control-cohort limitations apply.,,
scRNA_iDA1,primary,Spearman,ATG3,8,28,0.8809523809523809,0.6135741652983033,-0.2673782156540776,-0.6273084883209221,0.31258596466615285,,10000,Percentile donor bootstrap; small-control-cohort limitations apply.,,
scRNA_iDA1,primary,Spearman,ATG4B,8,28,-0.09523809523809523,0.11220580186097429,0.20744389709906952,-0.7940762005650763,1.0889888228332447,,10000,Percentile donor bootstrap; small-control-cohort limitations apply.,,
scRNA_iDA1,primary,Spearman,ATG4C,8,28,-0.2857142857142857,-0.12479474548440067,0.16091954022988503,-0.8924392524725092,0.9424811102444678,,10000,Percentile donor bootstrap; small-control-cohort limitations apply.,,
scRNA_iDA1,primary,Spearman,ATG5,8,28,0.40476190476190477,-0.02627257799671593,-0.4310344827586207,-1.1521920402163106,0.5346187162218298,,10000,Percentile donor bootstrap; small-control-cohort limitations apply.,,
scRNA_iDA1,primary,Spearman,ATG7,8,28,-0.6666666666666666,0.0755336617405583,0.7422003284072249,-0.1257176913332211,1.2241970281016141,,10000,Percentile donor bootstrap; small-control-cohort limitations apply.,,
scRNA_iDA1,primary,Spearman,ATG9B,8,28,0.11904761904761904,0.3448275862068966,0.22577996715927753,-0.7153235683035732,1.1182960242938054,,10000,Percentile donor bootstrap; small-control-cohort limitations apply.,,
scRNA_iDA1,primary,Spearman,ATG101,8,28,0.38095238095238093,0.2928297755883963,-0.08812260536398464,-0.7867815815874842,0.9364284390829798,,10000,Percentile donor bootstrap; small-control-cohort limitations apply.,,
scRNA_iDA1,primary,Spearman,BCL2,8,28,-0.5,-0.4203612479474549,0.07963875205254511,-0.8665435759865429,0.7595873342568635,,10000,Percentile donor bootstrap; small-control-cohort limitations apply.,,
scRNA_iDA1,primary,Spearman,BECN1,8,28,0.42857142857142855,0.4236453201970444,-0.004926108374384175,-0.6754276680875678,0.9131692992665126,,10000,Percentile donor bootstrap; small-control-cohort limitations apply.,,
scRNA_iDA1,primary,Spearman,CALCOCO2,8,28,-0.8809523809523809,-0.06841817186644773,0.8125342090859332,0.13510248959914858,1.2583393786214545,,10000,Percentile donor bootstrap; small-control-cohort limitations apply.,,
scRNA_iDA1,primary,Spearman,CLEC16A,8,28,0.2857142857142857,0.11220580186097429,-0.1735084838533114,-0.98524896910115,0.8269542319278181,,10000,Percentile donor bootstrap; small-control-cohort limitations apply.,,
scRNA_iDA1,primary,Spearman,CTNS,8,28,0.11904761904761904,0.19759168035030106,0.07854406130268202,-0.8292184687744759,0.9814329763692232,,10000,Percentile donor bootstrap; small-control-cohort limitations apply.,,
scRNA_iDA1,primary,Spearman,EPG5,8,28,-0.35714285714285715,0.16365626710454298,0.5207991242474002,-0.6687731525729418,1.250864247817186,,10000,Percentile donor bootstrap; small-control-cohort limitations apply.,,
scRNA_iDA1,primary,Spearman,GRN,8,28,0.19047619047619047,-0.14942528735632185,-0.33990147783251234,-1.2750129447622103,0.6287057120237016,,10000,Percentile donor bootstrap; small-control-cohort limitations apply.,,
scRNA_iDA1,primary,Spearman,GABARAP,8,28,-0.11904761904761904,0.0695128626163109,0.18856048166392994,-0.7605023697473579,1.1466348080802002,,10000,Percentile donor bootstrap; small-control-cohort limitations apply.,,
scRNA_iDA1,primary,Spearman,GABARAPL1,8,28,0.5,0.4592227695675972,-0.04077723043240278,-0.7075702046770566,0.8684747580456422,,10000,Percentile donor bootstrap; small-control-cohort limitations apply.,,
scRNA_iDA1,primary,Spearman,GABARAPL2,8,28,0.7380952380952381,0.18171866447728519,-0.5563765736179529,-1.0491567066703038,0.19336050042398056,,10000,Percentile donor bootstrap; small-control-cohort limitations apply.,,
scRNA_iDA1,primary,Spearman,LAMP2,8,28,-0.6666666666666666,-0.2118226600985222,0.45484400656814444,-0.49289211977821196,1.0357298168649156,,10000,Percentile donor bootstrap; small-control-cohort limitations apply.,,
scRNA_iDA1,primary,Spearman,MAP1LC3A,8,28,0.47619047619047616,0.28243021346469627,-0.1937602627257799,-0.7947573402082806,0.8263539365460747,,10000,Percentile donor bootstrap; small-control-cohort limitations apply.,,
scRNA_iDA1,primary,Spearman,MAP1LC3B,8,28,0.9285714285714286,0.6086480569239191,-0.3199233716475095,-0.6866757533314155,0.15246728428961975,,10000,Percentile donor bootstrap; small-control-cohort limitations apply.,,
scRNA_iDA1,primary,Spearman,NBR1,8,28,-0.5238095238095238,-0.2452107279693487,0.2785987958401751,-0.7051994394629061,0.9418350359478275,,10000,Percentile donor bootstrap; small-control-cohort limitations apply.,,
scRNA_iDA1,primary,Spearman,OPTN,8,28,0.7619047619047619,0.5363984674329503,-0.22550629447181159,-0.6573171917319005,0.7440580450512109,,10000,Percentile donor bootstrap; small-control-cohort limitations apply.,,
scRNA_iDA1,primary,Spearman,PRKN,8,28,-0.19047619047619047,0.3201970443349754,0.5106732348111659,-0.5644854203389706,1.273088019229481,,10000,Percentile donor bootstrap; small-control-cohort limitations apply.,,
scRNA_iDA1,primary,Spearman,PIK3R4,8,28,0.21428571428571427,-0.2545155993431856,-0.4688013136288999,-1.2484650194634463,0.5461194369344364,,10000,Percentile donor bootstrap; small-control-cohort limitations apply.,,
scRNA_iDA1,primary,Spearman,PINK1,8,28,0.4523809523809524,0.5024630541871922,0.05008210180623979,-0.573488904570313,1.0979979148245618,,10000,Percentile donor bootstrap; small-control-cohort limitations apply.,,
scRNA_iDA1,primary,Spearman,RB1CC1,8,28,-0.47619047619047616,0.05911330049261084,0.535303776683087,-0.5208355593252832,1.131175402475263,,10000,Percentile donor bootstrap; small-control-cohort limitations apply.,,
scRNA_iDA1,primary,Spearman,SNX14,8,28,-0.4523809523809524,-0.25232621784345927,0.20005473453749312,-0.782878963131807,0.8110863420240928,,10000,Percentile donor bootstrap; small-control-cohort limitations apply.,,
scRNA_iDA1,primary,Spearman,SNX30,8,28,0.023809523809523808,0.08319649698960045,0.059386973180076644,-0.9048834570055698,1.0308106654895595,,10000,Percentile donor bootstrap; small-control-cohort limitations apply.,,
scRNA_iDA1,primary,Spearman,SNX4,8,28,0.47619047619047616,0.08921729611384785,-0.3869731800766283,-1.0286919204866005,0.6839998379072747,,10000,Percentile donor bootstrap; small-control-cohort limitations apply.,,
scRNA_iDA1,primary,Spearman,SQSTM1,8,28,-0.7857142857142857,-0.026819923371647514,0.7588943623426382,-0.15411546003283852,1.2660223708882543,,10000,Percentile donor bootstrap; small-control-cohort limitations apply.,,
scRNA_iDA1,primary,Spearman,SPG11,8,28,-0.09523809523809523,-0.07662835249042146,0.01860974274767377,-0.8871732940691474,0.9397053273507728,,10000,Percentile donor bootstrap; small-control-cohort limitations apply.,,
scRNA_iDA1,primary,Spearman,TOLLIP,8,28,0.6666666666666666,0.30049261083743845,-0.3661740558292282,-0.8404541692528098,0.409005791505791,,10000,Percentile donor bootstrap; small-control-cohort limitations apply.,,
scRNA_iDA1,primary,Spearman,UVRAG,8,28,-0.11904761904761904,0.009304871373836893,0.12835249042145594,-0.801431592175863,0.9151381655682771,,10000,Percentile donor bootstrap; small-control-cohort limitations apply.,,
scRNA_iDA1,primary,Spearman,WDR45,8,28,0.6666666666666666,0.18883415435139575,-0.4778325123152709,-1.0002958821840717,0.3792571238147983,,10000,Percentile donor bootstrap; small-control-cohort limitations apply.,,
scRNA_iDA1,primary,Spearman,WIPI1,8,28,0.2857142857142857,-0.04816639299397921,-0.3338806787082649,-1.2697304165841798,0.6571123705350095,,10000,Percentile donor bootstrap; small-control-cohort limitations apply.,,
scRNA_iDA1,primary,Spearman,WIPI2,8,28,0.09523809523809523,0.07608100711548989,-0.019157088122605345,-0.8575026032462815,0.903942243726439,,10000,Percentile donor bootstrap; small-control-cohort limitations apply.,,
scRNA_iDA1,primary,Spearman,ZFYVE21,8,28,0.47619047619047616,-0.06568144499178982,-0.541871921182266,-1.1949595147804979,0.43170586398587574,,10000,Percentile donor bootstrap; small-control-cohort limitations apply.,,
scRNA_iDA1,primary,pooled_nuisance_residualized,ATG10,8,28,0.5476742184394293,0.08589757829201494,-0.4617766401474144,-0.9698342409997449,0.3016919340242154,,10000,Percentile donor bootstrap. Pooled-residual sensitivity conditions on the fitted nuisance adjustment; not a fully refitted adjusted CI.,,
scRNA_iDA1,primary,pooled_nuisance_residualized,ATG12,8,28,0.02284425523093299,0.3362753808703985,0.3134311256394655,-0.6311402151252431,0.950251411911025,,10000,Percentile donor bootstrap. Pooled-residual sensitivity conditions on the fitted nuisance adjustment; not a fully refitted adjusted CI.,,
scRNA_iDA1,primary,pooled_nuisance_residualized,ATG13,8,28,-0.6456957696320935,-0.4832876792687152,0.16240809036337833,-0.5713780537227168,0.644515706472803,,10000,Percentile donor bootstrap. Pooled-residual sensitivity conditions on the fitted nuisance adjustment; not a fully refitted adjusted CI.,,
scRNA_iDA1,primary,pooled_nuisance_residualized,ATG16L1,8,28,0.4488518393861278,0.3796413281107141,-0.06921051127541372,-0.7470965662469442,0.8737987789307593,,10000,Percentile donor bootstrap. Pooled-residual sensitivity conditions on the fitted nuisance adjustment; not a fully refitted adjusted CI.,,
scRNA_iDA1,primary,pooled_nuisance_residualized,ATG2A,8,28,-0.4132035124973516,-0.12255591949509734,0.2906475930022543,-0.6316184526846162,1.1087970684867496,,10000,Percentile donor bootstrap. Pooled-residual sensitivity conditions on the fitted nuisance adjustment; not a fully refitted adjusted CI.,,
scRNA_iDA1,primary,pooled_nuisance_residualized,ATG2B,8,28,-0.25707241732141317,0.01750920046787472,0.2745816177892879,-0.8041026047890001,0.9780506152182499,,10000,Percentile donor bootstrap. Pooled-residual sensitivity conditions on the fitted nuisance adjustment; not a fully refitted adjusted CI.,,
scRNA_iDA1,primary,pooled_nuisance_residualized,ATG3,8,28,0.1946118742598668,0.7447918227310641,0.5501799484711973,-0.10591850789645701,1.1754617481011411,,10000,Percentile donor bootstrap. Pooled-residual sensitivity conditions on the fitted nuisance adjustment; not a fully refitted adjusted CI.,,
scRNA_iDA1,primary,pooled_nuisance_residualized,ATG4B,8,28,0.07343450079743682,0.10958737354619781,0.036152872748760986,-0.855958457128336,1.022414302436239,,10000,Percentile donor bootstrap. Pooled-residual sensitivity conditions on the fitted nuisance adjustment; not a fully refitted adjusted CI.,,
scRNA_iDA1,primary,pooled_nuisance_residualized,ATG4C,8,28,-0.29757776340223274,-0.2488270862483464,0.04875067715388634,-0.8186650460702957,0.8474684531320892,,10000,Percentile donor bootstrap. Pooled-residual sensitivity conditions on the fitted nuisance adjustment; not a fully refitted adjusted CI.,,
scRNA_iDA1,primary,pooled_nuisance_residualized,ATG5,8,28,0.33279283395070186,0.06780155877660883,-0.26499127517409304,-0.9415742499140544,0.9652101206688807,,10000,Percentile donor bootstrap. Pooled-residual sensitivity conditions on the fitted nuisance adjustment; not a fully refitted adjusted CI.,,
scRNA_iDA1,primary,pooled_nuisance_residualized,ATG7,8,28,-0.6728473812212854,0.06883384021048738,0.7416812214317727,-0.08724318052271345,1.2831951214351085,,10000,Percentile donor bootstrap. Pooled-residual sensitivity conditions on the fitted nuisance adjustment; not a fully refitted adjusted CI.,,
scRNA_iDA1,primary,pooled_nuisance_residualized,ATG9B,8,28,0.03489307813959277,0.38774901831542063,0.3528559401758279,-0.4429436060852853,1.0797991928950905,,10000,Percentile donor bootstrap. Pooled-residual sensitivity conditions on the fitted nuisance adjustment; not a fully refitted adjusted CI.,,
scRNA_iDA1,primary,pooled_nuisance_residualized,ATG101,8,28,0.39937417142019427,0.23405092757493856,-0.1653232438452557,-0.8169988384941509,0.7445026964708922,,10000,Percentile donor bootstrap. Pooled-residual sensitivity conditions on the fitted nuisance adjustment; not a fully refitted adjusted CI.,,
scRNA_iDA1,primary,pooled_nuisance_residualized,BCL2,8,28,-0.3747357727715974,-0.4138883937940332,-0.039152621022435774,-0.8900937561108795,0.654600685038975,,10000,Percentile donor bootstrap. Pooled-residual sensitivity conditions on the fitted nuisance adjustment; not a fully refitted adjusted CI.,,
scRNA_iDA1,primary,pooled_nuisance_residualized,BECN1,8,28,0.6019398874707258,0.6501378852172319,0.04819799774650613,-0.4252901683707761,0.9779958325259972,,10000,Percentile donor bootstrap. Pooled-residual sensitivity conditions on the fitted nuisance adjustment; not a fully refitted adjusted CI.,,
scRNA_iDA1,primary,pooled_nuisance_residualized,CALCOCO2,8,28,-0.8530996371367456,-0.0018790060383367148,0.851220631098409,0.21531414634390705,1.2875758139274238,,10000,Percentile donor bootstrap. Pooled-residual sensitivity conditions on the fitted nuisance adjustment; not a fully refitted adjusted CI.,,
scRNA_iDA1,primary,pooled_nuisance_residualized,CLEC16A,8,28,0.4617570149983681,0.25414587831306307,-0.207611136685305,-0.853714550375315,0.7441843069601235,,10000,Percentile donor bootstrap. Pooled-residual sensitivity conditions on the fitted nuisance adjustment; not a fully refitted adjusted CI.,,
scRNA_iDA1,primary,pooled_nuisance_residualized,CTNS,8,28,-0.12339136275114491,0.20748948123204183,0.33088084398318673,-0.5682282166300111,1.1453589957786394,,10000,Percentile donor bootstrap. Pooled-residual sensitivity conditions on the fitted nuisance adjustment; not a fully refitted adjusted CI.,,
scRNA_iDA1,primary,pooled_nuisance_residualized,EPG5,8,28,-0.4288732789522242,0.011504644779722784,0.440377923731947,-0.7171039185465636,1.082961437473484,,10000,Percentile donor bootstrap. Pooled-residual sensitivity conditions on the fitted nuisance adjustment; not a fully refitted adjusted CI.,,
scRNA_iDA1,primary,pooled_nuisance_residualized,GRN,8,28,0.07074238541424856,-0.24219203663041755,-0.3129344220446661,-1.295659009497912,0.6355408991103433,,10000,Percentile donor bootstrap. Pooled-residual sensitivity conditions on the fitted nuisance adjustment; not a fully refitted adjusted CI.,,
scRNA_iDA1,primary,pooled_nuisance_residualized,GABARAP,8,28,-0.6702452462922984,0.022682063267589946,0.6929273095598883,-0.042226326979921944,1.2323372483904973,,10000,Percentile donor bootstrap. Pooled-residual sensitivity conditions on the fitted nuisance adjustment; not a fully refitted adjusted CI.,,
scRNA_iDA1,primary,pooled_nuisance_residualized,GABARAPL1,8,28,0.4573757084285607,0.45198932292193217,-0.0053863855066285105,-0.6016863001887244,0.8056726925058108,,10000,Percentile donor bootstrap. Pooled-residual sensitivity conditions on the fitted nuisance adjustment; not a fully refitted adjusted CI.,,
scRNA_iDA1,primary,pooled_nuisance_residualized,GABARAPL2,8,28,0.6239223446182943,0.3610397890100125,-0.26288255560828183,-0.7527860062323818,0.5236740007209136,,10000,Percentile donor bootstrap. Pooled-residual sensitivity conditions on the fitted nuisance adjustment; not a fully refitted adjusted CI.,,
scRNA_iDA1,primary,pooled_nuisance_residualized,LAMP2,8,28,-0.7214405862611545,-0.2691022904914942,0.4523382957696603,-0.22112607716493757,1.0195223557969937,,10000,Percentile donor bootstrap. Pooled-residual sensitivity conditions on the fitted nuisance adjustment; not a fully refitted adjusted CI.,,
scRNA_iDA1,primary,pooled_nuisance_residualized,MAP1LC3A,8,28,0.6432740104286732,0.5033417123087573,-0.1399322981199158,-0.5539013330977292,0.6554603953015302,,10000,Percentile donor bootstrap. Pooled-residual sensitivity conditions on the fitted nuisance adjustment; not a fully refitted adjusted CI.,,
scRNA_iDA1,primary,pooled_nuisance_residualized,MAP1LC3B,8,28,0.8795321563279959,0.6301383347499241,-0.24939382157807177,-0.6044506611051124,0.12257169129539462,,10000,Percentile donor bootstrap. Pooled-residual sensitivity conditions on the fitted nuisance adjustment; not a fully refitted adjusted CI.,,
scRNA_iDA1,primary,pooled_nuisance_residualized,NBR1,8,28,-0.6486583142679657,-0.19759576158947123,0.4510625526784945,-0.21773554730890324,0.9864108931180198,,10000,Percentile donor bootstrap. Pooled-residual sensitivity conditions on the fitted nuisance adjustment; not a fully refitted adjusted CI.,,
scRNA_iDA1,primary,pooled_nuisance_residualized,OPTN,8,28,0.4390133849353775,0.6472746119887869,0.20826122705340938,-0.2955068439538786,0.9470212567526801,,10000,Percentile donor bootstrap. Pooled-residual sensitivity conditions on the fitted nuisance adjustment; not a fully refitted adjusted CI.,,
scRNA_iDA1,primary,pooled_nuisance_residualized,PRKN,8,28,-0.2911511077207247,0.2485925520897968,0.5397436598105215,-0.32040161733908795,1.1576756171208913,,10000,Percentile donor bootstrap. Pooled-residual sensitivity conditions on the fitted nuisance adjustment; not a fully refitted adjusted CI.,,
scRNA_iDA1,primary,pooled_nuisance_residualized,PIK3R4,8,28,-0.4517332649656971,-0.16062484961106485,0.2911084153546323,-0.47312240236374514,0.9023161654211097,,10000,Percentile donor bootstrap. Pooled-residual sensitivity conditions on the fitted nuisance adjustment; not a fully refitted adjusted CI.,,
scRNA_iDA1,primary,pooled_nuisance_residualized,PINK1,8,28,0.4730179451653248,0.6109863829818993,0.13796843781657453,-0.34927334588732273,0.8913659935209806,,10000,Percentile donor bootstrap. Pooled-residual sensitivity conditions on the fitted nuisance adjustment; not a fully refitted adjusted CI.,,
scRNA_iDA1,primary,pooled_nuisance_residualized,RB1CC1,8,28,-0.6284025590809444,0.030380743148199458,0.6587833022291439,-0.08631730105952182,1.1824494016706801,,10000,Percentile donor bootstrap. Pooled-residual sensitivity conditions on the fitted nuisance adjustment; not a fully refitted adjusted CI.,,
scRNA_iDA1,primary,pooled_nuisance_residualized,SNX14,8,28,-0.4923427897534271,-0.3251776547375812,0.1671651350158459,-0.5428125271904177,0.7759195722875865,,10000,Percentile donor bootstrap. Pooled-residual sensitivity conditions on the fitted nuisance adjustment; not a fully refitted adjusted CI.,,
scRNA_iDA1,primary,pooled_nuisance_residualized,SNX30,8,28,-0.03519356647927071,0.09577517588140766,0.13096874236067838,-0.8002677892191183,1.111275059622307,,10000,Percentile donor bootstrap. Pooled-residual sensitivity conditions on the fitted nuisance adjustment; not a fully refitted adjusted CI.,,
scRNA_iDA1,primary,pooled_nuisance_residualized,SNX4,8,28,-0.0919610420963266,0.13232420630770683,0.22428524840403344,-0.7018262393257106,1.0745473507708134,,10000,Percentile donor bootstrap. Pooled-residual sensitivity conditions on the fitted nuisance adjustment; not a fully refitted adjusted CI.,,
scRNA_iDA1,primary,pooled_nuisance_residualized,SQSTM1,8,28,-0.9193833356741345,-0.17637981734444924,0.7430035183296853,0.34797450102793,1.2141789746272174,,10000,Percentile donor bootstrap. Pooled-residual sensitivity conditions on the fitted nuisance adjustment; not a fully refitted adjusted CI.,,
scRNA_iDA1,primary,pooled_nuisance_residualized,SPG11,8,28,-0.2790225419321406,0.0029568221286320447,0.2819793640607726,-0.6406489025709422,1.016247295047176,,10000,Percentile donor bootstrap. Pooled-residual sensitivity conditions on the fitted nuisance adjustment; not a fully refitted adjusted CI.,,
scRNA_iDA1,primary,pooled_nuisance_residualized,TOLLIP,8,28,0.5582843402000205,0.37191046707296904,-0.18637387312705145,-0.7122508279147507,0.6007010676770401,,10000,Percentile donor bootstrap. Pooled-residual sensitivity conditions on the fitted nuisance adjustment; not a fully refitted adjusted CI.,,
scRNA_iDA1,primary,pooled_nuisance_residualized,UVRAG,8,28,0.22019334012513514,0.03280926533234264,-0.1873840747927925,-1.07310828270794,0.6820021209290785,,10000,Percentile donor bootstrap. Pooled-residual sensitivity conditions on the fitted nuisance adjustment; not a fully refitted adjusted CI.,,
scRNA_iDA1,primary,pooled_nuisance_residualized,WDR45,8,28,0.7870481019083847,0.41551089905621347,-0.37153720285217123,-0.8520020663494731,0.013275198425213719,,10000,Percentile donor bootstrap. Pooled-residual sensitivity conditions on the fitted nuisance adjustment; not a fully refitted adjusted CI.,,
scRNA_iDA1,primary,pooled_nuisance_residualized,WIPI1,8,28,0.12123130567016084,0.2105242635465887,0.08929295787642787,-0.9097376596310445,0.9866929445525829,,10000,Percentile donor bootstrap. Pooled-residual sensitivity conditions on the fitted nuisance adjustment; not a fully refitted adjusted CI.,,
scRNA_iDA1,primary,pooled_nuisance_residualized,WIPI2,8,28,-0.029677629086822605,0.10127448889437184,0.13095211798119444,-0.7045870730490505,1.3698187946444804,,10000,Percentile donor bootstrap. Pooled-residual sensitivity conditions on the fitted nuisance adjustment; not a fully refitted adjusted CI.,,
scRNA_iDA1,primary,pooled_nuisance_residualized,ZFYVE21,8,28,0.5479758704669017,0.024333163301237613,-0.5236427071656641,-1.0547840150468815,0.06977237304190588,,10000,Percentile donor bootstrap. Pooled-residual sensitivity conditions on the fitted nuisance adjustment; not a fully refitted adjusted CI.,,
scRNA_iDA2,primary,Pearson,ATG10,8,28,0.44721112650614425,-0.13427891439924958,-0.5814900409053938,-1.0929495081433183,0.03411820652881241,0.20838294768151489,10000,Percentile donor bootstrap; small-control-cohort limitations apply.,0.9373641404347218,0.8970249515146085
scRNA_iDA2,primary,Pearson,ATG12,8,28,0.3889250833021323,0.32575901499309895,-0.06316606830903337,-0.8112031454792676,0.7336707271779799,0.8824207191215565,10000,Percentile donor bootstrap; small-control-cohort limitations apply.,0.9373641404347218,0.9922092915065475
scRNA_iDA2,primary,Pearson,ATG13,8,28,-0.18805059854599052,-0.2919512642615219,-0.10390066571553139,-1.0514752789351762,0.7247844015657302,0.821732439337914,10000,Percentile donor bootstrap; small-control-cohort limitations apply.,0.9373641404347218,0.9922092915065475
scRNA_iDA2,primary,Pearson,ATG16L1,8,28,0.21884074266613504,0.3405391480734563,0.12169840540732127,-0.5746619015874544,1.1855940547403219,0.7871734231602456,10000,Percentile donor bootstrap; small-control-cohort limitations apply.,0.9373641404347218,0.9900907376036139
scRNA_iDA2,primary,Pearson,ATG2A,8,28,0.08899795574937756,-0.46425940049831166,-0.5532573562476892,-1.2550450151266805,0.3848189974771002,0.22691795750571175,10000,Percentile donor bootstrap; small-control-cohort limitations apply.,0.9373641404347218,0.8970249515146085
scRNA_iDA2,primary,Pearson,ATG2B,8,28,0.5119610001285714,0.0771859179273882,-0.43477508220118316,-1.0139685203068671,0.5327382871054754,0.3191454096177726,10000,Percentile donor bootstrap; small-control-cohort limitations apply.,0.9373641404347218,0.8980566070837616
scRNA_iDA2,primary,Pearson,ATG3,8,28,0.7666523597523348,0.4772217056037484,-0.28943065414858643,-0.7723182288195967,0.21780275041646446,0.31447607624759766,10000,Percentile donor bootstrap; small-control-cohort limitations apply.,0.9373641404347218,0.8975377032484759
scRNA_iDA2,primary,Pearson,ATG4B,8,28,-0.08529853150328444,0.3121092394762271,0.3974077709795115,-0.7504258109668587,1.1000619555480888,0.4044972520362541,10000,Percentile donor bootstrap; small-control-cohort limitations apply.,0.9373641404347218,0.9023729489886372
scRNA_iDA2,primary,Pearson,ATG4C,8,28,0.36374056075693106,0.2536581568660931,-0.11008240389083795,-0.9041073578429731,0.7126794660430088,0.8035394601761912,10000,Percentile donor bootstrap; small-control-cohort limitations apply.,0.9373641404347218,0.9922092915065475
scRNA_iDA2,primary,Pearson,ATG5,8,28,0.5597618179696676,0.2830917471533607,-0.2766700708163069,-0.8088741164918051,0.25635015118619287,0.48581891212978656,10000,Percentile donor bootstrap; small-control-cohort limitations apply.,0.9373641404347218,0.9060280057488495
scRNA_iDA2,primary,Pearson,ATG7,8,28,0.1401900878131902,0.22046844995465456,0.08027836214146436,-0.8364525485316379,1.3016631149367912,0.8654173929591555,10000,Percentile donor bootstrap; small-control-cohort limitations apply.,0.9373641404347218,0.9922092915065475
scRNA_iDA2,primary,Pearson,ATG9B,8,28,-0.002440626930481046,0.2920401399387885,0.29448076686926955,-0.5958977224038513,1.0020312616434073,0.5359311792189476,10000,Percentile donor bootstrap; small-control-cohort limitations apply.,0.9373641404347218,0.926541644796359
scRNA_iDA2,primary,Pearson,ATG101,8,28,0.2670889261507187,0.41751181405537724,0.15042288790465852,-0.589269845947885,0.9612934935238198,0.72712937539164,10000,Percentile donor bootstrap; small-control-cohort limitations apply.,0.9373641404347218,0.9731315395023393
scRNA_iDA2,primary,Pearson,BCL2,8,28,-0.600071875984637,-0.07650664974950123,0.5235652262351357,0.03824530496779092,0.9937162226466517,0.2081619465003023,10000,Percentile donor bootstrap; small-control-cohort limitations apply.,0.9373641404347218,0.8970249515146085
scRNA_iDA2,primary,Pearson,BECN1,8,28,0.17167716500239497,0.17465780803016462,0.0029806430277696527,-0.8623410941757714,0.9541828238620961,0.9949954576629043,10000,Percentile donor bootstrap; small-control-cohort limitations apply.,0.9949954576629043,0.9994981646403215
scRNA_iDA2,primary,Pearson,CALCOCO2,8,28,-0.39155922659064235,-0.09902333521183121,0.29253589137881114,-0.7397397116136419,0.8684453690809985,0.5211689325454969,10000,Percentile donor bootstrap; small-control-cohort limitations apply.,0.9373641404347218,0.9259143380340792
scRNA_iDA2,primary,Pearson,CLEC16A,8,28,-0.49452131466806,0.3057845717221396,0.8003058863901995,-0.46098574385294416,1.3000087261660647,0.07990903807581112,10000,Percentile donor bootstrap; small-control-cohort limitations apply.,0.9373641404347218,0.748319657811463
scRNA_iDA2,primary,Pearson,CTNS,8,28,0.09489003214512325,-0.0010680700863322078,-0.09595810223145546,-0.8237734046276617,0.9321638199830057,0.8442515747352894,10000,Percentile donor bootstrap; small-control-cohort limitations apply.,0.9373641404347218,0.9922092915065475
scRNA_iDA2,primary,Pearson,EPG5,8,28,0.2730017525322694,0.46720480342199666,0.19420305088972728,-0.537054403622234,1.1731033735313345,0.6440061856201202,10000,Percentile donor bootstrap; small-control-cohort limitations apply.,0.9373641404347218,0.9709463841941999
scRNA_iDA2,primary,Pearson,GRN,8,28,-0.15369647158355115,-0.1839339030281438,-0.03023743144459265,-1.2849538647229017,0.6979017020222085,0.9493380597196125,10000,Percentile donor bootstrap; small-control-cohort limitations apply.,0.9719413468557938,0.9974189108758099
scRNA_iDA2,primary,Pearson,GABARAP,8,28,0.25725737213601696,-0.1381345137253512,-0.3953918858613682,-1.1074808644841339,0.6439640414106096,0.4116622451653804,10000,Percentile donor bootstrap; small-control-cohort limitations apply.,0.9373641404347218,0.9023729489886372
scRNA_iDA2,primary,Pearson,GABARAPL1,8,28,0.8103667688639854,0.27879784312321654,-0.5315689257407689,-0.9811954567942174,0.27913507628696677,0.08576919829403691,10000,Percentile donor bootstrap; small-control-cohort limitations apply.,0.9373641404347218,0.7486633410411697
scRNA_iDA2,primary,Pearson,GABARAPL2,8,28,0.5322697425774393,0.03681278670724137,-0.49545695587019795,-1.0639088374611478,0.4219073453309449,0.2559964397324124,10000,Percentile donor bootstrap; small-control-cohort limitations apply.,0.9373641404347218,0.8970249515146085
scRNA_iDA2,primary,Pearson,LAMP2,8,28,-0.2059130556519174,-0.025127708920570924,0.18078534673134647,-0.9489627090776758,0.9101540442695167,0.7075770764279007,10000,Percentile donor bootstrap; small-control-cohort limitations apply.,0.9373641404347218,0.9731315395023393
scRNA_iDA2,primary,Pearson,MAP1LC3A,8,28,0.3579248728314127,0.22022360702680255,-0.13770126580461017,-0.7277295743847593,0.5072092744717264,0.7585108050321108,10000,Percentile donor bootstrap; small-control-cohort limitations apply.,0.9373641404347218,0.9821597666518872
scRNA_iDA2,primary,Pearson,MAP1LC3B,8,28,0.90809616923477,0.7196375216468678,-0.1884586475879022,-0.4790570864209689,-0.0075020086381112185,0.21332420565600585,10000,Percentile donor bootstrap; small-control-cohort limitations apply.,0.9373641404347218,0.8970249515146085
scRNA_iDA2,primary,Pearson,NBR1,8,28,-0.40344885360811344,-0.15766215371167985,0.2457866998964336,-0.7715669873567881,0.8604196531376794,0.5832587919912741,10000,Percentile donor bootstrap; small-control-cohort limitations apply.,0.9373641404347218,0.9436456631828799
scRNA_iDA2,primary,Pearson,OPTN,8,28,0.6216534835377556,0.5798749252093182,-0.041778558328437465,-0.5184548241086624,0.538771052347169,0.893765808321479,10000,Percentile donor bootstrap; small-control-cohort limitations apply.,0.9373641404347218,0.9930457970063027
scRNA_iDA2,primary,Pearson,PRKN,8,28,-0.06225686796294043,0.12685495194443638,0.1891118199073768,-0.652000698626802,0.9903817426478878,0.6983194707106455,10000,Percentile donor bootstrap; small-control-cohort limitations apply.,0.9373641404347218,0.9731315395023393
scRNA_iDA2,primary,Pearson,PIK3R4,8,28,0.014001635823052519,0.10575326051759155,0.09175162469453904,-0.8834709306660125,1.1771523436624551,0.8508017627009529,10000,Percentile donor bootstrap; small-control-cohort limitations apply.,0.9373641404347218,0.9922092915065475
scRNA_iDA2,primary,Pearson,PINK1,8,28,0.5945454827223212,0.24311701858129922,-0.351428464141022,-0.9040685400556416,0.2870238764389775,0.37283686540480265,10000,Percentile donor bootstrap; small-control-cohort limitations apply.,0.9373641404347218,0.9023729489886372
scRNA_iDA2,primary,Pearson,RB1CC1,8,28,-0.07372872297577855,0.2597640134447181,0.33349273642049665,-0.5373932675747239,1.0587694125931215,0.48802930617294027,10000,Percentile donor bootstrap; small-control-cohort limitations apply.,0.9373641404347218,0.9060280057488495
scRNA_iDA2,primary,Pearson,SNX14,8,28,0.08835985478241916,0.3209778161556715,0.23261796137325236,-0.4711525598064033,0.9434003998702382,0.6182297188425258,10000,Percentile donor bootstrap; small-control-cohort limitations apply.,0.9373641404347218,0.9532583988140741
scRNA_iDA2,primary,Pearson,SNX30,8,28,-0.02220923082834119,0.35543079704327457,0.37764002787161577,-0.42746649226128824,1.150900537505234,0.4214192038283969,10000,Percentile donor bootstrap; small-control-cohort limitations apply.,0.9373641404347218,0.9023729489886372
scRNA_iDA2,primary,Pearson,SNX4,8,28,0.805479548657354,0.2591110898384461,-0.5463684588189079,-0.9100945176775239,-0.03276549415829021,0.08314151158131576,10000,Percentile donor bootstrap; small-control-cohort limitations apply.,0.9373641404347218,0.748319657811463
scRNA_iDA2,primary,Pearson,SQSTM1,8,28,0.13963546785082137,-0.24575014800760867,-0.38538561585843,-1.1459500806258485,0.48319724730858704,0.42427851473982914,10000,Percentile donor bootstrap; small-control-cohort limitations apply.,0.9373641404347218,0.9023729489886372
scRNA_iDA2,primary,Pearson,SPG11,8,28,-0.2676634288557808,0.011851059847189607,0.2795144887029704,-0.6712442485308102,1.0841105459192821,0.5590878717548993,10000,Percentile donor bootstrap; small-control-cohort limitations apply.,0.9373641404347218,0.9436456631828799
scRNA_iDA2,primary,Pearson,TOLLIP,8,28,0.26092020329712484,0.38829321020648355,0.1273730069093587,-0.5826437721832944,0.931920938569275,0.7708440576315505,10000,Percentile donor bootstrap; small-control-cohort limitations apply.,0.9373641404347218,0.9875241036822102
scRNA_iDA2,primary,Pearson,UVRAG,8,28,0.4310891031407161,0.20283661678449974,-0.22825248635621634,-0.9152518380015289,0.7423032845344679,0.6019293599740827,10000,Percentile donor bootstrap; small-control-cohort limitations apply.,0.9373641404347218,0.9495675923551229
scRNA_iDA2,primary,Pearson,WDR45,8,28,0.46932342920685205,0.10474848281603368,-0.3645749463908184,-0.919486260443722,1.0931051172974717,0.40948476568074965,10000,Percentile donor bootstrap; small-control-cohort limitations apply.,0.9373641404347218,0.9023729489886372
scRNA_iDA2,primary,Pearson,WIPI1,8,28,0.3675449161466402,-0.0011263956349450547,-0.36867131178158524,-0.9096968195114322,0.7273280156763569,0.42989907665255334,10000,Percentile donor bootstrap; small-control-cohort limitations apply.,0.9373641404347218,0.9023729489886372
scRNA_iDA2,primary,Pearson,WIPI2,8,28,0.5211920580236918,0.23777553400188722,-0.2834165240218046,-1.0178219468354452,0.6841637107713191,0.49336983203002793,10000,Percentile donor bootstrap; small-control-cohort limitations apply.,0.9373641404347218,0.9060280057488495
scRNA_iDA2,primary,Pearson,ZFYVE21,8,28,0.10014628788338187,0.1993087577556908,0.09916246987230892,-0.7531227420614199,1.006930016194596,0.8358175722520227,10000,Percentile donor bootstrap; small-control-cohort limitations apply.,0.9373641404347218,0.9922092915065475
scRNA_iDA2,primary,Spearman,ATG10,8,28,0.5,-0.19376026272577998,-0.69376026272578,-1.2635083937187817,0.15539441148282201,,10000,Percentile donor bootstrap; small-control-cohort limitations apply.,,
scRNA_iDA2,primary,Spearman,ATG12,8,28,0.30952380952380953,0.1811713191023536,-0.12835249042145594,-0.9105724082114115,0.8424709199133067,,10000,Percentile donor bootstrap; small-control-cohort limitations apply.,,
scRNA_iDA2,primary,Spearman,ATG13,8,28,-0.16666666666666666,-0.21291735084838537,-0.04625068418171871,-0.994828797681074,0.8202215233017337,,10000,Percentile donor bootstrap; small-control-cohort limitations apply.,,
scRNA_iDA2,primary,Spearman,ATG16L1,8,28,0.07142857142857142,0.42255062944718125,0.35112205801860985,-0.46243867119862747,1.2801985344692026,,10000,Percentile donor bootstrap; small-control-cohort limitations apply.,,
scRNA_iDA2,primary,Spearman,ATG2A,8,28,-0.14285714285714285,-0.41543513957307066,-0.2725779967159278,-1.2931475976978313,0.5658562721044637,,10000,Percentile donor bootstrap; small-control-cohort limitations apply.,,
scRNA_iDA2,primary,Spearman,ATG2B,8,28,0.35714285714285715,0.03393541324575808,-0.3232074438970991,-1.0621831313973171,0.6542749578521974,,10000,Percentile donor bootstrap; small-control-cohort limitations apply.,,
scRNA_iDA2,primary,Spearman,ATG3,8,28,0.6904761904761905,0.40284619594964427,-0.2876299945265462,-0.7432628996552892,0.5976525611784761,,10000,Percentile donor bootstrap; small-control-cohort limitations apply.,,
scRNA_iDA2,primary,Spearman,ATG4B,8,28,0.21428571428571427,0.2813355227148331,0.06704980842911881,-0.8389009652590842,1.010991113889294,,10000,Percentile donor bootstrap; small-control-cohort limitations apply.,,
scRNA_iDA2,primary,Spearman,ATG4C,8,28,0.38095238095238093,0.14559386973180077,-0.23535851122058016,-0.9793567551634066,0.7375117078136008,,10000,Percentile donor bootstrap; small-control-cohort limitations apply.,,
scRNA_iDA2,primary,Spearman,ATG5,8,28,0.6666666666666666,0.2758620689655173,-0.39080459770114934,-0.8909665572573492,0.4124874194528161,,10000,Percentile donor bootstrap; small-control-cohort limitations apply.,,
scRNA_iDA2,primary,Spearman,ATG7,8,28,0.07142857142857142,0.2452107279693487,0.17378215654077728,-0.8176222956597877,1.2193084524790145,,10000,Percentile donor bootstrap; small-control-cohort limitations apply.,,
scRNA_iDA2,primary,Spearman,ATG9B,8,28,-0.023809523809523808,0.2293377120963328,0.25314723590585664,-0.7687596656701455,1.05375133354996,,10000,Percentile donor bootstrap; small-control-cohort limitations apply.,,
scRNA_iDA2,primary,Spearman,ATG101,8,28,0.21428571428571427,0.34044882320744396,0.1261631089217297,-0.7162439520634161,1.1109098013775864,,10000,Percentile donor bootstrap; small-control-cohort limitations apply.,,
scRNA_iDA2,primary,Spearman,BCL2,8,28,-0.7142857142857143,-0.11111111111111112,0.6031746031746031,-0.13095088018037931,1.1107990974885027,,10000,Percentile donor bootstrap; small-control-cohort limitations apply.,,
scRNA_iDA2,primary,Spearman,BECN1,8,28,0.16666666666666666,0.1904761904761905,0.023809523809523836,-0.9636787454921173,0.9911149628480639,,10000,Percentile donor bootstrap; small-control-cohort limitations apply.,,
scRNA_iDA2,primary,Spearman,CALCOCO2,8,28,-0.14285714285714285,-0.11439518336070062,0.02846195949644223,-0.9522079920688828,0.7856634543821771,,10000,Percentile donor bootstrap; small-control-cohort limitations apply.,,
scRNA_iDA2,primary,Spearman,CLEC16A,8,28,-0.30952380952380953,0.2993979200875753,0.6089217296113849,-0.41195751094914923,1.3394852622125344,,10000,Percentile donor bootstrap; small-control-cohort limitations apply.,,
scRNA_iDA2,primary,Spearman,CTNS,8,28,0.09523809523809523,0.0005473453749315818,-0.09469074986316366,-0.9226962274097404,0.9729719036468389,,10000,Percentile donor bootstrap; small-control-cohort limitations apply.,,
scRNA_iDA2,primary,Spearman,EPG5,8,28,0.2857142857142857,0.4181718664477286,0.13245758073344288,-0.6530233403175895,1.2795156408117963,,10000,Percentile donor bootstrap; small-control-cohort limitations apply.,,
scRNA_iDA2,primary,Spearman,GRN,8,28,0.21428571428571427,-0.18664477285166942,-0.40093048713738366,-1.3593692263804151,0.5851423945233591,,10000,Percentile donor bootstrap; small-control-cohort limitations apply.,,
scRNA_iDA2,primary,Spearman,GABARAP,8,28,0.09523809523809523,-0.17679255610290096,-0.2720306513409962,-1.149353372482885,0.751662768962619,,10000,Percentile donor bootstrap; small-control-cohort limitations apply.,,
scRNA_iDA2,primary,Spearman,GABARAPL1,8,28,0.6428571428571429,0.2079912424740011,-0.43486590038314177,-0.9890398726704825,0.5206756787463708,,10000,Percentile donor bootstrap; small-control-cohort limitations apply.,,
scRNA_iDA2,primary,Spearman,GABARAPL2,8,28,0.5714285714285714,-0.10454296661193214,-0.6759715380405036,-1.2504684462194127,0.38239833036703924,,10000,Percentile donor bootstrap; small-control-cohort limitations apply.,,
scRNA_iDA2,primary,Spearman,LAMP2,8,28,0.07142857142857142,0.06020799124247401,-0.011220580186097416,-0.9540295894978956,0.9215137523838096,,10000,Percentile donor bootstrap; small-control-cohort limitations apply.,,
scRNA_iDA2,primary,Spearman,MAP1LC3A,8,28,0.3333333333333333,0.314176245210728,-0.019157088122605304,-0.6776816576592847,0.8167907361429225,,10000,Percentile donor bootstrap; small-control-cohort limitations apply.,,
scRNA_iDA2,primary,Spearman,MAP1LC3B,8,28,0.8809523809523809,0.665024630541872,-0.21592775041050893,-0.5828849919481849,0.36649534969427316,,10000,Percentile donor bootstrap; small-control-cohort limitations apply.,,
scRNA_iDA2,primary,Spearman,NBR1,8,28,-0.3333333333333333,-0.1724137931034483,0.16091954022988503,-0.8506996644339869,0.8665202582317407,,10000,Percentile donor bootstrap; small-control-cohort limitations apply.,,
scRNA_iDA2,primary,Spearman,OPTN,8,28,0.6666666666666666,0.6354679802955666,-0.031198686371100015,-0.5127670631862077,0.8154497851411964,,10000,Percentile donor bootstrap; small-control-cohort limitations apply.,,
scRNA_iDA2,primary,Spearman,PRKN,8,28,-0.21428571428571427,0.15489874110563767,0.3691844553913519,-0.6835036289319784,1.1778293504498947,,10000,Percentile donor bootstrap; small-control-cohort limitations apply.,,
scRNA_iDA2,primary,Spearman,PIK3R4,8,28,-0.14285714285714285,0.11275314723590588,0.2556102900930487,-0.682059289548741,1.2345311175587306,,10000,Percentile donor bootstrap; small-control-cohort limitations apply.,,
scRNA_iDA2,primary,Spearman,PINK1,8,28,0.4523809523809524,0.1089217296113848,-0.3434592227695676,-0.8690796506188813,0.7433763805928605,,10000,Percentile donor bootstrap; small-control-cohort limitations apply.,,
scRNA_iDA2,primary,Spearman,RB1CC1,8,28,-0.16666666666666666,0.28790366721401206,0.4545703338806787,-0.5514579951776337,1.1835637573691495,,10000,Percentile donor bootstrap; small-control-cohort limitations apply.,,
scRNA_iDA2,primary,Spearman,SNX14,8,28,0.023809523809523808,0.12151067323481118,0.09770114942528738,-0.7384042710763822,0.9693696593977117,,10000,Percentile donor bootstrap; small-control-cohort limitations apply.,,
scRNA_iDA2,primary,Spearman,SNX30,8,28,0.0,0.27093596059113306,0.27093596059113306,-0.603127345857006,1.163822363440153,,10000,Percentile donor bootstrap; small-control-cohort limitations apply.,,
scRNA_iDA2,primary,Spearman,SNX4,8,28,0.8095238095238095,0.24958949096880134,-0.5599343185550082,-0.9914778245571371,0.1020561561786499,,10000,Percentile donor bootstrap; small-control-cohort limitations apply.,,
scRNA_iDA2,primary,Spearman,SQSTM1,8,28,0.23809523809523808,-0.22222222222222224,-0.46031746031746035,-1.2036550280910256,0.5338022740366309,,10000,Percentile donor bootstrap; small-control-cohort limitations apply.,,
scRNA_iDA2,primary,Spearman,SPG11,8,28,-0.2619047619047619,0.12534209085933226,0.3872468527640942,-0.6112939627159495,1.200261999952173,,10000,Percentile donor bootstrap; small-control-cohort limitations apply.,,
scRNA_iDA2,primary,Spearman,TOLLIP,8,28,0.07142857142857142,0.45265462506841825,0.38122605363984685,-0.47705052347272175,1.267530456169285,,10000,Percentile donor bootstrap; small-control-cohort limitations apply.,,
scRNA_iDA2,primary,Spearman,UVRAG,8,28,0.40476190476190477,0.19102353585112208,-0.21373836891078268,-0.9604645514573109,0.768090869351837,,10000,Percentile donor bootstrap; small-control-cohort limitations apply.,,
scRNA_iDA2,primary,Spearman,WDR45,8,28,0.023809523809523808,0.08976464148877943,0.06595511767925562,-0.8440383716231795,1.0684094964590418,,10000,Percentile donor bootstrap; small-control-cohort limitations apply.,,
scRNA_iDA2,primary,Spearman,WIPI1,8,28,0.23809523809523808,0.20087575259989054,-0.03721948549534754,-0.7849033077798966,0.9429438546401643,,10000,Percentile donor bootstrap; small-control-cohort limitations apply.,,
scRNA_iDA2,primary,Spearman,WIPI2,8,28,0.5238095238095238,0.03831417624521073,-0.4854953475643131,-1.0578634500674577,0.6028345517394473,,10000,Percentile donor bootstrap; small-control-cohort limitations apply.,,
scRNA_iDA2,primary,Spearman,ZFYVE21,8,28,0.19047619047619047,0.28571428571428575,0.09523809523809529,-0.7369415323920269,1.0546031860680063,,10000,Percentile donor bootstrap; small-control-cohort limitations apply.,,
scRNA_iDA2,primary,pooled_nuisance_residualized,ATG10,8,28,0.2162077350910818,-0.13196322773026858,-0.3481709628213504,-0.9798027246279689,0.4169974844293225,,10000,Percentile donor bootstrap. Pooled-residual sensitivity conditions on the fitted nuisance adjustment; not a fully refitted adjusted CI.,,
scRNA_iDA2,primary,pooled_nuisance_residualized,ATG12,8,28,-0.06466341676967721,0.29282931334225115,0.3574927301119284,-0.4608231139389847,1.0408553478072289,,10000,Percentile donor bootstrap. Pooled-residual sensitivity conditions on the fitted nuisance adjustment; not a fully refitted adjusted CI.,,
scRNA_iDA2,primary,pooled_nuisance_residualized,ATG13,8,28,-0.2482979496425711,-0.3301275708573086,-0.0818296212147375,-0.8368629479541855,0.5728677915520864,,10000,Percentile donor bootstrap. Pooled-residual sensitivity conditions on the fitted nuisance adjustment; not a fully refitted adjusted CI.,,
scRNA_iDA2,primary,pooled_nuisance_residualized,ATG16L1,8,28,0.43991271724974323,0.30739072913805776,-0.13252198811168547,-0.7213597793726602,0.9006396673525549,,10000,Percentile donor bootstrap. Pooled-residual sensitivity conditions on the fitted nuisance adjustment; not a fully refitted adjusted CI.,,
scRNA_iDA2,primary,pooled_nuisance_residualized,ATG2A,8,28,-0.1446712710967728,-0.5511807082047374,-0.4065094371079646,-0.96815584983875,0.2491543497397272,,10000,Percentile donor bootstrap. Pooled-residual sensitivity conditions on the fitted nuisance adjustment; not a fully refitted adjusted CI.,,
scRNA_iDA2,primary,pooled_nuisance_residualized,ATG2B,8,28,0.2166217060645194,0.03101474769979405,-0.18560695836472535,-1.0025899884258964,0.7969874841662234,,10000,Percentile donor bootstrap. Pooled-residual sensitivity conditions on the fitted nuisance adjustment; not a fully refitted adjusted CI.,,
scRNA_iDA2,primary,pooled_nuisance_residualized,ATG3,8,28,0.28683537706571655,0.4673099196479309,0.18047454258221435,-0.4711082867929355,0.9849042700669024,,10000,Percentile donor bootstrap. Pooled-residual sensitivity conditions on the fitted nuisance adjustment; not a fully refitted adjusted CI.,,
scRNA_iDA2,primary,pooled_nuisance_residualized,ATG4B,8,28,-0.6321994497450235,0.30391722131725474,0.9361166710622782,-0.536442288040812,1.392984117137165,,10000,Percentile donor bootstrap. Pooled-residual sensitivity conditions on the fitted nuisance adjustment; not a fully refitted adjusted CI.,,
scRNA_iDA2,primary,pooled_nuisance_residualized,ATG4C,8,28,0.21530250350713293,0.2221607999417017,0.006858296434568784,-0.7965832640172321,0.8668381367177042,,10000,Percentile donor bootstrap. Pooled-residual sensitivity conditions on the fitted nuisance adjustment; not a fully refitted adjusted CI.,,
scRNA_iDA2,primary,pooled_nuisance_residualized,ATG5,8,28,0.6443232039314849,0.26420230883395357,-0.38012089509753133,-0.8821791613969681,0.9385283568990014,,10000,Percentile donor bootstrap. Pooled-residual sensitivity conditions on the fitted nuisance adjustment; not a fully refitted adjusted CI.,,
scRNA_iDA2,primary,pooled_nuisance_residualized,ATG7,8,28,-0.6639742654229821,0.2280629309193806,0.8920371963423627,-0.5386331343733801,1.4013741968994051,,10000,Percentile donor bootstrap. Pooled-residual sensitivity conditions on the fitted nuisance adjustment; not a fully refitted adjusted CI.,,
scRNA_iDA2,primary,pooled_nuisance_residualized,ATG9B,8,28,-0.02608326736136802,0.23235103460494647,0.2584343019663145,-0.5344541659553971,1.1122450455689652,,10000,Percentile donor bootstrap. Pooled-residual sensitivity conditions on the fitted nuisance adjustment; not a fully refitted adjusted CI.,,
scRNA_iDA2,primary,pooled_nuisance_residualized,ATG101,8,28,0.42862414963558115,0.4947800091832079,0.06615585954762676,-0.5528463903181978,0.9726588436613021,,10000,Percentile donor bootstrap. Pooled-residual sensitivity conditions on the fitted nuisance adjustment; not a fully refitted adjusted CI.,,
scRNA_iDA2,primary,pooled_nuisance_residualized,BCL2,8,28,-0.032513941629640164,-0.056197058534756504,-0.02368311690511634,-0.6194176232976027,0.7332998145141897,,10000,Percentile donor bootstrap. Pooled-residual sensitivity conditions on the fitted nuisance adjustment; not a fully refitted adjusted CI.,,
scRNA_iDA2,primary,pooled_nuisance_residualized,BECN1,8,28,-0.41571572527548717,0.13281894080051196,0.5485346660759991,-0.0353724073877062,1.1474963299708445,,10000,Percentile donor bootstrap. Pooled-residual sensitivity conditions on the fitted nuisance adjustment; not a fully refitted adjusted CI.,,
scRNA_iDA2,primary,pooled_nuisance_residualized,CALCOCO2,8,28,-0.506813104413394,-0.14684782919889375,0.3599652752145003,-0.4400306453384652,0.9910985399484351,,10000,Percentile donor bootstrap. Pooled-residual sensitivity conditions on the fitted nuisance adjustment; not a fully refitted adjusted CI.,,
scRNA_iDA2,primary,pooled_nuisance_residualized,CLEC16A,8,28,-0.8057595177480015,0.23814988643553092,1.0439094041835324,-0.1167146958937141,1.4318355639664362,,10000,Percentile donor bootstrap. Pooled-residual sensitivity conditions on the fitted nuisance adjustment; not a fully refitted adjusted CI.,,
scRNA_iDA2,primary,pooled_nuisance_residualized,CTNS,8,28,-0.575749558621561,-0.10064293383302528,0.4751066247885357,-0.6428890097662485,0.9722528288488665,,10000,Percentile donor bootstrap. Pooled-residual sensitivity conditions on the fitted nuisance adjustment; not a fully refitted adjusted CI.,,
scRNA_iDA2,primary,pooled_nuisance_residualized,EPG5,8,28,0.6199868834859826,0.45982656429961677,-0.16016031918636586,-0.6851463287194115,1.1177849313622028,,10000,Percentile donor bootstrap. Pooled-residual sensitivity conditions on the fitted nuisance adjustment; not a fully refitted adjusted CI.,,
scRNA_iDA2,primary,pooled_nuisance_residualized,GRN,8,28,-0.559475261203422,-0.20061540506626752,0.35885985613715443,-0.9007661883157202,0.8236858132507955,,10000,Percentile donor bootstrap. Pooled-residual sensitivity conditions on the fitted nuisance adjustment; not a fully refitted adjusted CI.,,
scRNA_iDA2,primary,pooled_nuisance_residualized,GABARAP,8,28,-0.2538984379646892,-0.10968088310112065,0.14421755486356855,-0.48348690998117777,0.745954461450896,,10000,Percentile donor bootstrap. Pooled-residual sensitivity conditions on the fitted nuisance adjustment; not a fully refitted adjusted CI.,,
scRNA_iDA2,primary,pooled_nuisance_residualized,GABARAPL1,8,28,0.6971806437582793,0.317190896526584,-0.37998974723169526,-0.8743500152054757,0.3815799917481399,,10000,Percentile donor bootstrap. Pooled-residual sensitivity conditions on the fitted nuisance adjustment; not a fully refitted adjusted CI.,,
scRNA_iDA2,primary,pooled_nuisance_residualized,GABARAPL2,8,28,0.5893763714291259,0.05676206444070711,-0.5326143069884188,-1.0599248555095337,0.861563179831002,,10000,Percentile donor bootstrap. Pooled-residual sensitivity conditions on the fitted nuisance adjustment; not a fully refitted adjusted CI.,,
scRNA_iDA2,primary,pooled_nuisance_residualized,LAMP2,8,28,-0.4386386366969059,-0.07156881945124123,0.3670698172456647,-0.9029670845667079,0.9901658737274702,,10000,Percentile donor bootstrap. Pooled-residual sensitivity conditions on the fitted nuisance adjustment; not a fully refitted adjusted CI.,,
scRNA_iDA2,primary,pooled_nuisance_residualized,MAP1LC3A,8,28,0.4216192266727248,0.1656547193875242,-0.2559645072852006,-0.823449612876486,1.029361660943305,,10000,Percentile donor bootstrap. Pooled-residual sensitivity conditions on the fitted nuisance adjustment; not a fully refitted adjusted CI.,,
scRNA_iDA2,primary,pooled_nuisance_residualized,MAP1LC3B,8,28,0.8751845737802396,0.7606373591133526,-0.114547214666887,-0.3639920595398062,0.34545814281758525,,10000,Percentile donor bootstrap. Pooled-residual sensitivity conditions on the fitted nuisance adjustment; not a fully refitted adjusted CI.,,
scRNA_iDA2,primary,pooled_nuisance_residualized,NBR1,8,28,-0.7240341499510614,-0.19130154250430648,0.5327326074467549,-0.8020033214228844,1.032488754444553,,10000,Percentile donor bootstrap. Pooled-residual sensitivity conditions on the fitted nuisance adjustment; not a fully refitted adjusted CI.,,
scRNA_iDA2,primary,pooled_nuisance_residualized,OPTN,8,28,0.5895785805799499,0.6005892955656947,0.011010714985744796,-0.4370683883347868,1.0904471812493175,,10000,Percentile donor bootstrap. Pooled-residual sensitivity conditions on the fitted nuisance adjustment; not a fully refitted adjusted CI.,,
scRNA_iDA2,primary,pooled_nuisance_residualized,PRKN,8,28,-0.1029853329586737,0.06595488529539015,0.16894021825406386,-0.8474490155110899,1.0007593678057012,,10000,Percentile donor bootstrap. Pooled-residual sensitivity conditions on the fitted nuisance adjustment; not a fully refitted adjusted CI.,,
scRNA_iDA2,primary,pooled_nuisance_residualized,PIK3R4,8,28,-0.14816018657361074,0.03701308158190135,0.1851732681555121,-0.5870944523866799,1.003909177972779,,10000,Percentile donor bootstrap. Pooled-residual sensitivity conditions on the fitted nuisance adjustment; not a fully refitted adjusted CI.,,
scRNA_iDA2,primary,pooled_nuisance_residualized,PINK1,8,28,0.4095213489371138,0.25120426605035034,-0.15831708288676344,-0.8130859696422803,0.7554678641548166,,10000,Percentile donor bootstrap. Pooled-residual sensitivity conditions on the fitted nuisance adjustment; not a fully refitted adjusted CI.,,
scRNA_iDA2,primary,pooled_nuisance_residualized,RB1CC1,8,28,-0.4381951990135297,0.20281663032536934,0.6410118293388991,0.03907512952626864,1.199794820279271,,10000,Percentile donor bootstrap. Pooled-residual sensitivity conditions on the fitted nuisance adjustment; not a fully refitted adjusted CI.,,
scRNA_iDA2,primary,pooled_nuisance_residualized,SNX14,8,28,-0.0921372300252281,0.28859007463338654,0.38072730465861465,-0.4176148895101375,1.1403561456893454,,10000,Percentile donor bootstrap. Pooled-residual sensitivity conditions on the fitted nuisance adjustment; not a fully refitted adjusted CI.,,
scRNA_iDA2,primary,pooled_nuisance_residualized,SNX30,8,28,0.12161536367575167,0.3487148039327776,0.22709944025702594,-0.5828123382499248,1.0965637109862343,,10000,Percentile donor bootstrap. Pooled-residual sensitivity conditions on the fitted nuisance adjustment; not a fully refitted adjusted CI.,,
scRNA_iDA2,primary,pooled_nuisance_residualized,SNX4,8,28,0.4174275486512025,0.2372992524074445,-0.180128296243758,-0.7467308438010721,0.8516100285972587,,10000,Percentile donor bootstrap. Pooled-residual sensitivity conditions on the fitted nuisance adjustment; not a fully refitted adjusted CI.,,
scRNA_iDA2,primary,pooled_nuisance_residualized,SQSTM1,8,28,0.2964009490748157,-0.2556687434142654,-0.5520696924890811,-1.202179070078999,0.5362137567098778,,10000,Percentile donor bootstrap. Pooled-residual sensitivity conditions on the fitted nuisance adjustment; not a fully refitted adjusted CI.,,
scRNA_iDA2,primary,pooled_nuisance_residualized,SPG11,8,28,-0.28128307203639785,-0.11116229563151951,0.17012077640487833,-0.7163909002444881,0.9243266667223178,,10000,Percentile donor bootstrap. Pooled-residual sensitivity conditions on the fitted nuisance adjustment; not a fully refitted adjusted CI.,,
scRNA_iDA2,primary,pooled_nuisance_residualized,TOLLIP,8,28,-0.16165241497224966,0.40797720654557584,0.5696296215178255,-0.4007610449434416,1.204856280945966,,10000,Percentile donor bootstrap. Pooled-residual sensitivity conditions on the fitted nuisance adjustment; not a fully refitted adjusted CI.,,
scRNA_iDA2,primary,pooled_nuisance_residualized,UVRAG,8,28,0.7663507101482757,0.16882903473623168,-0.597521675412044,-0.9997723913697194,0.6939091489932684,,10000,Percentile donor bootstrap. Pooled-residual sensitivity conditions on the fitted nuisance adjustment; not a fully refitted adjusted CI.,,
scRNA_iDA2,primary,pooled_nuisance_residualized,WDR45,8,28,-0.09380341585922689,0.08873534669609416,0.18253876255532103,-0.700918300536579,1.043203309856843,,10000,Percentile donor bootstrap. Pooled-residual sensitivity conditions on the fitted nuisance adjustment; not a fully refitted adjusted CI.,,
scRNA_iDA2,primary,pooled_nuisance_residualized,WIPI1,8,28,0.14048143872979182,0.007768073925995227,-0.13271336480379659,-0.8114849784281621,0.5378350183801247,,10000,Percentile donor bootstrap. Pooled-residual sensitivity conditions on the fitted nuisance adjustment; not a fully refitted adjusted CI.,,
scRNA_iDA2,primary,pooled_nuisance_residualized,WIPI2,8,28,0.07364509792451056,0.26305310774916335,0.18940800982465278,-0.6993712854497194,1.0985206400295455,,10000,Percentile donor bootstrap. Pooled-residual sensitivity conditions on the fitted nuisance adjustment; not a fully refitted adjusted CI.,,
scRNA_iDA2,primary,pooled_nuisance_residualized,ZFYVE21,8,28,0.12159768616929456,0.18799754190110599,0.06639985573181142,-0.671809454306971,0.9513904104300694,,10000,Percentile donor bootstrap. Pooled-residual sensitivity conditions on the fitted nuisance adjustment; not a fully refitted adjusted CI.,,
scRNA_iDA3,primary,Pearson,ATG10,5,13,-0.006732542777870547,-0.3027095824542593,-0.2959770396763887,-1.190615469621548,0.927642549927267,0.6930320116234654,9984,Percentile donor bootstrap; small-control-cohort limitations apply.,0.8560983672995749,0.9731315395023393
scRNA_iDA3,primary,Pearson,ATG12,5,13,-0.46407878842226036,0.286951971536991,0.7510307599592514,-1.2500086482486015,1.633525234996722,0.3030680897524326,9984,Percentile donor bootstrap; small-control-cohort limitations apply.,0.8560983672995749,0.8970249515146085
scRNA_iDA3,primary,Pearson,ATG13,5,13,-0.6420728997852764,-0.045999127943411156,0.5960737718418652,-1.182953583590387,1.3619083851578737,0.35553085424616004,9890,Percentile donor bootstrap; small-control-cohort limitations apply.,0.8560983672995749,0.9023729489886372
scRNA_iDA3,primary,Pearson,ATG16L1,5,13,0.386025631327358,0.0938799812132734,-0.2921456501140846,-1.126824645852066,1.3174367447778705,0.6861871444864726,9984,Percentile donor bootstrap; small-control-cohort limitations apply.,0.8560983672995749,0.9731315395023393
scRNA_iDA3,primary,Pearson,ATG2A,5,13,-0.5582143821369794,-0.20363583726462833,0.3545785448723511,-1.3919856740948806,1.1951857652723747,0.5843712918894124,9984,Percentile donor bootstrap; small-control-cohort limitations apply.,0.8560983672995749,0.9436456631828799
scRNA_iDA3,primary,Pearson,ATG2B,5,13,0.6394183294130775,0.059165290477312775,-0.5802530389357647,-1.2361491468715815,1.2867000980857348,0.36755875033446983,9984,Percentile donor bootstrap; small-control-cohort limitations apply.,0.8560983672995749,0.9023729489886372
scRNA_iDA3,primary,Pearson,ATG3,5,13,-0.48158282916434797,-0.055683258136597524,0.42589957102775045,-1.3375744138163606,1.4986904681760853,0.5446034799460141,9984,Percentile donor bootstrap; small-control-cohort limitations apply.,0.8560983672995749,0.926541644796359
scRNA_iDA3,primary,Pearson,ATG4B,5,13,0.7387041859807247,-0.08718834794526366,-0.8258925339259884,-1.4131895625589634,0.7718386402703321,0.18147743901746993,9984,Percentile donor bootstrap; small-control-cohort limitations apply.,0.8560983672995749,0.8970249515146085
scRNA_iDA3,primary,Pearson,ATG4C,5,13,0.10723173607030288,-0.2402972633943261,-0.347528999464629,-1.301747575655126,1.0825159783614444,0.6488364946956393,9887,Percentile donor bootstrap; small-control-cohort limitations apply.,0.8560983672995749,0.9709463841941999
scRNA_iDA3,primary,Pearson,ATG5,5,13,-0.05724299410982167,-0.7158972362603034,-0.6586542421504817,-1.638081468492589,0.31499748044478915,0.27710216105594565,9984,Percentile donor bootstrap; small-control-cohort limitations apply.,0.8560983672995749,0.8970249515146085
scRNA_iDA3,primary,Pearson,ATG7,5,13,0.7459101810823926,-0.1341580351970787,-0.8800682162794713,-1.5346603762932838,0.8881155727878908,0.15609076605912553,9984,Percentile donor bootstrap; small-control-cohort limitations apply.,0.8560983672995749,0.8970249515146085
scRNA_iDA3,primary,Pearson,ATG9B,5,13,0.12082202109058511,0.1345157498587608,0.013693728768175692,-1.1814394670930193,1.388988397020152,0.9856613859362254,9983,Percentile donor bootstrap; small-control-cohort limitations apply.,0.9953835083634139,0.9994981646403215
scRNA_iDA3,primary,Pearson,ATG101,5,13,-0.9075991331504163,-0.25750670975186124,0.650092423398555,-1.3181829313524542,1.1276014658881155,0.10650027783920456,9890,Percentile donor bootstrap; small-control-cohort limitations apply.,0.8560983672995749,0.8488235078187285
scRNA_iDA3,primary,Pearson,BCL2,5,13,0.8176204317849279,0.09846104630091132,-0.7191593854840166,-1.3105591083183856,1.050073976360064,0.1749092544086287,9984,Percentile donor bootstrap; small-control-cohort limitations apply.,0.8560983672995749,0.8970249515146085
scRNA_iDA3,primary,Pearson,BECN1,5,13,-0.4461303455484043,-0.12679319303256228,0.31933715251584205,-0.9656848841365604,1.3132603103789178,0.6491670009425374,9984,Percentile donor bootstrap; small-control-cohort limitations apply.,0.8560983672995749,0.9709463841941999
scRNA_iDA3,primary,Pearson,CALCOCO2,5,13,-0.5179022411271941,-0.3169118844532723,0.2009903566739218,-1.2674247572097794,1.038926286421912,0.7515265114894154,9984,Percentile donor bootstrap; small-control-cohort limitations apply.,0.8767809300709847,0.9805883562493368
scRNA_iDA3,primary,Pearson,CLEC16A,5,13,0.6782015222246004,0.09439605811776036,-0.58380546410684,-1.3673927049446335,0.7805713766887408,0.34524945467180845,9984,Percentile donor bootstrap; small-control-cohort limitations apply.,0.8560983672995749,0.9023729489886372
scRNA_iDA3,primary,Pearson,CTNS,5,13,,0.5371840239485753,,,,,0,Percentile donor bootstrap; small-control-cohort limitations apply.,,
scRNA_iDA3,primary,Pearson,EPG5,5,13,-0.5616744517469155,0.26129115385999746,0.822965605606913,-0.548066907364561,1.5661839183471615,0.2438285418286431,9984,Percentile donor bootstrap; small-control-cohort limitations apply.,0.8560983672995749,0.8970249515146085
scRNA_iDA3,primary,Pearson,GRN,5,13,-0.8899537413893873,-0.3942818243374937,0.4956719170518936,-1.4940762164644914,1.0237177312098922,0.19454610464014266,9984,Percentile donor bootstrap; small-control-cohort limitations apply.,0.8560983672995749,0.8970249515146085
scRNA_iDA3,primary,Pearson,GABARAP,5,13,-0.3139951061303803,-0.307959673631824,0.006035432498556259,-1.535937395552686,1.1803871162115145,0.9931175849891312,9890,Percentile donor bootstrap; small-control-cohort limitations apply.,0.9953835083634139,0.9994981646403215
scRNA_iDA3,primary,Pearson,GABARAPL1,5,13,0.19307752581137227,-0.21827127581439637,-0.41134880162576865,-1.4191746549697843,0.8549847570344242,0.5900075796988103,9984,Percentile donor bootstrap; small-control-cohort limitations apply.,0.8560983672995749,0.9436456631828799
scRNA_iDA3,primary,Pearson,GABARAPL2,5,13,-0.5825328384503113,-0.16876535942922782,0.4137674790210835,-1.3896547377593156,1.3696252334068997,0.5220462185192056,9984,Percentile donor bootstrap; small-control-cohort limitations apply.,0.8560983672995749,0.9259143380340792
scRNA_iDA3,primary,Pearson,LAMP2,5,13,-0.8452004347478056,0.041831654239088564,0.8870320889868941,-0.9951047515077136,1.6548873933977293,0.09818544222729735,9984,Percentile donor bootstrap; small-control-cohort limitations apply.,0.8560983672995749,0.8047632447650275
scRNA_iDA3,primary,Pearson,MAP1LC3A,5,13,-0.8668497027867379,0.07385255318029434,0.9407022559670323,-1.0694140511551213,1.5807545048041391,0.07186516266451146,9984,Percentile donor bootstrap; small-control-cohort limitations apply.,0.8560983672995749,0.7473194278158707
scRNA_iDA3,primary,Pearson,MAP1LC3B,5,13,-0.19336440992284995,0.13223163692374942,0.3255960468465994,-1.1376076988358363,1.4764101110878778,0.671178471404146,9984,Percentile donor bootstrap; small-control-cohort limitations apply.,0.8560983672995749,0.9709463841941999
scRNA_iDA3,primary,Pearson,NBR1,5,13,0.13401919194019807,0.19210932543481452,0.05809013349461645,-0.9697689069981781,1.2319353034552434,0.9385700041314761,9984,Percentile donor bootstrap; small-control-cohort limitations apply.,0.9953835083634139,0.9974189108758099
scRNA_iDA3,primary,Pearson,OPTN,5,13,-0.05780354333037484,0.19783740808230407,0.2556409514126789,-0.8806969245007595,1.4492386029657711,0.7387364994119064,9984,Percentile donor bootstrap; small-control-cohort limitations apply.,0.8767809300709847,0.9760394018830647
scRNA_iDA3,primary,Pearson,PRKN,5,13,-0.3433715875970773,-0.27474370063267484,0.06862788696440247,-1.4341144386908196,0.9572507867071631,0.921920345410459,9978,Percentile donor bootstrap; small-control-cohort limitations apply.,0.9953835083634139,0.9974189108758099
scRNA_iDA3,primary,Pearson,PIK3R4,5,13,0.18605725754628183,0.18172704778159257,-0.004330209764689258,-1.0302789536323016,1.2366862004737396,0.9953835083634139,9287,Percentile donor bootstrap; small-control-cohort limitations apply.,0.9953835083634139,0.9994981646403215
scRNA_iDA3,primary,Pearson,PINK1,5,13,-0.588456942429054,0.012309841523001248,0.6007667839520553,-1.1782062361134034,1.4616239393616763,0.3746998198338375,9984,Percentile donor bootstrap; small-control-cohort limitations apply.,0.8560983672995749,0.9023729489886372
scRNA_iDA3,primary,Pearson,RB1CC1,5,13,0.4467936773448786,0.6699567418579788,0.2231630645131002,-0.5675768442077398,1.8086774096495566,0.6701084068413137,9984,Percentile donor bootstrap; small-control-cohort limitations apply.,0.8560983672995749,0.9709463841941999
scRNA_iDA3,primary,Pearson,SNX14,5,13,-0.4421928954509428,0.05116796862535411,0.4933608640762969,-0.6819659155603454,1.4652473226369196,0.49696201856171707,9984,Percentile donor bootstrap; small-control-cohort limitations apply.,0.8560983672995749,0.9075724807066818
scRNA_iDA3,primary,Pearson,SNX30,5,13,0.37865581508437257,0.23245300593606008,-0.1462028091483125,-0.9192528267702328,1.3514175095756964,0.8346318619329153,9984,Percentile donor bootstrap; small-control-cohort limitations apply.,0.9474199513833091,0.9922092915065475
scRNA_iDA3,primary,Pearson,SNX4,5,13,-0.6415136315374216,-0.10791235292594041,0.5336012786114812,-1.2148516856492766,1.2694770326478313,0.39964552382310237,9984,Percentile donor bootstrap; small-control-cohort limitations apply.,0.8560983672995749,0.9023729489886372
scRNA_iDA3,primary,Pearson,SQSTM1,5,13,-0.8748205487513921,-0.6131872608231627,0.2616332879282295,-1.758503775652695,0.6677235017256311,0.4092217441228345,9984,Percentile donor bootstrap; small-control-cohort limitations apply.,0.8560983672995749,0.9023729489886372
scRNA_iDA3,primary,Pearson,SPG11,5,13,0.4506196141979778,-0.09032173528270537,-0.5409413494806832,-1.3939866927507358,0.9129378680087626,0.4570747751034032,9984,Percentile donor bootstrap; small-control-cohort limitations apply.,0.8560983672995749,0.9060280057488495
scRNA_iDA3,primary,Pearson,TOLLIP,5,13,-0.5454307936497382,-0.041038737919922394,0.5043920557298158,-1.3063552516449115,1.4946914408165408,0.4611895870086574,9984,Percentile donor bootstrap; small-control-cohort limitations apply.,0.8560983672995749,0.9060280057488495
scRNA_iDA3,primary,Pearson,UVRAG,5,13,-0.3220895722535216,0.2004777702357152,0.5225673424892368,-0.6912030727552809,1.3803181419096486,0.4879761503652452,9984,Percentile donor bootstrap; small-control-cohort limitations apply.,0.8560983672995749,0.9060280057488495
scRNA_iDA3,primary,Pearson,WDR45,5,13,0.21267682786533537,-0.1263523916125023,-0.3390292194778377,-1.3285059832244992,1.0324332323944492,0.657898050383664,9238,Percentile donor bootstrap; small-control-cohort limitations apply.,0.8560983672995749,0.9709463841941999
scRNA_iDA3,primary,Pearson,WIPI1,5,13,0.4295606028288303,-0.4815432223769655,-0.9111038252057958,-1.6678010820483928,0.5499538450574165,0.20380360976416856,9984,Percentile donor bootstrap; small-control-cohort limitations apply.,0.8560983672995749,0.8970249515146085
scRNA_iDA3,primary,Pearson,WIPI2,5,13,0.415715371592015,-0.1221364865384874,-0.5378518581305024,-1.4445904244521612,0.8943082378795151,0.4655521838036991,9984,Percentile donor bootstrap; small-control-cohort limitations apply.,0.8560983672995749,0.9060280057488495
scRNA_iDA3,primary,Pearson,ZFYVE21,5,13,0.7943626781981882,0.02443818522713762,-0.7699244929710506,-1.440383971228991,-0.0949869836170064,0.17169456381845438,9984,Percentile donor bootstrap; small-control-cohort limitations apply.,0.8560983672995749,0.8970249515146085
scRNA_iDA3,primary,Spearman,ATG10,5,13,-0.5999999999999999,-0.23933997882811733,0.36066002117188256,-1.3524171160135618,1.1866190717237604,,9984,Percentile donor bootstrap; small-control-cohort limitations apply.,,
scRNA_iDA3,primary,Spearman,ATG12,5,13,0.0,0.18156825980064073,0.18156825980064073,-1.302927921791767,1.3826808451396386,,9984,Percentile donor bootstrap; small-control-cohort limitations apply.,,
scRNA_iDA3,primary,Spearman,ATG13,5,13,-0.35909242322980395,-0.05809178640206307,0.30100063682774086,-1.229839042599541,1.3858408129539943,,9890,Percentile donor bootstrap; small-control-cohort limitations apply.,,
scRNA_iDA3,primary,Spearman,ATG16L1,5,13,0.09999999999999998,0.15130688316720062,0.05130688316720064,-1.1282988880394254,1.4495961642028785,,9984,Percentile donor bootstrap; small-control-cohort limitations apply.,,
scRNA_iDA3,primary,Spearman,ATG2A,5,13,-0.5999999999999999,-0.19257239675825533,0.40742760324174454,-1.0929173423755467,1.2187541081035753,,9984,Percentile donor bootstrap; small-control-cohort limitations apply.,,
scRNA_iDA3,primary,Spearman,ATG2B,5,13,0.19999999999999996,0.15405791740660427,-0.04594208259339569,-1.165707645217358,1.2469673361034157,,9984,Percentile donor bootstrap; small-control-cohort limitations apply.,,
scRNA_iDA3,primary,Spearman,ATG3,5,13,-0.3999999999999999,-0.13204964349137507,0.26795035650862487,-1.2231322870818992,1.3657960834047032,,9984,Percentile donor bootstrap; small-control-cohort limitations apply.,,
scRNA_iDA3,primary,Spearman,ATG4B,5,13,0.3999999999999999,-0.06877585598509119,-0.4687758559850911,-1.5020196078431372,0.9940235458158139,,9984,Percentile donor bootstrap; small-control-cohort limitations apply.,,
scRNA_iDA3,primary,Spearman,ATG4C,5,13,-0.20519567041703082,-0.22425928905063797,-0.019063618633607143,-1.2440867795805128,1.240700418469571,,9887,Percentile donor bootstrap; small-control-cohort limitations apply.,,
scRNA_iDA3,primary,Spearman,ATG5,5,13,-0.4999999999999999,-0.7262730392025629,-0.22627303920256303,-1.7882222049371557,0.4106196581196575,,9984,Percentile donor bootstrap; small-control-cohort limitations apply.,,
scRNA_iDA3,primary,Spearman,ATG7,5,13,0.5999999999999999,0.03168044077134986,-0.56831955922865,-1.449039943880644,1.185682957393481,,9984,Percentile donor bootstrap; small-control-cohort limitations apply.,,
scRNA_iDA3,primary,Spearman,ATG9B,5,13,0.29999999999999993,0.28357948808983896,-0.016420511910160973,-1.109486641871085,1.4987416209786593,,9983,Percentile donor bootstrap; small-control-cohort limitations apply.,,
scRNA_iDA3,primary,Spearman,ATG101,5,13,-0.6668859288553503,-0.24242424242424243,0.4244616864311078,-1.240840065748975,1.2224642837467463,,9890,Percentile donor bootstrap; small-control-cohort limitations apply.,,
scRNA_iDA3,primary,Spearman,BCL2,5,13,0.4999999999999999,0.22833584187050274,-0.2716641581294972,-1.2433291299502416,1.212634862097373,,9984,Percentile donor bootstrap; small-control-cohort limitations apply.,,
scRNA_iDA3,primary,Spearman,BECN1,5,13,-0.19999999999999996,-0.049518616309265656,0.1504813836907343,-1.161412485608038,1.3503788861483736,,9984,Percentile donor bootstrap; small-control-cohort limitations apply.,,
scRNA_iDA3,primary,Spearman,CALCOCO2,5,13,-0.3999999999999999,-0.21182963643408084,0.18817036356591907,-1.2356246181192023,1.2674122282475129,,9984,Percentile donor bootstrap; small-control-cohort limitations apply.,,
scRNA_iDA3,primary,Spearman,CLEC16A,5,13,0.4999999999999999,0.08528206142151307,-0.4147179385784868,-1.3769392424397962,1.0800769037971105,,9984,Percentile donor bootstrap; small-control-cohort limitations apply.,,
scRNA_iDA3,primary,Spearman,CTNS,5,13,,0.436640670291483,,,,,0,Percentile donor bootstrap; small-control-cohort limitations apply.,,
scRNA_iDA3,primary,Spearman,EPG5,5,13,-0.4999999999999999,0.2778544581797684,0.7778544581797683,-0.6915073125289777,1.657452895747187,,9984,Percentile donor bootstrap; small-control-cohort limitations apply.,,
scRNA_iDA3,primary,Spearman,GRN,5,13,-0.3999999999999999,-0.32462204024963043,0.07537795975036948,-1.3057373010533602,1.1699008089368252,,9984,Percentile donor bootstrap; small-control-cohort limitations apply.,,
scRNA_iDA3,primary,Spearman,GABARAP,5,13,-0.35909242322980395,-0.18085426536341773,0.17823815786638622,-1.3252841102924844,1.2844317371639924,,9890,Percentile donor bootstrap; small-control-cohort limitations apply.,,
scRNA_iDA3,primary,Spearman,GABARAPL1,5,13,-0.09999999999999998,-0.12379654077316414,-0.023796540773164163,-1.3266405574205016,1.1113233124726598,,9984,Percentile donor bootstrap; small-control-cohort limitations apply.,,
scRNA_iDA3,primary,Spearman,GABARAPL2,5,13,-0.09999999999999998,-0.04401654783045836,0.05598345216954162,-1.3537604456824512,1.2256826020812632,,9984,Percentile donor bootstrap; small-control-cohort limitations apply.,,
scRNA_iDA3,primary,Spearman,LAMP2,5,13,-0.3999999999999999,0.19257239675825533,0.5925723967582552,-0.8479629264336994,1.6305965878602058,,9984,Percentile donor bootstrap; small-control-cohort limitations apply.,,
scRNA_iDA3,primary,Spearman,MAP1LC3A,5,13,-0.29999999999999993,0.3328751429678413,0.6328751429678412,-0.914498268698061,1.6122278531050862,,9984,Percentile donor bootstrap; small-control-cohort limitations apply.,,
scRNA_iDA3,primary,Spearman,MAP1LC3B,5,13,0.0,0.09628619837912766,0.09628619837912766,-1.1731814527226203,1.558986936040017,,9984,Percentile donor bootstrap; small-control-cohort limitations apply.,,
scRNA_iDA3,primary,Spearman,NBR1,5,13,-0.09999999999999998,0.30261376633440124,0.4026137663344012,-0.9645522464465104,1.4522147742466605,,9984,Percentile donor bootstrap; small-control-cohort limitations apply.,,
scRNA_iDA3,primary,Spearman,OPTN,5,13,-0.29999999999999993,0.42090823862875804,0.720908238628758,-0.6831492130750605,1.635558271112329,,9984,Percentile donor bootstrap; small-control-cohort limitations apply.,,
scRNA_iDA3,primary,Spearman,PRKN,5,13,-0.19999999999999996,-0.22131102466828592,-0.021311024668285966,-1.3462105450281874,1.1186408477049126,,9978,Percentile donor bootstrap; small-control-cohort limitations apply.,,
scRNA_iDA3,primary,Spearman,PIK3R4,5,13,0.11180339887498948,0.1887052341597796,0.07690183528479012,-1.138012539370709,1.3533064505524683,,9287,Percentile donor bootstrap; small-control-cohort limitations apply.,,
scRNA_iDA3,primary,Spearman,PINK1,5,13,-0.29999999999999993,-0.07427792446389848,0.22572207553610146,-1.3110037348272643,1.3534125785393858,,9984,Percentile donor bootstrap; small-control-cohort limitations apply.,,
scRNA_iDA3,primary,Spearman,RB1CC1,5,13,0.0,0.4979371973320602,0.4979371973320602,-0.6610304386466069,1.7653631284916202,,9984,Percentile donor bootstrap; small-control-cohort limitations apply.,,
scRNA_iDA3,primary,Spearman,SNX14,5,13,-0.4999999999999999,0.18707032827944803,0.6870703282794479,-0.8458423093210865,1.5984288229336854,,9984,Percentile donor bootstrap; small-control-cohort limitations apply.,,
scRNA_iDA3,primary,Spearman,SNX30,5,13,0.09999999999999998,0.2778544581797684,0.17785445817976842,-1.0167463453499832,1.6033519553072626,,9984,Percentile donor bootstrap; small-control-cohort limitations apply.,,
scRNA_iDA3,primary,Spearman,SNX4,5,13,-0.29999999999999993,-0.09078412990032037,0.20921587009967957,-1.3387728895096214,1.2771042988103554,,9984,Percentile donor bootstrap; small-control-cohort limitations apply.,,
scRNA_iDA3,primary,Spearman,SQSTM1,5,13,-0.29999999999999993,-0.5859702929929769,-0.28597029299297694,-1.6973495072500155,0.7408284328897141,,9984,Percentile donor bootstrap; small-control-cohort limitations apply.,,
scRNA_iDA3,primary,Spearman,SPG11,5,13,0.5999999999999999,-0.013755171197018237,-0.6137551711970181,-1.444907629524562,1.1430739414060742,,9984,Percentile donor bootstrap; small-control-cohort limitations apply.,,
scRNA_iDA3,primary,Spearman,TOLLIP,5,13,-0.29999999999999993,0.08253102718210942,0.38253102718210935,-1.116943668528864,1.4422815457318374,,9984,Percentile donor bootstrap; small-control-cohort limitations apply.,,
scRNA_iDA3,primary,Spearman,UVRAG,5,13,-0.29999999999999993,0.0577717190274766,0.3577717190274765,-0.9944167169540928,1.2790671964749387,,9984,Percentile donor bootstrap; small-control-cohort limitations apply.,,
scRNA_iDA3,primary,Spearman,WDR45,5,13,0.11180339887498948,0.03851447935165107,-0.07328891952333841,-1.2780787840639036,1.230417427253163,,9238,Percentile donor bootstrap; small-control-cohort limitations apply.,,
scRNA_iDA3,primary,Spearman,WIPI1,5,13,0.09999999999999998,-0.6464930462598572,-0.7464930462598571,-1.7151822221028807,0.5705107741420579,,9984,Percentile donor bootstrap; small-control-cohort limitations apply.,,
scRNA_iDA3,primary,Spearman,WIPI2,5,13,0.3999999999999999,-0.12104550653376049,-0.5210455065337604,-1.5810055865921788,0.9939809234083427,,9984,Percentile donor bootstrap; small-control-cohort limitations apply.,,
scRNA_iDA3,primary,Spearman,ZFYVE21,5,13,0.8999999999999998,0.06877585598509119,-0.8312241440149086,-1.4779048865696212,0.10125963189464172,,9984,Percentile donor bootstrap; small-control-cohort limitations apply.,,
scRNA_iDA3,primary,pooled_nuisance_residualized,ATG10,5,13,0.0157746025111315,-0.3912833726899229,-0.4070579752010544,-1.491270141397631,1.01633930273894,,9984,Percentile donor bootstrap. Pooled-residual sensitivity conditions on the fitted nuisance adjustment; not a fully refitted adjusted CI.,,
scRNA_iDA3,primary,pooled_nuisance_residualized,ATG12,5,13,-0.046168715351682134,0.26091016340005085,0.307078878751733,-1.1267623043588932,1.4977339615849778,,9984,Percentile donor bootstrap. Pooled-residual sensitivity conditions on the fitted nuisance adjustment; not a fully refitted adjusted CI.,,
scRNA_iDA3,primary,pooled_nuisance_residualized,ATG13,5,13,-0.35330035614190525,0.022601194562244565,0.3759015507041498,-1.2375589749932798,1.4189748835356932,,9984,Percentile donor bootstrap. Pooled-residual sensitivity conditions on the fitted nuisance adjustment; not a fully refitted adjusted CI.,,
scRNA_iDA3,primary,pooled_nuisance_residualized,ATG16L1,5,13,-0.13681271728164304,0.2590143661271689,0.3958270834088119,-0.9158262592532622,1.5976931276559194,,9984,Percentile donor bootstrap. Pooled-residual sensitivity conditions on the fitted nuisance adjustment; not a fully refitted adjusted CI.,,
scRNA_iDA3,primary,pooled_nuisance_residualized,ATG2A,5,13,0.36335048255627955,-0.11978882654909677,-0.48313930910537634,-1.4132849243919172,0.8777930224487652,,9984,Percentile donor bootstrap. Pooled-residual sensitivity conditions on the fitted nuisance adjustment; not a fully refitted adjusted CI.,,
scRNA_iDA3,primary,pooled_nuisance_residualized,ATG2B,5,13,0.5819773666266563,0.3155695327623042,-0.26640783386435213,-0.8514012396434436,1.1929029551707997,,9984,Percentile donor bootstrap. Pooled-residual sensitivity conditions on the fitted nuisance adjustment; not a fully refitted adjusted CI.,,
scRNA_iDA3,primary,pooled_nuisance_residualized,ATG3,5,13,-0.1205358034846042,-0.16429323910562413,-0.04375743562101993,-1.3413640465827372,1.0794478624784036,,9984,Percentile donor bootstrap. Pooled-residual sensitivity conditions on the fitted nuisance adjustment; not a fully refitted adjusted CI.,,
scRNA_iDA3,primary,pooled_nuisance_residualized,ATG4B,5,13,0.6866560505720612,0.3229501450623756,-0.3637059055096856,-1.016527280504125,1.2303103172439103,,9984,Percentile donor bootstrap. Pooled-residual sensitivity conditions on the fitted nuisance adjustment; not a fully refitted adjusted CI.,,
scRNA_iDA3,primary,pooled_nuisance_residualized,ATG4C,5,13,-0.1053244311776333,-0.22585738524398807,-0.12053295406635478,-1.384755527636215,0.9125982327323008,,9984,Percentile donor bootstrap. Pooled-residual sensitivity conditions on the fitted nuisance adjustment; not a fully refitted adjusted CI.,,
scRNA_iDA3,primary,pooled_nuisance_residualized,ATG5,5,13,0.18138125294729765,-0.6786589934480336,-0.8600402463953313,-1.706716120665514,0.32826295086914437,,9984,Percentile donor bootstrap. Pooled-residual sensitivity conditions on the fitted nuisance adjustment; not a fully refitted adjusted CI.,,
scRNA_iDA3,primary,pooled_nuisance_residualized,ATG7,5,13,0.77048164995463,0.1392059289603091,-0.6312757209943209,-1.3749737269711853,0.7607401713132486,,9984,Percentile donor bootstrap. Pooled-residual sensitivity conditions on the fitted nuisance adjustment; not a fully refitted adjusted CI.,,
scRNA_iDA3,primary,pooled_nuisance_residualized,ATG9B,5,13,0.7071510720271215,0.2692312628857116,-0.4379198091414099,-0.8995758266036109,1.1548472831149166,,9984,Percentile donor bootstrap. Pooled-residual sensitivity conditions on the fitted nuisance adjustment; not a fully refitted adjusted CI.,,
scRNA_iDA3,primary,pooled_nuisance_residualized,ATG101,5,13,-0.5560057048762209,-0.47816200941359377,0.07784369546262715,-1.4290668206399482,1.0236647599648272,,9984,Percentile donor bootstrap. Pooled-residual sensitivity conditions on the fitted nuisance adjustment; not a fully refitted adjusted CI.,,
scRNA_iDA3,primary,pooled_nuisance_residualized,BCL2,5,13,0.3909841704357672,0.23574456259264015,-0.15523960784312707,-1.0165451845257343,1.296457902870903,,9984,Percentile donor bootstrap. Pooled-residual sensitivity conditions on the fitted nuisance adjustment; not a fully refitted adjusted CI.,,
scRNA_iDA3,primary,pooled_nuisance_residualized,BECN1,5,13,0.14669032890886544,0.35135522768636734,0.2046648987775019,-0.7970403658614669,1.4850358613429104,,9984,Percentile donor bootstrap. Pooled-residual sensitivity conditions on the fitted nuisance adjustment; not a fully refitted adjusted CI.,,
scRNA_iDA3,primary,pooled_nuisance_residualized,CALCOCO2,5,13,-0.4034730621059697,-0.8254109882642914,-0.42193792615832165,-1.7629151710665567,0.26628814504349013,,9984,Percentile donor bootstrap. Pooled-residual sensitivity conditions on the fitted nuisance adjustment; not a fully refitted adjusted CI.,,
scRNA_iDA3,primary,pooled_nuisance_residualized,CLEC16A,5,13,0.5695750053527568,0.46597279373493955,-0.1036022116178173,-0.7561578319006071,1.5675840631760083,,9984,Percentile donor bootstrap. Pooled-residual sensitivity conditions on the fitted nuisance adjustment; not a fully refitted adjusted CI.,,
scRNA_iDA3,primary,pooled_nuisance_residualized,CTNS,5,13,-0.5159327951019052,0.28514973998416054,0.8010825350860658,-0.2868905146114429,1.5939637911390698,,9885,Percentile donor bootstrap. Pooled-residual sensitivity conditions on the fitted nuisance adjustment; not a fully refitted adjusted CI.,,
scRNA_iDA3,primary,pooled_nuisance_residualized,EPG5,5,13,-0.933573424117123,0.2932142187703833,1.2267876428875062,0.3532410629280743,1.6822872255530503,,9984,Percentile donor bootstrap. Pooled-residual sensitivity conditions on the fitted nuisance adjustment; not a fully refitted adjusted CI.,,
scRNA_iDA3,primary,pooled_nuisance_residualized,GRN,5,13,-0.6258685605383681,-0.595952236563541,0.02991632397482713,-1.7034391848419552,0.5775594713841982,,9984,Percentile donor bootstrap. Pooled-residual sensitivity conditions on the fitted nuisance adjustment; not a fully refitted adjusted CI.,,
scRNA_iDA3,primary,pooled_nuisance_residualized,GABARAP,5,13,-0.02414064895330349,-0.6905277249355329,-0.6663870759822295,-1.7707970919659617,0.6130362795302747,,9984,Percentile donor bootstrap. Pooled-residual sensitivity conditions on the fitted nuisance adjustment; not a fully refitted adjusted CI.,,
scRNA_iDA3,primary,pooled_nuisance_residualized,GABARAPL1,5,13,-0.03124488785301717,-0.48796475597819255,-0.4567198681251754,-1.598378793626921,0.7792254703583009,,9984,Percentile donor bootstrap. Pooled-residual sensitivity conditions on the fitted nuisance adjustment; not a fully refitted adjusted CI.,,
scRNA_iDA3,primary,pooled_nuisance_residualized,GABARAPL2,5,13,0.03546807862272198,-0.6594256201010694,-0.6948936987237914,-1.7738588101482446,0.5065764134423653,,9984,Percentile donor bootstrap. Pooled-residual sensitivity conditions on the fitted nuisance adjustment; not a fully refitted adjusted CI.,,
scRNA_iDA3,primary,pooled_nuisance_residualized,LAMP2,5,13,-0.5739152113408602,-0.3320353980429416,0.24187981329791863,-1.3456105683834656,0.9048507298361813,,9984,Percentile donor bootstrap. Pooled-residual sensitivity conditions on the fitted nuisance adjustment; not a fully refitted adjusted CI.,,
scRNA_iDA3,primary,pooled_nuisance_residualized,MAP1LC3A,5,13,0.27636227065890556,0.3603451392593973,0.08398286860049176,-0.9155952657659624,1.6093501556111152,,9984,Percentile donor bootstrap. Pooled-residual sensitivity conditions on the fitted nuisance adjustment; not a fully refitted adjusted CI.,,
scRNA_iDA3,primary,pooled_nuisance_residualized,MAP1LC3B,5,13,0.42589241385939297,0.09586520797019842,-0.33002720588919454,-1.265946280746282,1.436703552532172,,9984,Percentile donor bootstrap. Pooled-residual sensitivity conditions on the fitted nuisance adjustment; not a fully refitted adjusted CI.,,
scRNA_iDA3,primary,pooled_nuisance_residualized,NBR1,5,13,-0.1521377142523191,0.10129278951990425,0.2534305037722233,-0.7240387739935438,1.5076677791662427,,9984,Percentile donor bootstrap. Pooled-residual sensitivity conditions on the fitted nuisance adjustment; not a fully refitted adjusted CI.,,
scRNA_iDA3,primary,pooled_nuisance_residualized,OPTN,5,13,-0.3574643427572418,0.09355016978693152,0.45101451254417335,-0.938461365617195,1.5563867034195666,,9984,Percentile donor bootstrap. Pooled-residual sensitivity conditions on the fitted nuisance adjustment; not a fully refitted adjusted CI.,,
scRNA_iDA3,primary,pooled_nuisance_residualized,PRKN,5,13,-0.7059749775825348,-0.5122373230002607,0.1937376545822741,-0.6339011933215342,1.0170265854972145,,9984,Percentile donor bootstrap. Pooled-residual sensitivity conditions on the fitted nuisance adjustment; not a fully refitted adjusted CI.,,
scRNA_iDA3,primary,pooled_nuisance_residualized,PIK3R4,5,13,0.28349732071427036,0.33413288269291885,0.05063556197864849,-0.9862053073252348,1.4978714161688482,,9984,Percentile donor bootstrap. Pooled-residual sensitivity conditions on the fitted nuisance adjustment; not a fully refitted adjusted CI.,,
scRNA_iDA3,primary,pooled_nuisance_residualized,PINK1,5,13,-0.4344707517135647,-0.2772005269073712,0.15727022480619351,-1.3598546164578664,0.997022230132461,,9984,Percentile donor bootstrap. Pooled-residual sensitivity conditions on the fitted nuisance adjustment; not a fully refitted adjusted CI.,,
scRNA_iDA3,primary,pooled_nuisance_residualized,RB1CC1,5,13,-0.06627279240605019,0.5332795758876265,0.5995523682936768,-0.6075203795389936,1.6559431681353178,,9984,Percentile donor bootstrap. Pooled-residual sensitivity conditions on the fitted nuisance adjustment; not a fully refitted adjusted CI.,,
scRNA_iDA3,primary,pooled_nuisance_residualized,SNX14,5,13,0.42024271468855856,0.2610418705918525,-0.15920084409670604,-1.2192579586873002,1.2788004052206046,,9984,Percentile donor bootstrap. Pooled-residual sensitivity conditions on the fitted nuisance adjustment; not a fully refitted adjusted CI.,,
scRNA_iDA3,primary,pooled_nuisance_residualized,SNX30,5,13,-0.2444185681182403,0.1902253898866112,0.4346439580048515,-0.8925079115525328,1.3834536430655004,,9984,Percentile donor bootstrap. Pooled-residual sensitivity conditions on the fitted nuisance adjustment; not a fully refitted adjusted CI.,,
scRNA_iDA3,primary,pooled_nuisance_residualized,SNX4,5,13,-0.6221585657503327,0.0035455990020418163,0.6257041647523744,-0.5462465020901773,1.364945747872641,,9984,Percentile donor bootstrap. Pooled-residual sensitivity conditions on the fitted nuisance adjustment; not a fully refitted adjusted CI.,,
scRNA_iDA3,primary,pooled_nuisance_residualized,SQSTM1,5,13,-0.7275637576965444,-0.7139191602935804,0.013644597402963976,-1.7877351453525239,0.4204748118647125,,9984,Percentile donor bootstrap. Pooled-residual sensitivity conditions on the fitted nuisance adjustment; not a fully refitted adjusted CI.,,
scRNA_iDA3,primary,pooled_nuisance_residualized,SPG11,5,13,0.17230865273928392,-0.02836046342300723,-0.20066911616229116,-1.342046593587947,1.195797093969115,,9984,Percentile donor bootstrap. Pooled-residual sensitivity conditions on the fitted nuisance adjustment; not a fully refitted adjusted CI.,,
scRNA_iDA3,primary,pooled_nuisance_residualized,TOLLIP,5,13,-0.12403388092379013,-0.13618187930382783,-0.012147998380037703,-1.4192215707012483,1.1729372605108497,,9984,Percentile donor bootstrap. Pooled-residual sensitivity conditions on the fitted nuisance adjustment; not a fully refitted adjusted CI.,,
scRNA_iDA3,primary,pooled_nuisance_residualized,UVRAG,5,13,-0.11533055111351345,0.23478821225154076,0.3501187633650542,-0.7300081561015836,1.3496276637160758,,9984,Percentile donor bootstrap. Pooled-residual sensitivity conditions on the fitted nuisance adjustment; not a fully refitted adjusted CI.,,
scRNA_iDA3,primary,pooled_nuisance_residualized,WDR45,5,13,-0.3514207731763628,-0.3129446076672131,0.038476165509149673,-1.3402880126341365,1.0882580851090422,,9984,Percentile donor bootstrap. Pooled-residual sensitivity conditions on the fitted nuisance adjustment; not a fully refitted adjusted CI.,,
scRNA_iDA3,primary,pooled_nuisance_residualized,WIPI1,5,13,-0.3836371071770532,-0.34646516592174126,0.037171941255311924,-1.452185034417657,0.8268270809973141,,9984,Percentile donor bootstrap. Pooled-residual sensitivity conditions on the fitted nuisance adjustment; not a fully refitted adjusted CI.,,
scRNA_iDA3,primary,pooled_nuisance_residualized,WIPI2,5,13,0.013680873125434607,-0.5363484072895323,-0.5500292804149669,-1.6483112657517518,0.5957138646189276,,9984,Percentile donor bootstrap. Pooled-residual sensitivity conditions on the fitted nuisance adjustment; not a fully refitted adjusted CI.,,
scRNA_iDA3,primary,pooled_nuisance_residualized,ZFYVE21,5,13,0.7246783018387204,-0.28573944056694867,-1.010417742405669,-1.5929082403931145,-0.10756039679669692,,9984,Percentile donor bootstrap. Pooled-residual sensitivity conditions on the fitted nuisance adjustment; not a fully refitted adjusted CI.,,
scRNA_iDA4,primary,Pearson,ATG10,8,28,0.5516605665779558,0.20516402540676948,-0.34649654117118633,-0.9672180417632558,0.4390049525203206,0.3996125743032366,10000,Percentile donor bootstrap; small-control-cohort limitations apply.,0.6242732634329988,0.9023729489886372
scRNA_iDA4,primary,Pearson,ATG12,8,28,0.43209842434261964,-0.09319962788237567,-0.5252980522249953,-1.180051701966771,0.33400462741634634,0.2564517024763624,10000,Percentile donor bootstrap; small-control-cohort limitations apply.,0.5991614369614857,0.8970249515146085
scRNA_iDA4,primary,Pearson,ATG13,8,28,-0.9152827995529628,-0.3032483241806743,0.6120344753722884,0.12733691607520933,0.8768790342576714,0.010974646021551807,10000,Percentile donor bootstrap; small-control-cohort limitations apply.,0.22021540704078443,0.4395772659922635
scRNA_iDA4,primary,Pearson,ATG16L1,8,28,-0.42246446484014855,0.24475504909543658,0.6672195139355851,-0.8678196039755841,1.3673699499336134,0.15274045882547085,10000,Percentile donor bootstrap; small-control-cohort limitations apply.,0.5595470010825598,0.8970249515146085
scRNA_iDA4,primary,Pearson,ATG2A,8,28,-0.8409601051261851,-0.03706771901772168,0.8038923861084635,0.28327743362089863,1.1910841924318385,0.015363865607496589,10000,Percentile donor bootstrap; small-control-cohort limitations apply.,0.22021540704078443,0.4395772659922635
scRNA_iDA4,primary,Pearson,ATG2B,8,28,0.45113252981711893,0.3122050969256204,-0.13892743289149856,-0.875221221142392,0.8708065105755298,0.7391366344357189,10000,Percentile donor bootstrap; small-control-cohort limitations apply.,0.8589966292090787,0.9760394018830647
scRNA_iDA4,primary,Pearson,ATG3,8,28,0.6223780908598774,0.22369859825579635,-0.39867949260408103,-0.9644352339752504,0.05321338497634447,0.30614799505339907,10000,Percentile donor bootstrap; small-control-cohort limitations apply.,0.5991614369614857,0.8970249515146085
scRNA_iDA4,primary,Pearson,ATG4B,8,28,-0.424016921992555,-0.37169757125368474,0.05231935073887023,-0.5016686919053366,0.6235526198104593,0.8989873440763423,10000,Percentile donor bootstrap; small-control-cohort limitations apply.,0.9428403852507979,0.9935160562217087
scRNA_iDA4,primary,Pearson,ATG4C,8,28,0.701007374411129,-0.21663788156370262,-0.9176452559748316,-1.4739469423945952,0.37873688321470705,0.02616613994088245,10000,Percentile donor bootstrap; small-control-cohort limitations apply.,0.2812860043644863,0.6125255486161119
scRNA_iDA4,primary,Pearson,ATG5,8,28,-0.25872227059253533,0.36171553259889694,0.6204378031914323,-0.2620009409731116,1.296836950852627,0.1889349034831197,10000,Percentile donor bootstrap; small-control-cohort limitations apply.,0.5991614369614857,0.8970249515146085
scRNA_iDA4,primary,Pearson,ATG7,8,28,0.2552202258894881,0.24136872557733233,-0.01385150031215579,-0.6959889299264288,1.0749690313953684,0.9759613488885668,10000,Percentile donor bootstrap; small-control-cohort limitations apply.,0.9759613488885669,0.9994981646403215
scRNA_iDA4,primary,Pearson,ATG9B,8,28,-0.2735621134614379,0.17332517848854287,0.4468872919499808,-0.7535206133002821,1.1381519182487347,0.3521621187878642,10000,Percentile donor bootstrap; small-control-cohort limitations apply.,0.6242732634329988,0.9023729489886372
scRNA_iDA4,primary,Pearson,ATG101,8,28,0.3556621655254158,0.5046114441135497,0.14894927858813395,-0.6116413665105764,1.0707079054943336,0.7078866988112569,10000,Percentile donor bootstrap; small-control-cohort limitations apply.,0.8589966292090787,0.9731315395023393
scRNA_iDA4,primary,Pearson,BCL2,8,28,0.7039548775251521,0.02933298167090593,-0.6746218958542461,-1.0776602055139481,0.8875624358873592,0.08427677699624243,10000,Percentile donor bootstrap; small-control-cohort limitations apply.,0.5177002015483464,0.748319657811463
scRNA_iDA4,primary,Pearson,BECN1,8,28,-0.7416178911341865,0.3125613980960742,1.0541792892302606,0.2557827697139372,1.5154681066956126,0.00911854889263412,10000,Percentile donor bootstrap; small-control-cohort limitations apply.,0.22021540704078443,0.4395772659922635
scRNA_iDA4,primary,Pearson,CALCOCO2,8,28,-0.7458268962820415,-0.39028887247424726,0.3555380238077942,-0.2624043127934465,0.7380400670919064,0.2604091107955211,10000,Percentile donor bootstrap; small-control-cohort limitations apply.,0.5991614369614857,0.8970249515146085
scRNA_iDA4,primary,Pearson,CLEC16A,8,28,0.6804190196864163,0.2804170062061173,-0.40000201348029896,-1.1600881505714764,0.9552688410175847,0.26878648198779787,10000,Percentile donor bootstrap; small-control-cohort limitations apply.,0.5991614369614857,0.8970249515146085
scRNA_iDA4,primary,Pearson,CTNS,8,28,0.5463803720670605,0.26798184799232794,-0.27839852407473253,-0.7769946908825538,0.9007355035822558,0.4895669909962992,10000,Percentile donor bootstrap; small-control-cohort limitations apply.,0.6790767939626086,0.9060280057488495
scRNA_iDA4,primary,Pearson,EPG5,8,28,0.33061009205671843,0.16659225314170573,-0.1640178389150127,-0.7487690584436617,1.1371475832858087,0.7203891193099227,10000,Percentile donor bootstrap; small-control-cohort limitations apply.,0.8589966292090787,0.9731315395023393
scRNA_iDA4,primary,Pearson,GRN,8,28,-0.46428910402462303,-0.3405052077363089,0.12378389628831415,-1.016973300447833,0.91964208690285,0.7624152552852046,10000,Percentile donor bootstrap; small-control-cohort limitations apply.,0.8627330520332578,0.9840698157189984
scRNA_iDA4,primary,Pearson,GABARAP,8,28,0.6347796445935243,-0.12193232810329328,-0.7567119726968176,-1.1811572344022787,0.8113585083677902,0.07510773141503935,10000,Percentile donor bootstrap; small-control-cohort limitations apply.,0.5177002015483464,0.7473194278158707
scRNA_iDA4,primary,Pearson,GABARAPL1,8,28,0.1501259200597324,-0.14867676109674555,-0.29880268115647796,-1.0222618119992217,0.5731184613664194,0.5388661213170902,10000,Percentile donor bootstrap; small-control-cohort limitations apply.,0.7241013505198399,0.926541644796359
scRNA_iDA4,primary,Pearson,GABARAPL2,8,28,0.42412314376461774,-0.0742405144845887,-0.4983636582492064,-1.110983732013343,0.31107069737356385,0.28196739868274445,10000,Percentile donor bootstrap; small-control-cohort limitations apply.,0.5991614369614857,0.8970249515146085
scRNA_iDA4,primary,Pearson,LAMP2,8,28,-0.7656605185746774,-0.08432510558088839,0.6813354129937891,-0.3582896708824138,1.1783064289750422,0.0589433813569621,10000,Percentile donor bootstrap; small-control-cohort limitations apply.,0.5069130796698741,0.7473194278158707
scRNA_iDA4,primary,Pearson,MAP1LC3A,8,28,0.6575632306056698,0.34175966238824235,-0.31580356821742744,-0.9045086914977715,0.13873077207419637,0.3774072558998781,10000,Percentile donor bootstrap; small-control-cohort limitations apply.,0.6242732634329988,0.9023729489886372
scRNA_iDA4,primary,Pearson,MAP1LC3B,8,28,0.41123740173940665,0.4627026405772359,0.051465238837829275,-0.5285441226961878,0.9030444793170452,0.8966335837047199,10000,Percentile donor bootstrap; small-control-cohort limitations apply.,0.9428403852507979,0.9930457970063027
scRNA_iDA4,primary,Pearson,NBR1,8,28,-0.7102053697565921,-0.4532102573602663,0.2569951123963258,0.019427988376744507,0.562670235433453,0.4155418385487515,10000,Percentile donor bootstrap; small-control-cohort limitations apply.,0.6242732634329988,0.9023729489886372
scRNA_iDA4,primary,Pearson,OPTN,8,28,0.7760195081124152,0.4481542577018893,-0.32786525041052583,-1.0582842742698537,0.7461500885404919,0.25906800800222607,10000,Percentile donor bootstrap; small-control-cohort limitations apply.,0.5991614369614857,0.8970249515146085
scRNA_iDA4,primary,Pearson,PRKN,8,28,-0.7987138702980161,-0.3732164387835631,0.425497431514453,-0.03435354505489186,0.7106647221973063,0.1513502529879251,10000,Percentile donor bootstrap; small-control-cohort limitations apply.,0.5595470010825598,0.8970249515146085
scRNA_iDA4,primary,Pearson,PIK3R4,8,28,0.22050320155123082,-0.26987793701652646,-0.4903811385677573,-1.1944292456902803,0.749507918139826,0.3065477119337834,10000,Percentile donor bootstrap; small-control-cohort limitations apply.,0.5991614369614857,0.8970249515146085
scRNA_iDA4,primary,Pearson,PINK1,8,28,0.7849482991022312,0.7275618493147075,-0.05738644978752372,-0.6153994995447697,0.6065740900377378,0.7834984345302423,10000,Percentile donor bootstrap; small-control-cohort limitations apply.,0.8638572483282159,0.9900907376036139
scRNA_iDA4,primary,Pearson,RB1CC1,8,28,0.19526401076169167,0.16099396735723254,-0.03427004340445913,-1.1021243266614045,0.9410283351015621,0.9423997327545945,10000,Percentile donor bootstrap; small-control-cohort limitations apply.,0.964837821629704,0.9974189108758099
scRNA_iDA4,primary,Pearson,SNX14,8,28,-0.35339643077572197,-0.10391840053174675,0.24947803024397522,-0.4470259741667184,0.9377439525172451,0.5885218006946671,10000,Percentile donor bootstrap; small-control-cohort limitations apply.,0.7668617402991116,0.9436456631828799
scRNA_iDA4,primary,Pearson,SNX30,8,28,0.8232707517073679,0.4330110259462237,-0.39025972576114415,-1.0365959509042963,0.8247613306906048,0.15112196641193118,10000,Percentile donor bootstrap; small-control-cohort limitations apply.,0.5595470010825598,0.8970249515146085
scRNA_iDA4,primary,Pearson,SNX4,8,28,0.8445896735431764,0.42248825073298507,-0.4221014228101913,-0.8861740354912876,0.993338158057454,0.10850802047455513,10000,Percentile donor bootstrap; small-control-cohort limitations apply.,0.5595470010825598,0.8488235078187285
scRNA_iDA4,primary,Pearson,SQSTM1,8,28,-0.3757866953666008,0.20755270853075639,0.5833394038973572,-0.43230297784799,1.286662656322962,0.2162741842269298,10000,Percentile donor bootstrap; small-control-cohort limitations apply.,0.5991614369614857,0.8970249515146085
scRNA_iDA4,primary,Pearson,SPG11,8,28,-0.3844426987990346,-0.005827132231412376,0.3786155665676222,-0.6543137994055397,0.9581630000430723,0.4148755383727136,10000,Percentile donor bootstrap; small-control-cohort limitations apply.,0.6242732634329988,0.9023729489886372
scRNA_iDA4,primary,Pearson,TOLLIP,8,28,0.4176360239746001,0.24463674524118476,-0.17299927873341533,-0.6811306797906075,1.2176956010535913,0.690411004800972,10000,Percentile donor bootstrap; small-control-cohort limitations apply.,0.8589966292090787,0.9731315395023393
scRNA_iDA4,primary,Pearson,UVRAG,8,28,-0.41415373262527255,0.24879198411626433,0.6629457167415369,-0.7236395891757647,1.3174452217231278,0.15615265146490043,10000,Percentile donor bootstrap; small-control-cohort limitations apply.,0.5595470010825598,0.8970249515146085
scRNA_iDA4,primary,Pearson,WDR45,8,28,0.7060413341152357,0.4502783495151413,-0.25576298460009445,-0.6597544721897535,0.1257590118108546,0.4210215032455108,10000,Percentile donor bootstrap; small-control-cohort limitations apply.,0.6242732634329988,0.9023729489886372
scRNA_iDA4,primary,Pearson,WIPI1,8,28,-0.625704369896289,-0.11473089187344994,0.510973478022839,-1.1769191330011268,1.2116601905908093,0.20633559317016426,10000,Percentile donor bootstrap; small-control-cohort limitations apply.,0.5991614369614857,0.8970249515146085
scRNA_iDA4,primary,Pearson,WIPI2,8,28,0.44940894097701123,0.07976340829316272,-0.3696455326838485,-0.9289028647081861,0.8177999900954998,0.4095334308657116,10000,Percentile donor bootstrap; small-control-cohort limitations apply.,0.6242732634329988,0.9023729489886372
scRNA_iDA4,primary,Pearson,ZFYVE21,8,28,-0.5797940816886102,-0.306417604026476,0.27337647766213424,-0.839894302226301,0.7896666877662187,0.48057219032564,10000,Percentile donor bootstrap; small-control-cohort limitations apply.,0.6790767939626086,0.9060280057488495
scRNA_iDA4,primary,Spearman,ATG10,8,28,0.5476190476190477,0.2079912424740011,-0.33962780514504654,-0.9708234742316713,0.6358958384225856,,10000,Percentile donor bootstrap; small-control-cohort limitations apply.,,
scRNA_iDA4,primary,Spearman,ATG12,8,28,0.5714285714285714,-0.09304871373836893,-0.6644772851669403,-1.332225976977799,0.23279212011371342,,10000,Percentile donor bootstrap; small-control-cohort limitations apply.,,
scRNA_iDA4,primary,Spearman,ATG13,8,28,-0.7857142857142857,-0.32183908045977017,0.46387520525451553,-0.37140436109656694,0.968064228600728,,10000,Percentile donor bootstrap; small-control-cohort limitations apply.,,
scRNA_iDA4,primary,Spearman,ATG16L1,8,28,-0.30952380952380953,-0.17296113847837988,0.13656267104542966,-0.9377755271964487,0.9017187312746955,,10000,Percentile donor bootstrap; small-control-cohort limitations apply.,,
scRNA_iDA4,primary,Spearman,ATG2A,8,28,-0.9047619047619048,-0.21401204159824852,0.6907498631636563,0.14279256119838143,1.1162907811568936,,10000,Percentile donor bootstrap; small-control-cohort limitations apply.,,
scRNA_iDA4,primary,Spearman,ATG2B,8,28,0.38095238095238093,0.11822660098522168,-0.26272577996715923,-0.9763150707640594,0.7190980979362435,,10000,Percentile donor bootstrap; small-control-cohort limitations apply.,,
scRNA_iDA4,primary,Spearman,ATG3,8,28,0.6190476190476191,0.17460317460317462,-0.4444444444444444,-0.954103926137154,0.4007822056094944,,10000,Percentile donor bootstrap; small-control-cohort limitations apply.,,
scRNA_iDA4,primary,Spearman,ATG4B,8,28,-0.5238095238095238,-0.42145593869731807,0.10235358511220577,-0.8204545979340793,0.6840266856536761,,10000,Percentile donor bootstrap; small-control-cohort limitations apply.,,
scRNA_iDA4,primary,Spearman,ATG4C,8,28,0.35714285714285715,-0.3475643130815545,-0.7047071702244116,-1.4058448001645971,0.27451468867697343,,10000,Percentile donor bootstrap; small-control-cohort limitations apply.,,
scRNA_iDA4,primary,Spearman,ATG5,8,28,-0.23809523809523808,0.3015873015873016,0.5396825396825398,-0.48195061144125656,1.2933315994089174,,10000,Percentile donor bootstrap; small-control-cohort limitations apply.,,
scRNA_iDA4,primary,Spearman,ATG7,8,28,0.2619047619047619,0.23316912972085388,-0.02873563218390804,-0.7826634595696171,1.0436539826433449,,10000,Percentile donor bootstrap; small-control-cohort limitations apply.,,
scRNA_iDA4,primary,Spearman,ATG9B,8,28,-0.21428571428571427,-0.03448275862068966,0.1798029556650246,-0.905786977348911,0.9519536488628477,,10000,Percentile donor bootstrap; small-control-cohort limitations apply.,,
scRNA_iDA4,primary,Spearman,ATG101,8,28,0.38095238095238093,0.33114395183360706,-0.04980842911877387,-0.696136915574285,1.0526140997047164,,10000,Percentile donor bootstrap; small-control-cohort limitations apply.,,
scRNA_iDA4,primary,Spearman,BCL2,8,28,0.30952380952380953,0.10727969348659006,-0.20224411603721948,-1.0030247161268389,0.879775890842925,,10000,Percentile donor bootstrap; small-control-cohort limitations apply.,,
scRNA_iDA4,primary,Spearman,BECN1,8,28,-0.7142857142857143,0.2452107279693487,0.959496442255063,0.038651567256008844,1.5165163177928844,,10000,Percentile donor bootstrap; small-control-cohort limitations apply.,,
scRNA_iDA4,primary,Spearman,CALCOCO2,8,28,-0.7619047619047619,-0.35851122058018614,0.4033935413245757,-0.29329921473101433,0.8465151388029221,,10000,Percentile donor bootstrap; small-control-cohort limitations apply.,,
scRNA_iDA4,primary,Spearman,CLEC16A,8,28,0.23809523809523808,0.04707170224411604,-0.19102353585112203,-1.0459637940045357,0.7924384777436569,,10000,Percentile donor bootstrap; small-control-cohort limitations apply.,,
scRNA_iDA4,primary,Spearman,CTNS,8,28,0.5476190476190477,0.35303776683087035,-0.19458128078817732,-0.799129579962708,0.898027246638416,,10000,Percentile donor bootstrap; small-control-cohort limitations apply.,,
scRNA_iDA4,primary,Spearman,EPG5,8,28,-0.11904761904761904,0.1904761904761905,0.30952380952380953,-0.6118746740307137,1.250229570564936,,10000,Percentile donor bootstrap; small-control-cohort limitations apply.,,
scRNA_iDA4,primary,Spearman,GRN,8,28,-0.23809523809523808,-0.1964969896004379,0.04159824849480018,-0.9822908069074661,0.8697444395826366,,10000,Percentile donor bootstrap; small-control-cohort limitations apply.,,
scRNA_iDA4,primary,Spearman,GABARAP,8,28,-0.09523809523809523,-0.024630541871921187,0.07060755336617405,-0.8795889778031648,0.9842718796682012,,10000,Percentile donor bootstrap; small-control-cohort limitations apply.,,
scRNA_iDA4,primary,Spearman,GABARAPL1,8,28,0.14285714285714285,-0.21948549534756434,-0.3623426382047072,-1.1277180127310473,0.6351796604360984,,10000,Percentile donor bootstrap; small-control-cohort limitations apply.,,
scRNA_iDA4,primary,Spearman,GABARAPL2,8,28,0.5,-0.03667214012041599,-0.536672140120416,-1.1377563231704289,0.455641070597575,,10000,Percentile donor bootstrap; small-control-cohort limitations apply.,,
scRNA_iDA4,primary,Spearman,LAMP2,8,28,-0.5238095238095238,-0.09085933223864259,0.4329501915708812,-0.5121750562756252,1.0763463559550046,,10000,Percentile donor bootstrap; small-control-cohort limitations apply.,,
scRNA_iDA4,primary,Spearman,MAP1LC3A,8,28,0.7619047619047619,0.4088669950738917,-0.3530377668308702,-0.8004819698689722,0.4062769454038766,,10000,Percentile donor bootstrap; small-control-cohort limitations apply.,,
scRNA_iDA4,primary,Spearman,MAP1LC3B,8,28,0.6190476190476191,0.47235905856595517,-0.1466885604816639,-0.6608431193922347,0.7929486454354172,,10000,Percentile donor bootstrap; small-control-cohort limitations apply.,,
scRNA_iDA4,primary,Spearman,NBR1,8,28,-0.8571428571428571,-0.5041050903119869,0.3530377668308702,-0.23052255734163118,0.758840601518241,,10000,Percentile donor bootstrap; small-control-cohort limitations apply.,,
scRNA_iDA4,primary,Spearman,OPTN,8,28,0.3333333333333333,0.12534209085933226,-0.20799124247400105,-0.9327618650128066,0.8820557368887668,,10000,Percentile donor bootstrap; small-control-cohort limitations apply.,,
scRNA_iDA4,primary,Spearman,PRKN,8,28,-0.7857142857142857,-0.404488232074439,0.3812260536398467,-0.3594030959256353,0.8366030888105189,,10000,Percentile donor bootstrap; small-control-cohort limitations apply.,,
scRNA_iDA4,primary,Spearman,PIK3R4,8,28,-0.14285714285714285,-0.24685276409414345,-0.1039956212370006,-1.0361498833635499,0.8902439811324413,,10000,Percentile donor bootstrap; small-control-cohort limitations apply.,,
scRNA_iDA4,primary,Spearman,PINK1,8,28,0.7142857142857143,0.44280240831964973,-0.27148330596606457,-0.7965876997201489,0.5673733107567163,,10000,Percentile donor bootstrap; small-control-cohort limitations apply.,,
scRNA_iDA4,primary,Spearman,RB1CC1,8,28,0.14285714285714285,0.05473453749315819,-0.08812260536398467,-1.0686478883423942,0.7975038021645754,,10000,Percentile donor bootstrap; small-control-cohort limitations apply.,,
scRNA_iDA4,primary,Spearman,SNX14,8,28,-0.30952380952380953,-0.06732348111658458,0.24220032840722494,-0.7023017696914812,1.0263365484637965,,10000,Percentile donor bootstrap; small-control-cohort limitations apply.,,
scRNA_iDA4,primary,Spearman,SNX30,8,28,0.5476190476190477,0.1992337164750958,-0.34838533114395187,-1.0032484189096043,0.6531588866885434,,10000,Percentile donor bootstrap; small-control-cohort limitations apply.,,
scRNA_iDA4,primary,Spearman,SNX4,8,28,0.6190476190476191,0.4937055281882869,-0.12534209085933218,-0.7536490351540195,0.8044536909211873,,10000,Percentile donor bootstrap; small-control-cohort limitations apply.,,
scRNA_iDA4,primary,Spearman,SQSTM1,8,28,-0.09523809523809523,0.36070060207991245,0.4559386973180077,-0.5145630115794662,1.2892771219327315,,10000,Percentile donor bootstrap; small-control-cohort limitations apply.,,
scRNA_iDA4,primary,Spearman,SPG11,8,28,-0.16666666666666666,-0.1297208538587849,0.036945812807881756,-1.0127855866173014,0.8574556034905227,,10000,Percentile donor bootstrap; small-control-cohort limitations apply.,,
scRNA_iDA4,primary,Spearman,TOLLIP,8,28,0.19047619047619047,0.3448275862068966,0.1543513957307061,-0.6197682111822933,1.266983631953362,,10000,Percentile donor bootstrap; small-control-cohort limitations apply.,,
scRNA_iDA4,primary,Spearman,UVRAG,8,28,-0.2857142857142857,-0.22003284072249593,0.06568144499178977,-0.8436629816119706,0.8654903107180101,,10000,Percentile donor bootstrap; small-control-cohort limitations apply.,,
scRNA_iDA4,primary,Spearman,WDR45,8,28,0.8809523809523809,0.43021346469622335,-0.4507389162561576,-0.852858610575211,0.1413809782716635,,10000,Percentile donor bootstrap; small-control-cohort limitations apply.,,
scRNA_iDA4,primary,Spearman,WIPI1,8,28,0.11904761904761904,0.04816639299397921,-0.07088122605363983,-1.0346008657892438,0.8715541981059807,,10000,Percentile donor bootstrap; small-control-cohort limitations apply.,,
scRNA_iDA4,primary,Spearman,WIPI2,8,28,0.2857142857142857,0.09031198686371102,-0.1954022988505747,-0.9376276537186636,0.7328008469172975,,10000,Percentile donor bootstrap; small-control-cohort limitations apply.,,
scRNA_iDA4,primary,Spearman,ZFYVE21,8,28,-0.38095238095238093,-0.3201970443349754,0.06075533661740551,-0.9631498870609407,0.7654449480560616,,10000,Percentile donor bootstrap; small-control-cohort limitations apply.,,
scRNA_iDA4,primary,pooled_nuisance_residualized,ATG10,8,28,-0.12112570599741283,0.1492254570882474,0.2703511630856602,-0.9495433347976143,0.9881869199181504,,10000,Percentile donor bootstrap. Pooled-residual sensitivity conditions on the fitted nuisance adjustment; not a fully refitted adjusted CI.,,
scRNA_iDA4,primary,pooled_nuisance_residualized,ATG12,8,28,-0.4246423299529712,0.010322780730340427,0.4349651106833116,-0.36332553583647886,1.0066324766260353,,10000,Percentile donor bootstrap. Pooled-residual sensitivity conditions on the fitted nuisance adjustment; not a fully refitted adjusted CI.,,
scRNA_iDA4,primary,pooled_nuisance_residualized,ATG13,8,28,-0.7739268319512546,-0.3023227035587791,0.47160412839247545,-0.015597784038225447,0.7997768108201541,,10000,Percentile donor bootstrap. Pooled-residual sensitivity conditions on the fitted nuisance adjustment; not a fully refitted adjusted CI.,,
scRNA_iDA4,primary,pooled_nuisance_residualized,ATG16L1,8,28,-0.24091195899164933,0.12448611897099764,0.36539807796264695,-0.5280463393033537,1.0710303267880728,,10000,Percentile donor bootstrap. Pooled-residual sensitivity conditions on the fitted nuisance adjustment; not a fully refitted adjusted CI.,,
scRNA_iDA4,primary,pooled_nuisance_residualized,ATG2A,8,28,-0.6866527642411259,-0.18563437911974998,0.5010183851213759,-0.20608915395936947,0.9565761648722688,,10000,Percentile donor bootstrap. Pooled-residual sensitivity conditions on the fitted nuisance adjustment; not a fully refitted adjusted CI.,,
scRNA_iDA4,primary,pooled_nuisance_residualized,ATG2B,8,28,0.7019883781205511,0.29019569290645386,-0.4117926852140973,-1.0349288236383394,0.5180985783574578,,10000,Percentile donor bootstrap. Pooled-residual sensitivity conditions on the fitted nuisance adjustment; not a fully refitted adjusted CI.,,
scRNA_iDA4,primary,pooled_nuisance_residualized,ATG3,8,28,-0.23702019337944186,0.079968959384924,0.31698915276436584,-0.5143782335738083,0.8991961921443641,,10000,Percentile donor bootstrap. Pooled-residual sensitivity conditions on the fitted nuisance adjustment; not a fully refitted adjusted CI.,,
scRNA_iDA4,primary,pooled_nuisance_residualized,ATG4B,8,28,-0.47855682656782617,-0.212523321719139,0.26603350484868715,-0.470373351130045,0.7078065378589791,,10000,Percentile donor bootstrap. Pooled-residual sensitivity conditions on the fitted nuisance adjustment; not a fully refitted adjusted CI.,,
scRNA_iDA4,primary,pooled_nuisance_residualized,ATG4C,8,28,0.38665590413897116,-0.07396858083828614,-0.4606244849772573,-1.2159424728751744,0.39501374672916345,,10000,Percentile donor bootstrap. Pooled-residual sensitivity conditions on the fitted nuisance adjustment; not a fully refitted adjusted CI.,,
scRNA_iDA4,primary,pooled_nuisance_residualized,ATG5,8,28,-0.21409369461497013,0.39612015261815525,0.6102138472331253,-0.17288481884249376,1.308784100590633,,10000,Percentile donor bootstrap. Pooled-residual sensitivity conditions on the fitted nuisance adjustment; not a fully refitted adjusted CI.,,
scRNA_iDA4,primary,pooled_nuisance_residualized,ATG7,8,28,0.09206357410602202,0.17402462688652173,0.08196105278049971,-0.7489837582696106,1.0425509963070874,,10000,Percentile donor bootstrap. Pooled-residual sensitivity conditions on the fitted nuisance adjustment; not a fully refitted adjusted CI.,,
scRNA_iDA4,primary,pooled_nuisance_residualized,ATG9B,8,28,-0.04585116264495649,0.12378189092865888,0.16963305357361536,-0.6205671732330877,0.8548390938665597,,10000,Percentile donor bootstrap. Pooled-residual sensitivity conditions on the fitted nuisance adjustment; not a fully refitted adjusted CI.,,
scRNA_iDA4,primary,pooled_nuisance_residualized,ATG101,8,28,0.049158285059393625,0.4244274699315006,0.375269184872107,-0.48230584927620573,1.125873975084004,,10000,Percentile donor bootstrap. Pooled-residual sensitivity conditions on the fitted nuisance adjustment; not a fully refitted adjusted CI.,,
scRNA_iDA4,primary,pooled_nuisance_residualized,BCL2,8,28,0.6688410433058938,0.16856601099135599,-0.5002750323145377,-0.9887417413136254,0.15887513451810176,,10000,Percentile donor bootstrap. Pooled-residual sensitivity conditions on the fitted nuisance adjustment; not a fully refitted adjusted CI.,,
scRNA_iDA4,primary,pooled_nuisance_residualized,BECN1,8,28,-0.7186999596238189,0.13903570407330545,0.8577356636971244,0.07329446506436581,1.3469717728892199,,10000,Percentile donor bootstrap. Pooled-residual sensitivity conditions on the fitted nuisance adjustment; not a fully refitted adjusted CI.,,
scRNA_iDA4,primary,pooled_nuisance_residualized,CALCOCO2,8,28,-0.5847949461207536,-0.47407395043960565,0.1107209956811479,-0.37353813543760067,0.4877099767277132,,10000,Percentile donor bootstrap. Pooled-residual sensitivity conditions on the fitted nuisance adjustment; not a fully refitted adjusted CI.,,
scRNA_iDA4,primary,pooled_nuisance_residualized,CLEC16A,8,28,0.6469619134428569,0.33291795625015064,-0.3140439571927063,-0.9297999783546776,0.3717452150607194,,10000,Percentile donor bootstrap. Pooled-residual sensitivity conditions on the fitted nuisance adjustment; not a fully refitted adjusted CI.,,
scRNA_iDA4,primary,pooled_nuisance_residualized,CTNS,8,28,-0.23345678046565133,0.09322257450225754,0.3266793549679089,-0.4979906247359744,1.1799898964737734,,10000,Percentile donor bootstrap. Pooled-residual sensitivity conditions on the fitted nuisance adjustment; not a fully refitted adjusted CI.,,
scRNA_iDA4,primary,pooled_nuisance_residualized,EPG5,8,28,0.41026802058715983,0.07195078075450904,-0.3383172398326508,-0.8857430726399341,0.5090898316936424,,10000,Percentile donor bootstrap. Pooled-residual sensitivity conditions on the fitted nuisance adjustment; not a fully refitted adjusted CI.,,
scRNA_iDA4,primary,pooled_nuisance_residualized,GRN,8,28,-0.21098875702710235,-0.38098230491163754,-0.1699935478845352,-1.0024141260936523,0.646835147471114,,10000,Percentile donor bootstrap. Pooled-residual sensitivity conditions on the fitted nuisance adjustment; not a fully refitted adjusted CI.,,
scRNA_iDA4,primary,pooled_nuisance_residualized,GABARAP,8,28,0.5667588143798088,0.09120349888659074,-0.47555531549321806,-0.9984210116615919,0.5457870322625606,,10000,Percentile donor bootstrap. Pooled-residual sensitivity conditions on the fitted nuisance adjustment; not a fully refitted adjusted CI.,,
scRNA_iDA4,primary,pooled_nuisance_residualized,GABARAPL1,8,28,-0.1652638095263464,-0.04840140323352738,0.11686240629281902,-0.8694534654038193,0.873695760148296,,10000,Percentile donor bootstrap. Pooled-residual sensitivity conditions on the fitted nuisance adjustment; not a fully refitted adjusted CI.,,
scRNA_iDA4,primary,pooled_nuisance_residualized,GABARAPL2,8,28,-0.1613002907398688,-0.07528834662191927,0.08601194411794952,-0.656899077438128,0.8489953831724817,,10000,Percentile donor bootstrap. Pooled-residual sensitivity conditions on the fitted nuisance adjustment; not a fully refitted adjusted CI.,,
scRNA_iDA4,primary,pooled_nuisance_residualized,LAMP2,8,28,-0.529645072368979,-0.3420618039864335,0.18758326838254546,-0.5701493201700792,0.7926083453260768,,10000,Percentile donor bootstrap. Pooled-residual sensitivity conditions on the fitted nuisance adjustment; not a fully refitted adjusted CI.,,
scRNA_iDA4,primary,pooled_nuisance_residualized,MAP1LC3A,8,28,0.4705169677308623,0.2580546356414092,-0.21246233208945314,-0.8078167613257536,0.6235940703101933,,10000,Percentile donor bootstrap. Pooled-residual sensitivity conditions on the fitted nuisance adjustment; not a fully refitted adjusted CI.,,
scRNA_iDA4,primary,pooled_nuisance_residualized,MAP1LC3B,8,28,0.09282125612060156,0.48689708146945515,0.3940758253488536,-0.1760772505629244,1.0845057248750376,,10000,Percentile donor bootstrap. Pooled-residual sensitivity conditions on the fitted nuisance adjustment; not a fully refitted adjusted CI.,,
scRNA_iDA4,primary,pooled_nuisance_residualized,NBR1,8,28,-0.23734360733296592,-0.38756811578881606,-0.15022450845585014,-1.0138872332871853,0.4556447073375329,,10000,Percentile donor bootstrap. Pooled-residual sensitivity conditions on the fitted nuisance adjustment; not a fully refitted adjusted CI.,,
scRNA_iDA4,primary,pooled_nuisance_residualized,OPTN,8,28,0.14869770577102073,0.2555296376663685,0.10683193189534776,-0.7999549917173505,1.0354231226024624,,10000,Percentile donor bootstrap. Pooled-residual sensitivity conditions on the fitted nuisance adjustment; not a fully refitted adjusted CI.,,
scRNA_iDA4,primary,pooled_nuisance_residualized,PRKN,8,28,-0.6232394101586999,-0.3126541440686624,0.3105852660900375,-0.23348325708675724,0.7158591685898894,,10000,Percentile donor bootstrap. Pooled-residual sensitivity conditions on the fitted nuisance adjustment; not a fully refitted adjusted CI.,,
scRNA_iDA4,primary,pooled_nuisance_residualized,PIK3R4,8,28,0.23273803276334387,-0.2495123106807384,-0.48225034344408224,-1.1615433457165383,0.38244191697326696,,10000,Percentile donor bootstrap. Pooled-residual sensitivity conditions on the fitted nuisance adjustment; not a fully refitted adjusted CI.,,
scRNA_iDA4,primary,pooled_nuisance_residualized,PINK1,8,28,0.0227912067989098,0.6289558744121634,0.6061646676132536,-0.3277596014029931,1.4230709485450177,,10000,Percentile donor bootstrap. Pooled-residual sensitivity conditions on the fitted nuisance adjustment; not a fully refitted adjusted CI.,,
scRNA_iDA4,primary,pooled_nuisance_residualized,RB1CC1,8,28,0.23851502134756022,0.0927287867642008,-0.14578623458335943,-1.1107796724388912,0.9120112717660434,,10000,Percentile donor bootstrap. Pooled-residual sensitivity conditions on the fitted nuisance adjustment; not a fully refitted adjusted CI.,,
scRNA_iDA4,primary,pooled_nuisance_residualized,SNX14,8,28,-0.12872971166336053,-0.30129373121853703,-0.1725640195551765,-0.9659046214847493,0.5204897917652441,,10000,Percentile donor bootstrap. Pooled-residual sensitivity conditions on the fitted nuisance adjustment; not a fully refitted adjusted CI.,,
scRNA_iDA4,primary,pooled_nuisance_residualized,SNX30,8,28,0.6369794987705388,0.43356644804555106,-0.20341305072498778,-0.865433123673149,0.4776074181533433,,10000,Percentile donor bootstrap. Pooled-residual sensitivity conditions on the fitted nuisance adjustment; not a fully refitted adjusted CI.,,
scRNA_iDA4,primary,pooled_nuisance_residualized,SNX4,8,28,0.625035754952515,0.33630720397299685,-0.2887285509795181,-0.8124635628792753,0.34048763485395694,,10000,Percentile donor bootstrap. Pooled-residual sensitivity conditions on the fitted nuisance adjustment; not a fully refitted adjusted CI.,,
scRNA_iDA4,primary,pooled_nuisance_residualized,SQSTM1,8,28,0.24904963962167503,0.18332403634079708,-0.06572560328087795,-0.6344243674620501,0.7607653629691772,,10000,Percentile donor bootstrap. Pooled-residual sensitivity conditions on the fitted nuisance adjustment; not a fully refitted adjusted CI.,,
scRNA_iDA4,primary,pooled_nuisance_residualized,SPG11,8,28,0.06464601927201008,-0.2785838229853113,-0.3432298422573214,-0.9397219901134366,0.36782946452395393,,10000,Percentile donor bootstrap. Pooled-residual sensitivity conditions on the fitted nuisance adjustment; not a fully refitted adjusted CI.,,
scRNA_iDA4,primary,pooled_nuisance_residualized,TOLLIP,8,28,-0.40840674679448336,0.17409860975893351,0.5825053565534168,-0.4174176167709986,1.1734796756038013,,10000,Percentile donor bootstrap. Pooled-residual sensitivity conditions on the fitted nuisance adjustment; not a fully refitted adjusted CI.,,
scRNA_iDA4,primary,pooled_nuisance_residualized,UVRAG,8,28,0.18548649900557324,0.23018636128891715,0.04469986228334391,-0.951924360023225,0.9312018891991645,,10000,Percentile donor bootstrap. Pooled-residual sensitivity conditions on the fitted nuisance adjustment; not a fully refitted adjusted CI.,,
scRNA_iDA4,primary,pooled_nuisance_residualized,WDR45,8,28,0.48734715231618014,0.2151174229209072,-0.27222972939527296,-0.9270901759080267,0.56511882213387,,10000,Percentile donor bootstrap. Pooled-residual sensitivity conditions on the fitted nuisance adjustment; not a fully refitted adjusted CI.,,
scRNA_iDA4,primary,pooled_nuisance_residualized,WIPI1,8,28,-0.3306624852728601,-0.05541174642357926,0.2752507388492808,-0.6900610347132101,1.0473012669530495,,10000,Percentile donor bootstrap. Pooled-residual sensitivity conditions on the fitted nuisance adjustment; not a fully refitted adjusted CI.,,
scRNA_iDA4,primary,pooled_nuisance_residualized,WIPI2,8,28,-0.38580805080242414,-0.07974498424795659,0.3060630665544676,-0.5409306303535232,0.8813033310296583,,10000,Percentile donor bootstrap. Pooled-residual sensitivity conditions on the fitted nuisance adjustment; not a fully refitted adjusted CI.,,
scRNA_iDA4,primary,pooled_nuisance_residualized,ZFYVE21,8,28,-0.5744370055691195,-0.3879081441023421,0.18652886146677738,-0.5448954645097646,0.6399596214059512,,10000,Percentile donor bootstrap. Pooled-residual sensitivity conditions on the fitted nuisance adjustment; not a fully refitted adjusted CI.,,
scRNA_lProg1,primary,Pearson,ATG10,7,27,0.047265452829810414,-0.14170989786567975,-0.18897535069549015,-1.0820284610338438,0.7402600648650657,0.72502010501139,10000,Percentile donor bootstrap; small-control-cohort limitations apply.,0.8204174872497308,0.9731315395023393
scRNA_lProg1,primary,Pearson,ATG12,7,27,0.8568727806626695,0.21745695826859784,-0.6394158223940716,-1.1899337286599323,0.0627946585642284,0.04957497280198923,10000,Percentile donor bootstrap; small-control-cohort limitations apply.,0.1998528088558196,0.7473194278158707
scRNA_lProg1,primary,Pearson,ATG13,7,27,-0.584263244649362,0.1419490457990317,0.7262122904483936,-0.5177319239478823,1.3035150699141527,0.13278528075830787,10000,Percentile donor bootstrap; small-control-cohort limitations apply.,0.3568604420379524,0.8970249515146085
scRNA_lProg1,primary,Pearson,ATG16L1,7,27,-0.8153435271862511,-0.12232932643956852,0.6930142007466826,-0.977383464246355,1.3095678509600026,0.05898002680603884,10000,Percentile donor bootstrap; small-control-cohort limitations apply.,0.1998528088558196,0.7473194278158707
scRNA_lProg1,primary,Pearson,ATG2A,7,27,-0.48792631851211093,0.17879215408036092,0.6667184725924719,-0.3926038324736206,1.2281065190507487,0.1861014675072752,10000,Percentile donor bootstrap; small-control-cohort limitations apply.,0.40938146733449027,0.8970249515146085
scRNA_lProg1,primary,Pearson,ATG2B,7,27,-0.7014034003485395,-0.2867917134650466,0.4146116868834929,-0.13747149130530473,0.9335977160361367,0.28702263441739806,10000,Percentile donor bootstrap; small-control-cohort limitations apply.,0.4543282997418129,0.8970249515146085
scRNA_lProg1,primary,Pearson,ATG3,7,27,-0.3248799270637783,0.6109793007099087,0.935859227773687,-0.34751779656669196,1.5174898848166145,0.05241209809114701,10000,Percentile donor bootstrap; small-control-cohort limitations apply.,0.1998528088558196,0.7473194278158707
scRNA_lProg1,primary,Pearson,ATG4B,7,27,0.22542904347776357,0.6537030791815739,0.4282740357038103,-0.31437325814105627,1.5859563262626608,0.3064074579654087,10000,Percentile donor bootstrap; small-control-cohort limitations apply.,0.4543282997418129,0.8970249515146085
scRNA_lProg1,primary,Pearson,ATG4C,7,27,-0.5186350236196259,0.13189549153222113,0.650530515151847,-0.6731964194136549,1.2099663861125007,0.19040998480673965,10000,Percentile donor bootstrap; small-control-cohort limitations apply.,0.40938146733449027,0.8970249515146085
scRNA_lProg1,primary,Pearson,ATG5,7,27,-0.34265641362769983,-0.1567845247140087,0.18587188891369114,-1.29128045022009,0.9974612718453135,0.7125031712555581,10000,Percentile donor bootstrap; small-control-cohort limitations apply.,0.8204174872497308,0.9731315395023393
scRNA_lProg1,primary,Pearson,ATG7,7,27,0.7069055032797004,0.13215103117208316,-0.5747544721076172,-1.0934475161968435,0.0315542038177846,0.16602009960633624,10000,Percentile donor bootstrap; small-control-cohort limitations apply.,0.39660357128180324,0.8970249515146085
scRNA_lProg1,primary,Pearson,ATG9B,7,27,-0.17181283086230742,0.3695602296702397,0.5413730605325471,-0.6798435987497585,1.3631520988854835,0.2985261715440196,9999,Percentile donor bootstrap; small-control-cohort limitations apply.,0.4543282997418129,0.8970249515146085
scRNA_lProg1,primary,Pearson,ATG101,7,27,-0.730631347341677,0.3499879178733695,1.0806192652150466,-0.1674287730796623,1.499414024858429,0.01644804351292065,10000,Percentile donor bootstrap; small-control-cohort limitations apply.,0.1010379815793697,0.441165922703313
scRNA_lProg1,primary,Pearson,BCL2,7,27,0.3661829752582679,-0.2809185613114865,-0.6471015365697543,-1.2695144824467648,0.10377023288520783,0.2129208003799654,10000,Percentile donor bootstrap; small-control-cohort limitations apply.,0.43598068649231014,0.8970249515146085
scRNA_lProg1,primary,Pearson,BECN1,7,27,-0.700182534664626,-0.005576418535126104,0.6946061161294999,-0.9046888400139765,1.0872522893441938,0.1104294660657375,10000,Percentile donor bootstrap; small-control-cohort limitations apply.,0.3165644693884475,0.8488235078187285
scRNA_lProg1,primary,Pearson,CALCOCO2,7,27,-0.6560717520925146,-0.166372163688608,0.4896995884039066,-0.8858461764695406,0.9114991387333607,0.2525303677220804,10000,Percentile donor bootstrap; small-control-cohort limitations apply.,0.4543282997418129,0.8970249515146085
scRNA_lProg1,primary,Pearson,CLEC16A,7,27,-0.793400037358869,0.1013682152545379,0.8947682526134069,0.21105595618152148,1.364526558721952,0.02858815370329049,10000,Percentile donor bootstrap; small-control-cohort limitations apply.,0.15366132615518638,0.6401260503128088
scRNA_lProg1,primary,Pearson,CTNS,7,27,0.2607780381920126,0.29317750749202737,0.03239946930001475,-0.6688628247858953,1.0840654006549328,0.9481857976339237,10000,Percentile donor bootstrap; small-control-cohort limitations apply.,0.9707616499585411,0.9974189108758099
scRNA_lProg1,primary,Pearson,EPG5,7,27,-0.5731805648156051,-0.16938260386188322,0.4037979609537219,-1.0278966740443387,1.061540540835184,0.3729084525301696,10000,Percentile donor bootstrap; small-control-cohort limitations apply.,0.5061961079158842,0.9023729489886372
scRNA_lProg1,primary,Pearson,GRN,7,27,-0.45365006326791685,0.2607670634058055,0.7144171266737224,-0.27016154733738273,1.330208955880742,0.16144042574587125,10000,Percentile donor bootstrap; small-control-cohort limitations apply.,0.39660357128180324,0.8970249515146085
scRNA_lProg1,primary,Pearson,GABARAP,7,27,0.3888186215242252,-0.14965030468693566,-0.5384689262111608,-1.187779051689165,0.5006168345082458,0.29874784386009623,10000,Percentile donor bootstrap; small-control-cohort limitations apply.,0.4543282997418129,0.8970249515146085
scRNA_lProg1,primary,Pearson,GABARAPL1,7,27,-0.8284695328711642,0.1311558665978676,0.9596253994690318,-0.18465661097368627,1.4560693051640161,0.014883995491952417,10000,Percentile donor bootstrap; small-control-cohort limitations apply.,0.1010379815793697,0.4395772659922635
scRNA_lProg1,primary,Pearson,GABARAPL2,7,27,-0.837871866099307,-0.2203635385375091,0.6175083275617979,-1.106228437817438,0.9841439196010117,0.06679789128352874,10000,Percentile donor bootstrap; small-control-cohort limitations apply.,0.2051649517994097,0.7473194278158707
scRNA_lProg1,primary,Pearson,LAMP2,7,27,-0.8661658251665229,0.22952649792532093,1.0956923230918438,0.18066486954215927,1.4578359743094118,0.004075194720440292,10000,Percentile donor bootstrap; small-control-cohort limitations apply.,0.058411124326310855,0.30837751684444387
scRNA_lProg1,primary,Pearson,MAP1LC3A,7,27,-0.6773817203433624,0.5360500715199724,1.2134317918633348,-0.20299225682802144,1.6132304438885314,0.008423208348225483,10000,Percentile donor bootstrap; small-control-cohort limitations apply.,0.09054948974342394,0.4395772659922635
scRNA_lProg1,primary,Pearson,MAP1LC3B,7,27,-0.7227657389199493,0.6693284597630845,1.3920941986830337,0.5007301989477633,1.699988945803112,0.0014214488565640494,10000,Percentile donor bootstrap; small-control-cohort limitations apply.,0.030561150416127062,0.2292970112570012
scRNA_lProg1,primary,Pearson,NBR1,7,27,-0.8424471008358813,-0.21219059169584883,0.6302565091400324,-0.012659986143497951,0.9632158466789154,0.060420616630829184,10000,Percentile donor bootstrap; small-control-cohort limitations apply.,0.1998528088558196,0.7473194278158707
scRNA_lProg1,primary,Pearson,OPTN,7,27,-0.43235674503063304,0.11736348958857441,0.5497202346192075,-0.9909312179701756,1.2818830565781816,0.28226519763742675,10000,Percentile donor bootstrap; small-control-cohort limitations apply.,0.4543282997418129,0.8970249515146085
scRNA_lProg1,primary,Pearson,PRKN,7,27,-0.1875951657486819,0.2798904875900509,0.4674856533387328,-0.4764769516490877,1.2219086047035634,0.3767040803094952,10000,Percentile donor bootstrap; small-control-cohort limitations apply.,0.5061961079158842,0.9023729489886372
scRNA_lProg1,primary,Pearson,PIK3R4,7,27,-0.9136209439818157,0.20962941798463797,1.1232503619664538,-0.006185939076116462,1.471986201355887,0.0011055257929360256,10000,Percentile donor bootstrap; small-control-cohort limitations apply.,0.030561150416127062,0.2292970112570012
scRNA_lProg1,primary,Pearson,PINK1,7,27,-0.5959433523914613,-0.3805174975468674,0.21542585484459392,-1.3164397017471816,0.7330061419002261,0.5961950468178918,10000,Percentile donor bootstrap; small-control-cohort limitations apply.,0.7656239455820015,0.9450027250107562
scRNA_lProg1,primary,Pearson,RB1CC1,7,27,0.18446398748077444,0.4346706344054659,0.2502066469246914,-0.3351593929452403,1.2835951744789789,0.605377073250885,10000,Percentile donor bootstrap; small-control-cohort limitations apply.,0.7656239455820015,0.9495675923551229
scRNA_lProg1,primary,Pearson,SNX14,7,27,-0.6886654854515942,-0.26375032720754293,0.4249151582440513,-0.018876563803513303,0.9548135558021009,0.28678180562707767,10000,Percentile donor bootstrap; small-control-cohort limitations apply.,0.4543282997418129,0.8970249515146085
scRNA_lProg1,primary,Pearson,SNX30,7,27,-0.2349082022454379,-0.23418118190663142,0.0007270203388064778,-0.6605912015692259,0.6699453997607273,0.9988633769852117,10000,Percentile donor bootstrap; small-control-cohort limitations apply.,0.9988633769852118,0.9994981646403215
scRNA_lProg1,primary,Pearson,SNX4,7,27,0.13038697234598834,0.25412308992029364,0.1237361175743053,-0.642079604120039,0.9536184872050542,0.8116693302178476,10000,Percentile donor bootstrap; small-control-cohort limitations apply.,0.8750366773770191,0.9922092915065475
scRNA_lProg1,primary,Pearson,SQSTM1,7,27,-0.917913826589418,-0.23176223958752531,0.6861515870018927,-0.7611367258232465,0.9770643476490678,0.013124063759732974,10000,Percentile donor bootstrap; small-control-cohort limitations apply.,0.1010379815793697,0.4395772659922635
scRNA_lProg1,primary,Pearson,SPG11,7,27,-0.2517207595417891,0.30471599098739166,0.5564367505291807,-0.7395115606193953,1.2329325798571245,0.2895711977742177,10000,Percentile donor bootstrap; small-control-cohort limitations apply.,0.4543282997418129,0.8970249515146085
scRNA_lProg1,primary,Pearson,TOLLIP,7,27,0.06472176555440658,0.5101863353115395,0.4454645697571329,-0.5462601996780263,1.2262471577057592,0.35630419340688,10000,Percentile donor bootstrap; small-control-cohort limitations apply.,0.5061961079158842,0.9023729489886372
scRNA_lProg1,primary,Pearson,UVRAG,7,27,0.029704900878954676,0.15550992393145105,0.12580502305249638,-0.5963801617762404,1.1239614946951078,0.8139876068623433,10000,Percentile donor bootstrap; small-control-cohort limitations apply.,0.8750366773770191,0.9922092915065475
scRNA_lProg1,primary,Pearson,WDR45,7,27,-0.36881014456438244,-0.17454619884962339,0.19426394571475905,-1.117165949168844,0.8485886106335435,0.6964417662136656,10000,Percentile donor bootstrap; small-control-cohort limitations apply.,0.8204174872497308,0.9731315395023393
scRNA_lProg1,primary,Pearson,WIPI1,7,27,-0.41709782698142206,0.5742080583158412,0.9913058852972633,-0.44937996798321284,1.6395649032444595,0.04205133449194068,10000,Percentile donor bootstrap; small-control-cohort limitations apply.,0.1998528088558196,0.7473194278158707
scRNA_lProg1,primary,Pearson,WIPI2,7,27,0.15461447874589893,0.18892140182629988,0.03430692308040095,-0.7676256938695868,1.0651320942621516,0.9478055985021873,10000,Percentile donor bootstrap; small-control-cohort limitations apply.,0.9707616499585411,0.9974189108758099
scRNA_lProg1,primary,Pearson,ZFYVE21,7,27,-0.41325886597917055,-0.20584738191940863,0.20741148405976192,-1.023486469526112,0.8341746013333049,0.6692478591562951,10000,Percentile donor bootstrap; small-control-cohort limitations apply.,0.8204174872497308,0.9709463841941999
scRNA_lProg1,primary,Spearman,ATG10,7,27,0.3571428571428571,0.02136752136752137,-0.33577533577533575,-1.1604073196134932,0.7376651401048164,,10000,Percentile donor bootstrap; small-control-cohort limitations apply.,,
scRNA_lProg1,primary,Spearman,ATG12,7,27,0.8928571428571428,0.056166056166056175,-0.8366910866910866,-1.3388843355823565,-0.11618891679897088,,10000,Percentile donor bootstrap; small-control-cohort limitations apply.,,
scRNA_lProg1,primary,Spearman,ATG13,7,27,-0.24999999999999997,0.08730158730158731,0.33730158730158727,-0.8118233130161935,1.266483489664754,,10000,Percentile donor bootstrap; small-control-cohort limitations apply.,,
scRNA_lProg1,primary,Spearman,ATG16L1,7,27,-0.3214285714285714,-0.0982905982905983,0.2231379731379731,-0.9419213740225136,1.0782127688463448,,10000,Percentile donor bootstrap; small-control-cohort limitations apply.,,
scRNA_lProg1,primary,Spearman,ATG2A,7,27,-0.3928571428571428,0.2075702075702076,0.6004273504273504,-0.4338897552426781,1.3364152947694243,,10000,Percentile donor bootstrap; small-control-cohort limitations apply.,,
scRNA_lProg1,primary,Spearman,ATG2B,7,27,-0.8928571428571428,-0.22100122100122102,0.6718559218559218,0.0013894141600961113,1.1301211636316901,,10000,Percentile donor bootstrap; small-control-cohort limitations apply.,,
scRNA_lProg1,primary,Spearman,ATG3,7,27,0.0,0.5183150183150184,0.5183150183150184,-0.551753405406303,1.4685191010686143,,10000,Percentile donor bootstrap; small-control-cohort limitations apply.,,
scRNA_lProg1,primary,Spearman,ATG4B,7,27,-0.14285714285714285,0.5518925518925519,0.6947496947496947,-0.2699303014042143,1.5496558594047585,,10000,Percentile donor bootstrap; small-control-cohort limitations apply.,,
scRNA_lProg1,primary,Spearman,ATG4C,7,27,-0.2857142857142857,-0.004884004884004885,0.28083028083028083,-0.8731801668612965,1.1768445181046356,,10000,Percentile donor bootstrap; small-control-cohort limitations apply.,,
scRNA_lProg1,primary,Spearman,ATG5,7,27,-0.17857142857142855,-0.2075702075702076,-0.028998778998779062,-1.1497952790219377,0.8843440389387152,,10000,Percentile donor bootstrap; small-control-cohort limitations apply.,,
scRNA_lProg1,primary,Spearman,ATG7,7,27,0.8928571428571428,0.09462759462759464,-0.7982295482295482,-1.3024834733769788,-0.10327437337167106,,10000,Percentile donor bootstrap; small-control-cohort limitations apply.,,
scRNA_lProg1,primary,Spearman,ATG9B,7,27,0.2522624895547565,0.5368054227139634,0.28454293315920687,-0.6221155953710256,1.2875871121168698,,9999,Percentile donor bootstrap; small-control-cohort limitations apply.,,
scRNA_lProg1,primary,Spearman,ATG101,7,27,-0.6071428571428571,0.24481074481074486,0.8519536019536019,-0.23139256659748747,1.4554609008920791,,10000,Percentile donor bootstrap; small-control-cohort limitations apply.,,
scRNA_lProg1,primary,Spearman,BCL2,7,27,0.2857142857142857,-0.08547008547008549,-0.3711843711843712,-1.234197777762354,0.6974169974738361,,10000,Percentile donor bootstrap; small-control-cohort limitations apply.,,
scRNA_lProg1,primary,Spearman,BECN1,7,27,-0.4285714285714285,-0.05128205128205129,0.3772893772893772,-0.8920922234825976,1.1200126743874845,,10000,Percentile donor bootstrap; small-control-cohort limitations apply.,,
scRNA_lProg1,primary,Spearman,CALCOCO2,7,27,-0.3928571428571428,-0.19474969474969478,0.19810744810744801,-0.8220112907002003,0.9247342452797688,,10000,Percentile donor bootstrap; small-control-cohort limitations apply.,,
scRNA_lProg1,primary,Spearman,CLEC16A,7,27,-0.7499999999999999,0.12820512820512822,0.8782051282051281,-0.10358214843837629,1.4144036508884572,,10000,Percentile donor bootstrap; small-control-cohort limitations apply.,,
scRNA_lProg1,primary,Spearman,CTNS,7,27,0.4285714285714285,0.4145299145299146,-0.01404151404151388,-0.6459321608422003,1.1906462153008879,,10000,Percentile donor bootstrap; small-control-cohort limitations apply.,,
scRNA_lProg1,primary,Spearman,EPG5,7,27,-0.3214285714285714,-0.1446886446886447,0.1767399267399267,-0.9748573469737858,1.0143677364784143,,10000,Percentile donor bootstrap; small-control-cohort limitations apply.,,
scRNA_lProg1,primary,Spearman,GRN,7,27,-0.3571428571428571,0.297924297924298,0.6550671550671551,-0.5229786182908693,1.37975523016865,,10000,Percentile donor bootstrap; small-control-cohort limitations apply.,,
scRNA_lProg1,primary,Spearman,GABARAP,7,27,0.14285714285714285,-0.10439560439560441,-0.24725274725274726,-1.1829368824332427,0.7898506755930979,,10000,Percentile donor bootstrap; small-control-cohort limitations apply.,,
scRNA_lProg1,primary,Spearman,GABARAPL1,7,27,-0.6071428571428571,-0.25702075702075705,0.35012210012210004,-0.6389315480064479,0.9853229152999138,,10000,Percentile donor bootstrap; small-control-cohort limitations apply.,,
scRNA_lProg1,primary,Spearman,GABARAPL2,7,27,-0.4285714285714285,-0.4505494505494506,-0.021978021978022122,-1.1819802949297415,0.6881696318336683,,10000,Percentile donor bootstrap; small-control-cohort limitations apply.,,
scRNA_lProg1,primary,Spearman,LAMP2,7,27,-0.857142857142857,0.2765567765567766,1.1336996336996337,0.4381547795550943,1.5161647465115033,,10000,Percentile donor bootstrap; small-control-cohort limitations apply.,,
scRNA_lProg1,primary,Spearman,MAP1LC3A,7,27,-0.3928571428571428,0.5451770451770452,0.938034188034188,-0.20296945848353373,1.5514283051188262,,10000,Percentile donor bootstrap; small-control-cohort limitations apply.,,
scRNA_lProg1,primary,Spearman,MAP1LC3B,7,27,-0.4285714285714285,0.5934065934065935,1.021978021978022,-0.22017371689711734,1.6059093128566564,,10000,Percentile donor bootstrap; small-control-cohort limitations apply.,,
scRNA_lProg1,primary,Spearman,NBR1,7,27,-0.857142857142857,-0.2893772893772894,0.5677655677655675,-0.24270921386587765,0.9831037103647654,,10000,Percentile donor bootstrap; small-control-cohort limitations apply.,,
scRNA_lProg1,primary,Spearman,OPTN,7,27,-0.07142857142857142,-0.12881562881562883,-0.057387057387057405,-1.2039440957851721,0.9729247391037446,,10000,Percentile donor bootstrap; small-control-cohort limitations apply.,,
scRNA_lProg1,primary,Spearman,PRKN,7,27,-0.03571428571428571,0.4127392280286311,0.4484535137429168,-0.5691789987291918,1.443502727953163,,10000,Percentile donor bootstrap; small-control-cohort limitations apply.,,
scRNA_lProg1,primary,Spearman,PIK3R4,7,27,-0.7499999999999999,0.20634920634920637,0.9563492063492063,-0.004287732677468166,1.4781258789761684,,10000,Percentile donor bootstrap; small-control-cohort limitations apply.,,
scRNA_lProg1,primary,Spearman,PINK1,7,27,-0.3214285714285714,-0.39499389499389503,-0.07356532356532364,-1.1625901172706694,0.7020908972983829,,10000,Percentile donor bootstrap; small-control-cohort limitations apply.,,
scRNA_lProg1,primary,Spearman,RB1CC1,7,27,-0.3571428571428571,0.5103785103785105,0.8675213675213675,-0.22016770037793848,1.509647131265917,,10000,Percentile donor bootstrap; small-control-cohort limitations apply.,,
scRNA_lProg1,primary,Spearman,SNX14,7,27,-0.9285714285714285,-0.15140415140415142,0.7771672771672771,0.20560907754103794,1.1905251620614081,,10000,Percentile donor bootstrap; small-control-cohort limitations apply.,,
scRNA_lProg1,primary,Spearman,SNX30,7,27,-0.6785714285714285,-0.15873015873015875,0.5198412698412698,-0.3533170273505797,1.0422756132918867,,10000,Percentile donor bootstrap; small-control-cohort limitations apply.,,
scRNA_lProg1,primary,Spearman,SNX4,7,27,0.14285714285714285,0.300976800976801,0.15811965811965817,-0.772118467065888,1.1299409125191382,,10000,Percentile donor bootstrap; small-control-cohort limitations apply.,,
scRNA_lProg1,primary,Spearman,SQSTM1,7,27,-0.6785714285714285,-0.2777777777777778,0.4007936507936507,-0.5693224746413064,0.9377018087247442,,10000,Percentile donor bootstrap; small-control-cohort limitations apply.,,
scRNA_lProg1,primary,Spearman,SPG11,7,27,0.17857142857142855,0.391941391941392,0.21336996336996344,-0.6968818400789031,1.2412950702100494,,10000,Percentile donor bootstrap; small-control-cohort limitations apply.,,
scRNA_lProg1,primary,Spearman,TOLLIP,7,27,0.2857142857142857,0.39987789987789996,0.11416361416361426,-0.6814733175296546,1.169557691925521,,10000,Percentile donor bootstrap; small-control-cohort limitations apply.,,
scRNA_lProg1,primary,Spearman,UVRAG,7,27,-0.2857142857142857,0.1843711843711844,0.4700854700854701,-0.6114979070017178,1.3032523098980668,,10000,Percentile donor bootstrap; small-control-cohort limitations apply.,,
scRNA_lProg1,primary,Spearman,WDR45,7,27,0.21428571428571425,-0.11294261294261296,-0.3272283272283272,-1.2667333304260826,0.7202775624500483,,10000,Percentile donor bootstrap; small-control-cohort limitations apply.,,
scRNA_lProg1,primary,Spearman,WIPI1,7,27,-0.14285714285714285,0.5848595848595849,0.7277167277167278,-0.39928033623456616,1.5298991428503284,,10000,Percentile donor bootstrap; small-control-cohort limitations apply.,,
scRNA_lProg1,primary,Spearman,WIPI2,7,27,0.14285714285714285,0.18376068376068377,0.040903540903540925,-0.998985305759365,1.0263079513978186,,10000,Percentile donor bootstrap; small-control-cohort limitations apply.,,
scRNA_lProg1,primary,Spearman,ZFYVE21,7,27,-0.14285714285714285,-0.242979242979243,-0.10012210012210015,-1.2652662652278674,0.8070694760408766,,10000,Percentile donor bootstrap; small-control-cohort limitations apply.,,
scRNA_lProg1,primary,pooled_nuisance_residualized,ATG10,7,27,0.12200404797794664,-0.2499353368418156,-0.37193938481976224,-1.2316247261761324,0.4157217682929663,,10000,Percentile donor bootstrap. Pooled-residual sensitivity conditions on the fitted nuisance adjustment; not a fully refitted adjusted CI.,,
scRNA_lProg1,primary,pooled_nuisance_residualized,ATG12,7,27,0.6386740477387931,0.12932917631186272,-0.5093448714269304,-1.1478679154534017,0.2693757235202199,,10000,Percentile donor bootstrap. Pooled-residual sensitivity conditions on the fitted nuisance adjustment; not a fully refitted adjusted CI.,,
scRNA_lProg1,primary,pooled_nuisance_residualized,ATG13,7,27,-0.014676755275193845,0.004665869883561578,0.01934262515875542,-1.007740403829709,0.7626966935140169,,10000,Percentile donor bootstrap. Pooled-residual sensitivity conditions on the fitted nuisance adjustment; not a fully refitted adjusted CI.,,
scRNA_lProg1,primary,pooled_nuisance_residualized,ATG16L1,7,27,-0.007839589002171373,-0.04283067973688185,-0.034991090734710475,-0.9296330744364539,0.8744534976865457,,10000,Percentile donor bootstrap. Pooled-residual sensitivity conditions on the fitted nuisance adjustment; not a fully refitted adjusted CI.,,
scRNA_lProg1,primary,pooled_nuisance_residualized,ATG2A,7,27,-0.48698898547240993,0.1908510338845809,0.6778400193569909,-0.574026445262913,1.2786994407687504,,10000,Percentile donor bootstrap. Pooled-residual sensitivity conditions on the fitted nuisance adjustment; not a fully refitted adjusted CI.,,
scRNA_lProg1,primary,pooled_nuisance_residualized,ATG2B,7,27,-0.21862013799562283,-0.43613288740454936,-0.21751274940892654,-0.8955195508498848,0.5590734304597724,,10000,Percentile donor bootstrap. Pooled-residual sensitivity conditions on the fitted nuisance adjustment; not a fully refitted adjusted CI.,,
scRNA_lProg1,primary,pooled_nuisance_residualized,ATG3,7,27,0.0635386466084442,0.575859410496289,0.5123207638878448,-0.42075182458831073,1.4330051951058125,,10000,Percentile donor bootstrap. Pooled-residual sensitivity conditions on the fitted nuisance adjustment; not a fully refitted adjusted CI.,,
scRNA_lProg1,primary,pooled_nuisance_residualized,ATG4B,7,27,-0.22756474003706598,0.658318705717168,0.885883445754234,0.07901483098661298,1.5570757786589795,,10000,Percentile donor bootstrap. Pooled-residual sensitivity conditions on the fitted nuisance adjustment; not a fully refitted adjusted CI.,,
scRNA_lProg1,primary,pooled_nuisance_residualized,ATG4C,7,27,0.2262347525881387,0.16201640081594404,-0.06421835177219465,-0.7918545397773722,0.7819076092382535,,10000,Percentile donor bootstrap. Pooled-residual sensitivity conditions on the fitted nuisance adjustment; not a fully refitted adjusted CI.,,
scRNA_lProg1,primary,pooled_nuisance_residualized,ATG5,7,27,0.4588721694588613,-0.18389817974763947,-0.6427703492065008,-1.301311389400179,0.6657342009755743,,10000,Percentile donor bootstrap. Pooled-residual sensitivity conditions on the fitted nuisance adjustment; not a fully refitted adjusted CI.,,
scRNA_lProg1,primary,pooled_nuisance_residualized,ATG7,7,27,0.8187939520899826,0.0997239742149723,-0.7190699778750104,-1.159811662073276,-0.21387984218281317,,10000,Percentile donor bootstrap. Pooled-residual sensitivity conditions on the fitted nuisance adjustment; not a fully refitted adjusted CI.,,
scRNA_lProg1,primary,pooled_nuisance_residualized,ATG9B,7,27,-0.39686080427796455,0.34912255904734096,0.7459833633253055,-0.5077145940202564,1.3959005493601782,,10000,Percentile donor bootstrap. Pooled-residual sensitivity conditions on the fitted nuisance adjustment; not a fully refitted adjusted CI.,,
scRNA_lProg1,primary,pooled_nuisance_residualized,ATG101,7,27,-0.03522253210590539,0.5185875210730732,0.5538100531789786,-0.2703816185975924,1.4353079051554918,,10000,Percentile donor bootstrap. Pooled-residual sensitivity conditions on the fitted nuisance adjustment; not a fully refitted adjusted CI.,,
scRNA_lProg1,primary,pooled_nuisance_residualized,BCL2,7,27,0.6883575403401874,-0.44337825683772764,-1.131735797177915,-1.5410673271606283,-0.2890196866707565,,10000,Percentile donor bootstrap. Pooled-residual sensitivity conditions on the fitted nuisance adjustment; not a fully refitted adjusted CI.,,
scRNA_lProg1,primary,pooled_nuisance_residualized,BECN1,7,27,0.17932894893562543,0.03329714725051416,-0.14603180168511126,-0.9052147370473339,1.0050200033130747,,10000,Percentile donor bootstrap. Pooled-residual sensitivity conditions on the fitted nuisance adjustment; not a fully refitted adjusted CI.,,
scRNA_lProg1,primary,pooled_nuisance_residualized,CALCOCO2,7,27,0.18159635572206062,-0.21826081544827544,-0.39985717117033603,-1.085239857977898,0.3827031163539236,,10000,Percentile donor bootstrap. Pooled-residual sensitivity conditions on the fitted nuisance adjustment; not a fully refitted adjusted CI.,,
scRNA_lProg1,primary,pooled_nuisance_residualized,CLEC16A,7,27,-0.1235539725431423,0.09818001790167152,0.22173399044481384,-0.8419960684034661,1.1340512529165767,,10000,Percentile donor bootstrap. Pooled-residual sensitivity conditions on the fitted nuisance adjustment; not a fully refitted adjusted CI.,,
scRNA_lProg1,primary,pooled_nuisance_residualized,CTNS,7,27,-0.6788445047436069,0.38930540946791015,1.0681499142115172,0.20075206853419172,1.5003469119342918,,10000,Percentile donor bootstrap. Pooled-residual sensitivity conditions on the fitted nuisance adjustment; not a fully refitted adjusted CI.,,
scRNA_lProg1,primary,pooled_nuisance_residualized,EPG5,7,27,-0.7012041830994301,-0.16326585918111128,0.5379383239183189,-0.5115466492837969,1.062588021021773,,10000,Percentile donor bootstrap. Pooled-residual sensitivity conditions on the fitted nuisance adjustment; not a fully refitted adjusted CI.,,
scRNA_lProg1,primary,pooled_nuisance_residualized,GRN,7,27,0.19088093157287886,0.331475658983743,0.14059472741086412,-0.6148251981230368,1.108646168398766,,10000,Percentile donor bootstrap. Pooled-residual sensitivity conditions on the fitted nuisance adjustment; not a fully refitted adjusted CI.,,
scRNA_lProg1,primary,pooled_nuisance_residualized,GABARAP,7,27,-0.0077910077445777085,-0.14492329557232664,-0.13713228782774892,-1.1565677656539237,0.7663425570783048,,10000,Percentile donor bootstrap. Pooled-residual sensitivity conditions on the fitted nuisance adjustment; not a fully refitted adjusted CI.,,
scRNA_lProg1,primary,pooled_nuisance_residualized,GABARAPL1,7,27,-0.22991485955768834,0.13977109610187935,0.3696859556595677,-0.8806400345035427,1.1651855133625488,,10000,Percentile donor bootstrap. Pooled-residual sensitivity conditions on the fitted nuisance adjustment; not a fully refitted adjusted CI.,,
scRNA_lProg1,primary,pooled_nuisance_residualized,GABARAPL2,7,27,-0.02765403340893516,-0.15451968813594544,-0.12686565472701028,-1.0009552408986095,0.6818528750369177,,10000,Percentile donor bootstrap. Pooled-residual sensitivity conditions on the fitted nuisance adjustment; not a fully refitted adjusted CI.,,
scRNA_lProg1,primary,pooled_nuisance_residualized,LAMP2,7,27,0.02878016867162096,0.2818962436805627,0.25311607500894173,-0.49174921767016255,1.061990588690458,,10000,Percentile donor bootstrap. Pooled-residual sensitivity conditions on the fitted nuisance adjustment; not a fully refitted adjusted CI.,,
scRNA_lProg1,primary,pooled_nuisance_residualized,MAP1LC3A,7,27,0.1329624052727445,0.5470996388043361,0.4141372335315916,-0.27856276430770527,1.1684284204878828,,10000,Percentile donor bootstrap. Pooled-residual sensitivity conditions on the fitted nuisance adjustment; not a fully refitted adjusted CI.,,
scRNA_lProg1,primary,pooled_nuisance_residualized,MAP1LC3B,7,27,-0.520874545239765,0.7225503913352476,1.2434249365750125,-0.20113108010193892,1.7037590100791382,,10000,Percentile donor bootstrap. Pooled-residual sensitivity conditions on the fitted nuisance adjustment; not a fully refitted adjusted CI.,,
scRNA_lProg1,primary,pooled_nuisance_residualized,NBR1,7,27,-0.0817042727660094,-0.2616394444364104,-0.17993517167040102,-1.054400744126393,0.6508537354591387,,10000,Percentile donor bootstrap. Pooled-residual sensitivity conditions on the fitted nuisance adjustment; not a fully refitted adjusted CI.,,
scRNA_lProg1,primary,pooled_nuisance_residualized,OPTN,7,27,-0.42023050084722957,0.10056938170742652,0.520799882554656,-0.615578228698248,1.2094051939212647,,10000,Percentile donor bootstrap. Pooled-residual sensitivity conditions on the fitted nuisance adjustment; not a fully refitted adjusted CI.,,
scRNA_lProg1,primary,pooled_nuisance_residualized,PRKN,7,27,-0.3073198493937624,0.2812995679573015,0.5886194173510639,-0.6328899345640502,1.324970443749777,,10000,Percentile donor bootstrap. Pooled-residual sensitivity conditions on the fitted nuisance adjustment; not a fully refitted adjusted CI.,,
scRNA_lProg1,primary,pooled_nuisance_residualized,PIK3R4,7,27,-0.5165719739038814,0.135412025271634,0.6519839991755154,-0.10745748602490504,1.2103317692517168,,10000,Percentile donor bootstrap. Pooled-residual sensitivity conditions on the fitted nuisance adjustment; not a fully refitted adjusted CI.,,
scRNA_lProg1,primary,pooled_nuisance_residualized,PINK1,7,27,0.03735262047072076,-0.3124153276544749,-0.3497679481251956,-1.1544725003590637,0.48744450697253106,,10000,Percentile donor bootstrap. Pooled-residual sensitivity conditions on the fitted nuisance adjustment; not a fully refitted adjusted CI.,,
scRNA_lProg1,primary,pooled_nuisance_residualized,RB1CC1,7,27,-0.40436881286067733,0.3539877809404286,0.7583565938011059,-0.03598236981331235,1.286081932882087,,10000,Percentile donor bootstrap. Pooled-residual sensitivity conditions on the fitted nuisance adjustment; not a fully refitted adjusted CI.,,
scRNA_lProg1,primary,pooled_nuisance_residualized,SNX14,7,27,-0.7220513548173921,-0.3013009112794292,0.4207504435379629,-0.451145180489608,0.9185628010335356,,10000,Percentile donor bootstrap. Pooled-residual sensitivity conditions on the fitted nuisance adjustment; not a fully refitted adjusted CI.,,
scRNA_lProg1,primary,pooled_nuisance_residualized,SNX30,7,27,-0.351246522529987,-0.36500592151656486,-0.013759398986577853,-0.9829399512092414,0.6260365589752723,,10000,Percentile donor bootstrap. Pooled-residual sensitivity conditions on the fitted nuisance adjustment; not a fully refitted adjusted CI.,,
scRNA_lProg1,primary,pooled_nuisance_residualized,SNX4,7,27,0.14324091929325639,0.12222556130368431,-0.021015357989572075,-0.8661179406581243,0.8389088466415999,,10000,Percentile donor bootstrap. Pooled-residual sensitivity conditions on the fitted nuisance adjustment; not a fully refitted adjusted CI.,,
scRNA_lProg1,primary,pooled_nuisance_residualized,SQSTM1,7,27,0.12775716177790614,-0.29402680087896815,-0.4217839626568743,-1.2483085788750883,0.5955112482912046,,10000,Percentile donor bootstrap. Pooled-residual sensitivity conditions on the fitted nuisance adjustment; not a fully refitted adjusted CI.,,
scRNA_lProg1,primary,pooled_nuisance_residualized,SPG11,7,27,0.6200996344599473,0.2638513035184635,-0.35624833094148384,-0.8870446724085232,0.44375256536141466,,10000,Percentile donor bootstrap. Pooled-residual sensitivity conditions on the fitted nuisance adjustment; not a fully refitted adjusted CI.,,
scRNA_lProg1,primary,pooled_nuisance_residualized,TOLLIP,7,27,-0.32819308509563405,0.49357355560002036,0.8217666406956544,-0.39690688336460483,1.513047128452843,,10000,Percentile donor bootstrap. Pooled-residual sensitivity conditions on the fitted nuisance adjustment; not a fully refitted adjusted CI.,,
scRNA_lProg1,primary,pooled_nuisance_residualized,UVRAG,7,27,-0.16709129323035798,0.10600911938437174,0.2731004126147297,-0.7518138762563108,0.9778789546494776,,10000,Percentile donor bootstrap. Pooled-residual sensitivity conditions on the fitted nuisance adjustment; not a fully refitted adjusted CI.,,
scRNA_lProg1,primary,pooled_nuisance_residualized,WDR45,7,27,0.7242081784160433,-0.3032712048120846,-1.027479383228128,-1.4776016962093486,-0.3882837399426935,,10000,Percentile donor bootstrap. Pooled-residual sensitivity conditions on the fitted nuisance adjustment; not a fully refitted adjusted CI.,,
scRNA_lProg1,primary,pooled_nuisance_residualized,WIPI1,7,27,0.08273022143845646,0.6106092206480885,0.5278789992096321,-0.3985345093241531,1.4264524078397356,,10000,Percentile donor bootstrap. Pooled-residual sensitivity conditions on the fitted nuisance adjustment; not a fully refitted adjusted CI.,,
scRNA_lProg1,primary,pooled_nuisance_residualized,WIPI2,7,27,-0.13494749183865398,0.3373193823808844,0.4722668742195384,-0.4746051804973489,1.2757604524928123,,10000,Percentile donor bootstrap. Pooled-residual sensitivity conditions on the fitted nuisance adjustment; not a fully refitted adjusted CI.,,
scRNA_lProg1,primary,pooled_nuisance_residualized,ZFYVE21,7,27,0.5364413288062062,-0.20771353328434342,-0.7441548620905496,-1.2377910426318424,0.0156794263286442,,10000,Percentile donor bootstrap. Pooled-residual sensitivity conditions on the fitted nuisance adjustment; not a fully refitted adjusted CI.,,
scRNA_lProg2,primary,Pearson,ATG10,8,28,-0.05463127441280452,-0.09712686909067673,-0.042495594677872214,-0.8191110834297848,0.6867122280203345,0.9304651533891379,10000,Percentile donor bootstrap; small-control-cohort limitations apply.,0.9630106683221943,0.9974189108758099
scRNA_lProg2,primary,Pearson,ATG12,8,28,0.6623939974430164,-0.12383854880845746,-0.7862325462514739,-1.2107409554666084,0.602394021119417,0.05995895468582811,10000,Percentile donor bootstrap; small-control-cohort limitations apply.,0.8525681856477769,0.7473194278158707
scRNA_lProg2,primary,Pearson,ATG13,8,28,-0.48941585097723894,0.024016305464386434,0.5134321564416253,-0.28310086301661963,0.9663338250431046,0.25358184374282466,10000,Percentile donor bootstrap; small-control-cohort limitations apply.,0.8525681856477769,0.8970249515146085
scRNA_lProg2,primary,Pearson,ATG16L1,8,28,-0.4420786094642781,0.15040238598157923,0.5924809954458574,-0.4640435035033606,1.1886390570434369,0.20105235551726341,10000,Percentile donor bootstrap; small-control-cohort limitations apply.,0.8525681856477769,0.8970249515146085
scRNA_lProg2,primary,Pearson,ATG2A,8,28,0.4488024333022652,0.06672193247064703,-0.38208050083161815,-0.9112538308975524,0.6260086372416912,0.3953646090507681,10000,Percentile donor bootstrap; small-control-cohort limitations apply.,0.8525681856477769,0.9023729489886372
scRNA_lProg2,primary,Pearson,ATG2B,8,28,-0.48993887414414705,0.005064671621948522,0.49500354576609557,-0.11766046138326189,1.1472589351719622,0.26941849163766185,10000,Percentile donor bootstrap; small-control-cohort limitations apply.,0.8525681856477769,0.8970249515146085
scRNA_lProg2,primary,Pearson,ATG3,8,28,0.25553878454331574,0.37585926009453996,0.12032047555122422,-0.867518721611903,1.110788017123853,0.7846066815308705,10000,Percentile donor bootstrap; small-control-cohort limitations apply.,0.9371690918285398,0.9900907376036139
scRNA_lProg2,primary,Pearson,ATG4B,8,28,-0.17435895609042615,0.21313321396168,0.3874921700521061,-0.3600464320033386,0.995365630947176,0.4228930698634732,10000,Percentile donor bootstrap; small-control-cohort limitations apply.,0.8525681856477769,0.9023729489886372
scRNA_lProg2,primary,Pearson,ATG4C,8,28,-0.24709310511120083,0.2281669773207646,0.47526008243196544,-0.4681949615836151,1.0751832888884556,0.3226028588553318,10000,Percentile donor bootstrap; small-control-cohort limitations apply.,0.8525681856477769,0.8980566070837616
scRNA_lProg2,primary,Pearson,ATG5,8,28,-0.09067775825722627,0.2947261676553346,0.3854039259125609,-0.598755806628013,1.1226218078908103,0.4204736273001364,10000,Percentile donor bootstrap; small-control-cohort limitations apply.,0.8525681856477769,0.9023729489886372
scRNA_lProg2,primary,Pearson,ATG7,8,28,0.2865571771166428,0.5097177171864522,0.2231605400698094,-0.5463745199430908,1.512946507240538,0.5849920499012243,10000,Percentile donor bootstrap; small-control-cohort limitations apply.,0.8674020050259533,0.9436456631828799
scRNA_lProg2,primary,Pearson,ATG9B,8,28,-0.2332961938794638,-0.1816805457907008,0.05161564808876298,-0.9054869346796591,0.644293124872677,0.9123061831997761,10000,Percentile donor bootstrap; small-control-cohort limitations apply.,0.9630106683221943,0.9974189108758099
scRNA_lProg2,primary,Pearson,ATG101,8,28,-0.06590702610184114,0.4360981421757428,0.5020051682775839,-0.2721072017162336,1.319386119688434,0.27623826538643803,10000,Percentile donor bootstrap; small-control-cohort limitations apply.,0.8525681856477769,0.8970249515146085
scRNA_lProg2,primary,Pearson,BCL2,8,28,0.328059503216285,-0.12251225431030117,-0.4505717575265862,-1.1353785463369006,0.6317378812450455,0.3437952516485384,10000,Percentile donor bootstrap; small-control-cohort limitations apply.,0.8525681856477769,0.9023729489886372
scRNA_lProg2,primary,Pearson,BECN1,8,28,0.19187179028351267,0.19358558919639038,0.0017137989128777065,-0.873859599063293,1.0179145857686995,0.9971011062931824,10000,Percentile donor bootstrap; small-control-cohort limitations apply.,0.9971011062931824,0.9994981646403215
scRNA_lProg2,primary,Pearson,CALCOCO2,8,28,-0.4274656516368252,-0.09749252361556453,0.32997312802126066,-0.13606814544403775,0.8275395824961568,0.4636914058119084,10000,Percentile donor bootstrap; small-control-cohort limitations apply.,0.8525681856477769,0.9060280057488495
scRNA_lProg2,primary,Pearson,CLEC16A,8,28,-0.4928432634381242,0.16828489489948487,0.6611281583376091,0.18590868482774206,1.1404834141216897,0.14742437909147907,10000,Percentile donor bootstrap; small-control-cohort limitations apply.,0.8525681856477769,0.8970249515146085
scRNA_lProg2,primary,Pearson,CTNS,8,28,0.5461732438321432,0.646193818815124,0.10002057498298089,-0.8547005215080142,0.8259902103322151,0.7504276271853794,10000,Percentile donor bootstrap; small-control-cohort limitations apply.,0.9219539419706089,0.9805883562493368
scRNA_lProg2,primary,Pearson,EPG5,8,28,0.38087774614525577,0.027927791057555162,-0.3529499550877006,-1.111992068129514,0.891264015786821,0.4462444230105407,10000,Percentile donor bootstrap; small-control-cohort limitations apply.,0.8525681856477769,0.9060280057488495
scRNA_lProg2,primary,Pearson,GRN,8,28,0.4181534780565015,0.6610883386867841,0.24293486063028258,-0.6026165242671302,0.9854776300322985,0.4758520105941081,10000,Percentile donor bootstrap; small-control-cohort limitations apply.,0.8525681856477769,0.9060280057488495
scRNA_lProg2,primary,Pearson,GABARAP,8,28,0.567523049823468,-0.39720626477463683,-0.9647293145981048,-1.4598103814888228,0.2994703575652186,0.0298355622768423,10000,Percentile donor bootstrap; small-control-cohort limitations apply.,0.8525681856477769,0.6402214405239076
scRNA_lProg2,primary,Pearson,GABARAPL1,8,28,0.1065154671735372,0.18683370733435722,0.08031824016082002,-0.5454068633118296,1.0021183686168544,0.866855612029635,10000,Percentile donor bootstrap; small-control-cohort limitations apply.,0.9630106683221943,0.9922092915065475
scRNA_lProg2,primary,Pearson,GABARAPL2,8,28,-0.165316217040144,-0.1296182584295002,0.03569795861064379,-0.7765004535490897,0.8212613449244263,0.9406150713844688,10000,Percentile donor bootstrap; small-control-cohort limitations apply.,0.9630106683221943,0.9974189108758099
scRNA_lProg2,primary,Pearson,LAMP2,8,28,-0.4538630612676021,0.31691153650886494,0.7707745977764671,-0.004707424571304402,1.2942459085242932,0.09506671663217012,10000,Percentile donor bootstrap; small-control-cohort limitations apply.,0.8525681856477769,0.8026124436978297
scRNA_lProg2,primary,Pearson,MAP1LC3A,8,28,-0.31032501442542926,0.2739484590066934,0.5842734734321227,-0.19457800588910204,1.291102571559523,0.21911150867910012,10000,Percentile donor bootstrap; small-control-cohort limitations apply.,0.8525681856477769,0.8970249515146085
scRNA_lProg2,primary,Pearson,MAP1LC3B,8,28,-0.00899362760207622,0.4122185292652569,0.42121215686733315,-0.55469481072316,1.1339124384738049,0.3612446738705918,10000,Percentile donor bootstrap; small-control-cohort limitations apply.,0.8525681856477769,0.9023729489886372
scRNA_lProg2,primary,Pearson,NBR1,8,28,-0.5121988932864423,0.07490646589562228,0.5871053591820645,0.12699332694687282,1.093288680384041,0.19089637202769816,10000,Percentile donor bootstrap; small-control-cohort limitations apply.,0.8525681856477769,0.8970249515146085
scRNA_lProg2,primary,Pearson,OPTN,8,28,0.8022112927475534,0.8284997827525221,0.02628849000496869,-0.4615301622225627,0.18062417946334308,0.8726166667719769,10000,Percentile donor bootstrap; small-control-cohort limitations apply.,0.9630106683221943,0.9922092915065475
scRNA_lProg2,primary,Pearson,PRKN,8,28,-0.0807088645195306,-0.24791897223918136,-0.16721010771965075,-1.0266421038908367,0.4609101526560909,0.7250443197569388,10000,Percentile donor bootstrap; small-control-cohort limitations apply.,0.9219539419706089,0.9731315395023393
scRNA_lProg2,primary,Pearson,PIK3R4,8,28,-0.23084700615949913,0.2722585079075909,0.50310551406709,-0.36606356701356496,1.2387500962689937,0.29372500986872774,10000,Percentile donor bootstrap; small-control-cohort limitations apply.,0.8525681856477769,0.8970249515146085
scRNA_lProg2,primary,Pearson,PINK1,8,28,0.28221160645602933,0.0789057786463058,-0.20330582780972353,-0.9661963753287219,0.7723362432154502,0.6666653830284206,10000,Percentile donor bootstrap; small-control-cohort limitations apply.,0.9219539419706089,0.9709463841941999
scRNA_lProg2,primary,Pearson,RB1CC1,8,28,-0.10721425232518109,0.16483700052991554,0.2720512528550966,-0.596178150570989,0.9901825076403056,0.5759810141894002,10000,Percentile donor bootstrap; small-control-cohort limitations apply.,0.8674020050259533,0.9436456631828799
scRNA_lProg2,primary,Pearson,SNX14,8,28,-0.41961205394909296,-0.17223420403914375,0.2473778499099492,-0.602628197689469,0.7139939753449966,0.5769980506285688,10000,Percentile donor bootstrap; small-control-cohort limitations apply.,0.8674020050259533,0.9436456631828799
scRNA_lProg2,primary,Pearson,SNX30,8,28,-0.2777233663514826,0.32428211282486685,0.6020054791763494,-0.3461384394447867,1.3493322660289724,0.20447161642497724,10000,Percentile donor bootstrap; small-control-cohort limitations apply.,0.8525681856477769,0.8970249515146085
scRNA_lProg2,primary,Pearson,SNX4,8,28,0.23112950767016294,0.045603902496044076,-0.18552560517411887,-1.257880441968726,1.0594843393831166,0.698519984713735,10000,Percentile donor bootstrap; small-control-cohort limitations apply.,0.9219539419706089,0.9731315395023393
scRNA_lProg2,primary,Pearson,SQSTM1,8,28,0.03593486198756022,0.21375539089549403,0.17782052890793382,-0.5808539937298296,1.0509362008370737,0.7115487764680202,10000,Percentile donor bootstrap; small-control-cohort limitations apply.,0.9219539419706089,0.9731315395023393
scRNA_lProg2,primary,Pearson,SPG11,8,28,-0.014298839607696756,0.3015171537405288,0.3158159933482255,-0.7442461243584155,1.2070545672414974,0.5064353004915763,10000,Percentile donor bootstrap; small-control-cohort limitations apply.,0.8652700606288598,0.9151374728181115
scRNA_lProg2,primary,Pearson,TOLLIP,8,28,0.42008405444190433,0.47135901084530524,0.051274956403400906,-0.6914579568159308,0.748535295624975,0.8960249748061694,10000,Percentile donor bootstrap; small-control-cohort limitations apply.,0.9630106683221943,0.9930457970063027
scRNA_lProg2,primary,Pearson,UVRAG,8,28,-0.4722440164673424,0.042909845664432913,0.5151538621317753,-0.681489286219565,1.0640709507820327,0.25649802140637856,10000,Percentile donor bootstrap; small-control-cohort limitations apply.,0.8525681856477769,0.8970249515146085
scRNA_lProg2,primary,Pearson,WDR45,8,28,-0.03444877753486426,0.2713389276981089,0.30578770523297316,-0.48230567930884477,1.1983167329232884,0.5231865482872176,10000,Percentile donor bootstrap; small-control-cohort limitations apply.,0.8652700606288598,0.9259143380340792
scRNA_lProg2,primary,Pearson,WIPI1,8,28,0.09199617306973974,0.43740766329557346,0.34541149022583373,-0.4247440781750403,1.2682171255022998,0.44185443883182285,10000,Percentile donor bootstrap; small-control-cohort limitations apply.,0.8525681856477769,0.9060280057488495
scRNA_lProg2,primary,Pearson,WIPI2,8,28,-0.03367348259447358,0.13264708116170382,0.1663205637561774,-0.6236268695926475,0.960867232748869,0.7330046161290718,10000,Percentile donor bootstrap; small-control-cohort limitations apply.,0.9219539419706089,0.9731315395023393
scRNA_lProg2,primary,Pearson,ZFYVE21,8,28,-0.2820638857480244,0.36583460103551985,0.6478984867835442,-0.16082838518453288,1.2866267132102411,0.16918281431457105,10000,Percentile donor bootstrap; small-control-cohort limitations apply.,0.8525681856477769,0.8970249515146085
scRNA_lProg2,primary,Spearman,ATG10,8,28,-0.19047619047619047,-0.21401204159824852,-0.023535851122058055,-0.9534292465951423,0.7451784339200983,,10000,Percentile donor bootstrap; small-control-cohort limitations apply.,,
scRNA_lProg2,primary,Spearman,ATG12,8,28,0.21428571428571427,-0.25779967159277506,-0.47208538587848936,-1.2851176607188535,0.5910734569793602,,10000,Percentile donor bootstrap; small-control-cohort limitations apply.,,
scRNA_lProg2,primary,Spearman,ATG13,8,28,-0.38095238095238093,-0.0514504652435687,0.3295019157088122,-0.726048236979937,1.0493692884252988,,10000,Percentile donor bootstrap; small-control-cohort limitations apply.,,
scRNA_lProg2,primary,Spearman,ATG16L1,8,28,-0.35714285714285715,0.2386425834701697,0.5957854406130269,-0.6096861119928089,1.3364251819438462,,10000,Percentile donor bootstrap; small-control-cohort limitations apply.,,
scRNA_lProg2,primary,Spearman,ATG2A,8,28,0.4523809523809524,0.2506841817186645,-0.20169677066228786,-0.8172652803142294,0.6861178635914748,,10000,Percentile donor bootstrap; small-control-cohort limitations apply.,,
scRNA_lProg2,primary,Spearman,ATG2B,8,28,-0.7380952380952381,-0.08155446086480571,0.6565407772304325,-0.09454813124525159,1.158151011864751,,10000,Percentile donor bootstrap; small-control-cohort limitations apply.,,
scRNA_lProg2,primary,Spearman,ATG3,8,28,0.3333333333333333,0.044334975369458136,-0.2889983579638752,-1.0730874984850802,0.859536196058305,,10000,Percentile donor bootstrap; small-control-cohort limitations apply.,,
scRNA_lProg2,primary,Spearman,ATG4B,8,28,-0.047619047619047616,0.42145593869731807,0.4690749863163657,-0.32627407930102537,1.3119886097013667,,10000,Percentile donor bootstrap; small-control-cohort limitations apply.,,
scRNA_lProg2,primary,Spearman,ATG4C,8,28,-0.2619047619047619,-0.03776683087027915,0.22413793103448276,-0.820956314155394,1.0299823255736211,,10000,Percentile donor bootstrap; small-control-cohort limitations apply.,,
scRNA_lProg2,primary,Spearman,ATG5,8,28,-0.023809523809523808,0.09906951286261632,0.12287903667214013,-0.9062843867139283,1.0467028454859295,,10000,Percentile donor bootstrap; small-control-cohort limitations apply.,,
scRNA_lProg2,primary,Spearman,ATG7,8,28,0.38095238095238093,0.35194307608100717,-0.029009304871373764,-0.7802192292578665,1.064383703088395,,10000,Percentile donor bootstrap; small-control-cohort limitations apply.,,
scRNA_lProg2,primary,Spearman,ATG9B,8,28,-0.07142857142857142,-0.08817087850119264,-0.016742307072621213,-0.8763779185094426,0.7871835576437466,,10000,Percentile donor bootstrap; small-control-cohort limitations apply.,,
scRNA_lProg2,primary,Spearman,ATG101,8,28,-0.07142857142857142,0.5019157088122606,0.573344280240832,-0.4569840725377867,1.5057731761644038,,10000,Percentile donor bootstrap; small-control-cohort limitations apply.,,
scRNA_lProg2,primary,Spearman,BCL2,8,28,-0.047619047619047616,-0.033388067870826495,0.014230979748221122,-0.9934446433131526,0.9186425448864071,,10000,Percentile donor bootstrap; small-control-cohort limitations apply.,,
scRNA_lProg2,primary,Spearman,BECN1,8,28,-0.09523809523809523,-0.11001642036124797,-0.014778325123152733,-1.0437179730701927,0.9245857742892137,,10000,Percentile donor bootstrap; small-control-cohort limitations apply.,,
scRNA_lProg2,primary,Spearman,CALCOCO2,8,28,-0.7380952380952381,-0.17733990147783255,0.5607553366174056,-0.12050115617064172,1.059644115419776,,10000,Percentile donor bootstrap; small-control-cohort limitations apply.,,
scRNA_lProg2,primary,Spearman,CLEC16A,8,28,-0.5714285714285714,0.27750410509031204,0.8489326765188834,-0.09799893146618972,1.3815018063507487,,10000,Percentile donor bootstrap; small-control-cohort limitations apply.,,
scRNA_lProg2,primary,Spearman,CTNS,8,28,0.5,0.12807881773399016,-0.37192118226600984,-1.0179366297053938,0.6316198188311338,,10000,Percentile donor bootstrap; small-control-cohort limitations apply.,,
scRNA_lProg2,primary,Spearman,EPG5,8,28,0.23809523809523808,-0.18226600985221678,-0.4203612479474549,-1.2361019977132692,0.5931201163881306,,10000,Percentile donor bootstrap; small-control-cohort limitations apply.,,
scRNA_lProg2,primary,Spearman,GRN,8,28,0.11904761904761904,0.3415435139573071,0.22249589490968805,-0.7797507371626345,1.1955468392198352,,10000,Percentile donor bootstrap; small-control-cohort limitations apply.,,
scRNA_lProg2,primary,Spearman,GABARAP,8,28,0.23809523809523808,-0.47345374931581835,-0.7115489874110564,-1.5437607523166772,0.35707650658789514,,10000,Percentile donor bootstrap; small-control-cohort limitations apply.,,
scRNA_lProg2,primary,Spearman,GABARAPL1,8,28,-0.21428571428571427,0.17350848385331147,0.3877941981390257,-0.6307898787110272,1.1989477853754686,,10000,Percentile donor bootstrap; small-control-cohort limitations apply.,,
scRNA_lProg2,primary,Spearman,GABARAPL2,8,28,-0.38095238095238093,-0.25177887246852765,0.12917350848385328,-0.8871163666246747,0.9350299074985522,,10000,Percentile donor bootstrap; small-control-cohort limitations apply.,,
scRNA_lProg2,primary,Spearman,LAMP2,8,28,-0.40476190476190477,0.30377668308702793,0.7085385878489328,-0.2980943156323122,1.4521026726585287,,10000,Percentile donor bootstrap; small-control-cohort limitations apply.,,
scRNA_lProg2,primary,Spearman,MAP1LC3A,8,28,-0.35714285714285715,0.2818828680897647,0.6390257252326219,-0.31788702230217164,1.4593416566931419,,10000,Percentile donor bootstrap; small-control-cohort limitations apply.,,
scRNA_lProg2,primary,Spearman,MAP1LC3B,8,28,0.11904761904761904,0.22276956759715383,0.10372194854953479,-0.9220324149292735,1.0967788574687254,,10000,Percentile donor bootstrap; small-control-cohort limitations apply.,,
scRNA_lProg2,primary,Spearman,NBR1,8,28,-0.6904761904761905,-0.02353585112205802,0.6669403393541324,-0.14765135854687259,1.1821175123508652,,10000,Percentile donor bootstrap; small-control-cohort limitations apply.,,
scRNA_lProg2,primary,Spearman,OPTN,8,28,0.9523809523809523,0.5922276956759717,-0.36015325670498066,-0.7033696369742233,0.018441171503113106,,10000,Percentile donor bootstrap; small-control-cohort limitations apply.,,
scRNA_lProg2,primary,Spearman,PRKN,8,28,0.21428571428571427,-0.3579638752052546,-0.5722495894909688,-1.3751116949826945,0.493958318509349,,10000,Percentile donor bootstrap; small-control-cohort limitations apply.,,
scRNA_lProg2,primary,Spearman,PIK3R4,8,28,-0.19047619047619047,0.0032840722495894913,0.19376026272577995,-0.7860038157070174,1.0292376672074386,,10000,Percentile donor bootstrap; small-control-cohort limitations apply.,,
scRNA_lProg2,primary,Spearman,PINK1,8,28,0.21428571428571427,-0.1663929939792009,-0.3806787082649152,-1.138397829785385,0.629800526313521,,10000,Percentile donor bootstrap; small-control-cohort limitations apply.,,
scRNA_lProg2,primary,Spearman,RB1CC1,8,28,-0.047619047619047616,-0.09085933223864259,-0.043240284619594976,-0.9088828037757191,0.8380476600461872,,10000,Percentile donor bootstrap; small-control-cohort limitations apply.,,
scRNA_lProg2,primary,Spearman,SNX14,8,28,-0.6190476190476191,-0.28571428571428575,0.3333333333333333,-0.5775231340837325,0.9418724406637474,,10000,Percentile donor bootstrap; small-control-cohort limitations apply.,,
scRNA_lProg2,primary,Spearman,SNX30,8,28,-0.5952380952380952,-0.03448275862068966,0.5607553366174056,-0.3416809603957201,1.1457990751005533,,10000,Percentile donor bootstrap; small-control-cohort limitations apply.,,
scRNA_lProg2,primary,Spearman,SNX4,8,28,0.09523809523809523,-0.19376026272577998,-0.2889983579638752,-1.2315047780589297,0.7776760757436911,,10000,Percentile donor bootstrap; small-control-cohort limitations apply.,,
scRNA_lProg2,primary,Spearman,SQSTM1,8,28,-0.19047619047619047,0.14723590585659552,0.337712096332786,-0.6966355197504193,1.1727444366331823,,10000,Percentile donor bootstrap; small-control-cohort limitations apply.,,
scRNA_lProg2,primary,Spearman,SPG11,8,28,-0.30952380952380953,-0.03831417624521073,0.2712096332785988,-0.8123357473148046,1.0843024827668999,,10000,Percentile donor bootstrap; small-control-cohort limitations apply.,,
scRNA_lProg2,primary,Spearman,TOLLIP,8,28,0.5476190476190477,0.22112753147235908,-0.3264915161466886,-0.9657873465876488,0.5324834782359374,,10000,Percentile donor bootstrap; small-control-cohort limitations apply.,,
scRNA_lProg2,primary,Spearman,UVRAG,8,28,-0.23809523809523808,-0.07443897099069514,0.16365626710454295,-0.9127909882232755,1.0405990017919773,,10000,Percentile donor bootstrap; small-control-cohort limitations apply.,,
scRNA_lProg2,primary,Spearman,WDR45,8,28,-0.23809523809523808,0.09578544061302684,0.33388067870826493,-0.7376246027567496,1.167228516775488,,10000,Percentile donor bootstrap; small-control-cohort limitations apply.,,
scRNA_lProg2,primary,Spearman,WIPI1,8,28,0.38095238095238093,0.5292829775588397,0.14833059660645875,-0.5459159411424492,1.0489300712949126,,10000,Percentile donor bootstrap; small-control-cohort limitations apply.,,
scRNA_lProg2,primary,Spearman,WIPI2,8,28,-0.023809523809523808,-0.02353585112205802,0.00027367268746578827,-0.889239604264078,0.8661849688290604,,10000,Percentile donor bootstrap; small-control-cohort limitations apply.,,
scRNA_lProg2,primary,Spearman,ZFYVE21,8,28,-0.2619047619047619,0.2900930487137384,0.5519978106185004,-0.5086287222779723,1.3094602717058683,,10000,Percentile donor bootstrap; small-control-cohort limitations apply.,,
scRNA_lProg2,primary,pooled_nuisance_residualized,ATG10,8,28,-0.26098007285328056,-0.3829221457529216,-0.12194207289964104,-1.0770803627326244,0.4922512435697491,,10000,Percentile donor bootstrap. Pooled-residual sensitivity conditions on the fitted nuisance adjustment; not a fully refitted adjusted CI.,,
scRNA_lProg2,primary,pooled_nuisance_residualized,ATG12,8,28,0.32338699604610965,-0.08177473991715768,-0.4051617359632673,-1.0771516741702247,0.6707077362340624,,10000,Percentile donor bootstrap. Pooled-residual sensitivity conditions on the fitted nuisance adjustment; not a fully refitted adjusted CI.,,
scRNA_lProg2,primary,pooled_nuisance_residualized,ATG13,8,28,0.4686905044056158,-0.11414904116158439,-0.5828395455672002,-1.083700625297102,0.23266124474456346,,10000,Percentile donor bootstrap. Pooled-residual sensitivity conditions on the fitted nuisance adjustment; not a fully refitted adjusted CI.,,
scRNA_lProg2,primary,pooled_nuisance_residualized,ATG16L1,8,28,0.3368544322257305,0.00485135754218577,-0.33200307468354473,-1.0037682828960612,0.5591939602921029,,10000,Percentile donor bootstrap. Pooled-residual sensitivity conditions on the fitted nuisance adjustment; not a fully refitted adjusted CI.,,
scRNA_lProg2,primary,pooled_nuisance_residualized,ATG2A,8,28,-0.011632980932974437,0.05132776074809365,0.06296074168106809,-0.9345184227259947,1.1180931354379586,,10000,Percentile donor bootstrap. Pooled-residual sensitivity conditions on the fitted nuisance adjustment; not a fully refitted adjusted CI.,,
scRNA_lProg2,primary,pooled_nuisance_residualized,ATG2B,8,28,-0.19064765306522083,-0.13570107202939286,0.054946581035827974,-0.781565754645082,0.6685931837117596,,10000,Percentile donor bootstrap. Pooled-residual sensitivity conditions on the fitted nuisance adjustment; not a fully refitted adjusted CI.,,
scRNA_lProg2,primary,pooled_nuisance_residualized,ATG3,8,28,-0.34171462072024683,0.3475808010489491,0.689295421769196,-0.28696267807224257,1.335026101678889,,10000,Percentile donor bootstrap. Pooled-residual sensitivity conditions on the fitted nuisance adjustment; not a fully refitted adjusted CI.,,
scRNA_lProg2,primary,pooled_nuisance_residualized,ATG4B,8,28,0.2051308905511042,0.23393040099376886,0.028799510442664655,-0.6079916006734425,1.1797544422880315,,10000,Percentile donor bootstrap. Pooled-residual sensitivity conditions on the fitted nuisance adjustment; not a fully refitted adjusted CI.,,
scRNA_lProg2,primary,pooled_nuisance_residualized,ATG4C,8,28,0.13721691047026544,0.2906213816921847,0.15340447122191928,-0.63282123453443,0.8967886969861342,,10000,Percentile donor bootstrap. Pooled-residual sensitivity conditions on the fitted nuisance adjustment; not a fully refitted adjusted CI.,,
scRNA_lProg2,primary,pooled_nuisance_residualized,ATG5,8,28,0.318508986414944,0.2704723624827515,-0.04803662393219249,-0.9139806108747099,0.9682906737970707,,10000,Percentile donor bootstrap. Pooled-residual sensitivity conditions on the fitted nuisance adjustment; not a fully refitted adjusted CI.,,
scRNA_lProg2,primary,pooled_nuisance_residualized,ATG7,8,28,-0.05994868084608612,0.39757500110675287,0.457523681952839,-0.41292121218615646,1.2762895362696371,,10000,Percentile donor bootstrap. Pooled-residual sensitivity conditions on the fitted nuisance adjustment; not a fully refitted adjusted CI.,,
scRNA_lProg2,primary,pooled_nuisance_residualized,ATG9B,8,28,-0.35295043039979834,-0.06103200605379062,0.29191842434600773,-0.5857050326552893,0.8333183934878047,,10000,Percentile donor bootstrap. Pooled-residual sensitivity conditions on the fitted nuisance adjustment; not a fully refitted adjusted CI.,,
scRNA_lProg2,primary,pooled_nuisance_residualized,ATG101,8,28,0.2883371006672119,0.41536798499279565,0.12703088432558374,-0.47595405137255714,0.7039877090714934,,10000,Percentile donor bootstrap. Pooled-residual sensitivity conditions on the fitted nuisance adjustment; not a fully refitted adjusted CI.,,
scRNA_lProg2,primary,pooled_nuisance_residualized,BCL2,8,28,-0.5196824918904681,0.036546801569294005,0.5562292934597621,-0.3275811335248855,1.0365159355524027,,10000,Percentile donor bootstrap. Pooled-residual sensitivity conditions on the fitted nuisance adjustment; not a fully refitted adjusted CI.,,
scRNA_lProg2,primary,pooled_nuisance_residualized,BECN1,8,28,-0.10698647631682574,-0.07229562766127613,0.03469084865554961,-0.8340864517943636,0.8986971927164381,,10000,Percentile donor bootstrap. Pooled-residual sensitivity conditions on the fitted nuisance adjustment; not a fully refitted adjusted CI.,,
scRNA_lProg2,primary,pooled_nuisance_residualized,CALCOCO2,8,28,-0.13777312273292425,-0.24840010623391243,-0.11062698350098818,-1.0834516865986894,0.6262964233397575,,10000,Percentile donor bootstrap. Pooled-residual sensitivity conditions on the fitted nuisance adjustment; not a fully refitted adjusted CI.,,
scRNA_lProg2,primary,pooled_nuisance_residualized,CLEC16A,8,28,-0.5827175434434947,0.254406032432933,0.8371235758764277,0.2502389825797057,1.2864104146782276,,10000,Percentile donor bootstrap. Pooled-residual sensitivity conditions on the fitted nuisance adjustment; not a fully refitted adjusted CI.,,
scRNA_lProg2,primary,pooled_nuisance_residualized,CTNS,8,28,0.7450642024089404,0.6254844513227412,-0.11957975108619923,-0.8632543560692207,0.19568676219984854,,10000,Percentile donor bootstrap. Pooled-residual sensitivity conditions on the fitted nuisance adjustment; not a fully refitted adjusted CI.,,
scRNA_lProg2,primary,pooled_nuisance_residualized,EPG5,8,28,0.12636272356303396,-0.14839188240102522,-0.2747546059640592,-0.9601564376367174,0.3505433481186929,,10000,Percentile donor bootstrap. Pooled-residual sensitivity conditions on the fitted nuisance adjustment; not a fully refitted adjusted CI.,,
scRNA_lProg2,primary,pooled_nuisance_residualized,GRN,8,28,0.7394093015598813,0.5722549201137217,-0.16715438144615957,-0.7724847151418898,0.20655714117093257,,10000,Percentile donor bootstrap. Pooled-residual sensitivity conditions on the fitted nuisance adjustment; not a fully refitted adjusted CI.,,
scRNA_lProg2,primary,pooled_nuisance_residualized,GABARAP,8,28,-0.483237089655213,-0.3787236687825141,0.10451342087269888,-0.6423141378539278,0.5113152580773179,,10000,Percentile donor bootstrap. Pooled-residual sensitivity conditions on the fitted nuisance adjustment; not a fully refitted adjusted CI.,,
scRNA_lProg2,primary,pooled_nuisance_residualized,GABARAPL1,8,28,0.1426970362781379,0.07344608190887562,-0.06925095436926228,-0.8258157362213053,0.8741962857999191,,10000,Percentile donor bootstrap. Pooled-residual sensitivity conditions on the fitted nuisance adjustment; not a fully refitted adjusted CI.,,
scRNA_lProg2,primary,pooled_nuisance_residualized,GABARAPL2,8,28,-0.06946368049461753,-0.4059727698133545,-0.33650908931873696,-1.026702730993532,0.35443328090863696,,10000,Percentile donor bootstrap. Pooled-residual sensitivity conditions on the fitted nuisance adjustment; not a fully refitted adjusted CI.,,
scRNA_lProg2,primary,pooled_nuisance_residualized,LAMP2,8,28,0.42780410009673725,0.2743580029725015,-0.15344609712423574,-0.7267300375432645,0.740402412657132,,10000,Percentile donor bootstrap. Pooled-residual sensitivity conditions on the fitted nuisance adjustment; not a fully refitted adjusted CI.,,
scRNA_lProg2,primary,pooled_nuisance_residualized,MAP1LC3A,8,28,-0.23988706803626417,0.18976067014298476,0.42964773817924895,-0.6195990999935217,1.0619141620651404,,10000,Percentile donor bootstrap. Pooled-residual sensitivity conditions on the fitted nuisance adjustment; not a fully refitted adjusted CI.,,
scRNA_lProg2,primary,pooled_nuisance_residualized,MAP1LC3B,8,28,0.35108016760766875,0.3802814799124727,0.02920131230480394,-0.7149166850764043,0.619425320609063,,10000,Percentile donor bootstrap. Pooled-residual sensitivity conditions on the fitted nuisance adjustment; not a fully refitted adjusted CI.,,
scRNA_lProg2,primary,pooled_nuisance_residualized,NBR1,8,28,-0.0343355352617504,-0.10470867066424189,-0.07037313540249149,-0.8967151220276208,0.6095881234753193,,10000,Percentile donor bootstrap. Pooled-residual sensitivity conditions on the fitted nuisance adjustment; not a fully refitted adjusted CI.,,
scRNA_lProg2,primary,pooled_nuisance_residualized,OPTN,8,28,0.5892383290455402,0.8361934786805535,0.2469551496350133,-0.1712688028052772,0.8500458360332366,,10000,Percentile donor bootstrap. Pooled-residual sensitivity conditions on the fitted nuisance adjustment; not a fully refitted adjusted CI.,,
scRNA_lProg2,primary,pooled_nuisance_residualized,PRKN,8,28,-0.38635133145212325,-0.18225854953067808,0.20409278192144517,-0.40628220562131573,0.729103952392865,,10000,Percentile donor bootstrap. Pooled-residual sensitivity conditions on the fitted nuisance adjustment; not a fully refitted adjusted CI.,,
scRNA_lProg2,primary,pooled_nuisance_residualized,PIK3R4,8,28,-0.08246075671880157,0.04742230606470957,0.12988306278351114,-0.7664543870841916,0.9245785960320512,,10000,Percentile donor bootstrap. Pooled-residual sensitivity conditions on the fitted nuisance adjustment; not a fully refitted adjusted CI.,,
scRNA_lProg2,primary,pooled_nuisance_residualized,PINK1,8,28,-0.4623211676803975,-0.10931789857012104,0.35300326911027646,-0.8250949172065366,0.8258932270107527,,10000,Percentile donor bootstrap. Pooled-residual sensitivity conditions on the fitted nuisance adjustment; not a fully refitted adjusted CI.,,
scRNA_lProg2,primary,pooled_nuisance_residualized,RB1CC1,8,28,-0.13107372060486125,0.0725931015654958,0.20366682217035703,-0.7091735975387913,1.0104386489284463,,10000,Percentile donor bootstrap. Pooled-residual sensitivity conditions on the fitted nuisance adjustment; not a fully refitted adjusted CI.,,
scRNA_lProg2,primary,pooled_nuisance_residualized,SNX14,8,28,-0.1626854444748058,-0.33181452731075334,-0.16912908283594755,-0.9242906081503005,0.6232959546975424,,10000,Percentile donor bootstrap. Pooled-residual sensitivity conditions on the fitted nuisance adjustment; not a fully refitted adjusted CI.,,
scRNA_lProg2,primary,pooled_nuisance_residualized,SNX30,8,28,-0.0001225917216595834,0.1583938901356514,0.15851648185731096,-0.7000124292546556,0.9062545651686185,,10000,Percentile donor bootstrap. Pooled-residual sensitivity conditions on the fitted nuisance adjustment; not a fully refitted adjusted CI.,,
scRNA_lProg2,primary,pooled_nuisance_residualized,SNX4,8,28,-0.30860548856592507,-0.10476150085691997,0.20384398770900508,-0.9892721248790323,0.7801303445930359,,10000,Percentile donor bootstrap. Pooled-residual sensitivity conditions on the fitted nuisance adjustment; not a fully refitted adjusted CI.,,
scRNA_lProg2,primary,pooled_nuisance_residualized,SQSTM1,8,28,0.35850389303606023,0.10190950204055695,-0.2565943909955033,-0.877320203317084,0.6125894672184932,,10000,Percentile donor bootstrap. Pooled-residual sensitivity conditions on the fitted nuisance adjustment; not a fully refitted adjusted CI.,,
scRNA_lProg2,primary,pooled_nuisance_residualized,SPG11,8,28,0.32560772378868885,0.1692020034558595,-0.15640572033282935,-0.9880389961365202,0.7294151457968879,,10000,Percentile donor bootstrap. Pooled-residual sensitivity conditions on the fitted nuisance adjustment; not a fully refitted adjusted CI.,,
scRNA_lProg2,primary,pooled_nuisance_residualized,TOLLIP,8,28,0.36689684000896133,0.3651640308621691,-0.0017328091467922468,-0.6330129427549894,0.647509359073383,,10000,Percentile donor bootstrap. Pooled-residual sensitivity conditions on the fitted nuisance adjustment; not a fully refitted adjusted CI.,,
scRNA_lProg2,primary,pooled_nuisance_residualized,UVRAG,8,28,-0.23878718344351157,-0.04733422686922564,0.19145295657428593,-0.7177688032073434,0.9132899909382339,,10000,Percentile donor bootstrap. Pooled-residual sensitivity conditions on the fitted nuisance adjustment; not a fully refitted adjusted CI.,,
scRNA_lProg2,primary,pooled_nuisance_residualized,WDR45,8,28,0.05354919252353099,0.07575465328375515,0.022205460760224158,-0.6908899537513148,0.8436599167788945,,10000,Percentile donor bootstrap. Pooled-residual sensitivity conditions on the fitted nuisance adjustment; not a fully refitted adjusted CI.,,
scRNA_lProg2,primary,pooled_nuisance_residualized,WIPI1,8,28,0.2733782135027547,0.5474402632508603,0.27406204974810555,-0.29265769832936556,1.0283202517479306,,10000,Percentile donor bootstrap. Pooled-residual sensitivity conditions on the fitted nuisance adjustment; not a fully refitted adjusted CI.,,
scRNA_lProg2,primary,pooled_nuisance_residualized,WIPI2,8,28,-0.5902121996616372,-0.11013654724545792,0.4800756524161793,-0.40625446665762677,0.8729757356148901,,10000,Percentile donor bootstrap. Pooled-residual sensitivity conditions on the fitted nuisance adjustment; not a fully refitted adjusted CI.,,
scRNA_lProg2,primary,pooled_nuisance_residualized,ZFYVE21,8,28,0.04584784387751105,0.2814223234336437,0.23557447955613264,-0.45457857957750436,1.102215161984286,,10000,Percentile donor bootstrap. Pooled-residual sensitivity conditions on the fitted nuisance adjustment; not a fully refitted adjusted CI.,,
bulk_day65,all_donors_batch_adjustment,Pearson,ATG10,8,32,0.4964105939401133,-0.5134739707109357,-1.009884564651049,-1.4943883281509684,-0.006064806090973678,0.02165626426433629,10000,Percentile donor bootstrap; small-control-cohort limitations apply.,0.46560968168323025,
bulk_day65,all_donors_batch_adjustment,Pearson,ATG12,8,32,-0.09131719578083795,0.5041244056682821,0.5954416014491201,-0.3480360094877948,1.4921432353150081,0.18191675803932061,10000,Percentile donor bootstrap; small-control-cohort limitations apply.,0.7643815718583747,
bulk_day65,all_donors_batch_adjustment,Pearson,ATG13,8,32,-0.823609484548991,-0.6399143754508408,0.18369510909815012,-0.5931467632633172,0.4721777580565185,0.39727000644868415,10000,Percentile donor bootstrap; small-control-cohort limitations apply.,0.7643815718583747,
bulk_day65,all_donors_batch_adjustment,Pearson,ATG16L1,8,32,0.39708219725295846,0.4983057539172818,0.10122355666432337,-0.600971565649847,1.190212211606714,0.7933211662759632,10000,Percentile donor bootstrap; small-control-cohort limitations apply.,0.8169090444292576,
bulk_day65,all_donors_batch_adjustment,Pearson,ATG2A,8,32,-0.7178264200418509,-0.5307904473378713,0.18703597270397965,-0.32792652476592576,0.5382486377315405,0.5195024778517944,10000,Percentile donor bootstrap; small-control-cohort limitations apply.,0.7643815718583747,
bulk_day65,all_donors_batch_adjustment,Pearson,ATG2B,8,32,0.4441586569965324,-0.07160579080987621,-0.5157644478064086,-1.1549639860770777,0.8246369112124508,0.2567888175012887,10000,Percentile donor bootstrap; small-control-cohort limitations apply.,0.7643815718583747,
bulk_day65,all_donors_batch_adjustment,Pearson,ATG3,8,32,-0.25949413637701507,0.09219504134921176,0.3516891777262268,-0.6796400369917242,1.2660954411530547,0.4596882414849546,10000,Percentile donor bootstrap; small-control-cohort limitations apply.,0.7643815718583747,
bulk_day65,all_donors_batch_adjustment,Pearson,ATG4B,8,32,-0.007149018230052683,0.47071559433896865,0.47786461256902135,-0.3814747043977363,1.1652278275905787,0.2846120861472773,10000,Percentile donor bootstrap; small-control-cohort limitations apply.,0.7643815718583747,
bulk_day65,all_donors_batch_adjustment,Pearson,ATG4C,8,32,-0.5778950727914094,0.10319657557599198,0.6810916483674013,-0.26891069969374704,1.33373983882807,0.11516450161276645,10000,Percentile donor bootstrap; small-control-cohort limitations apply.,0.7643815718583747,
bulk_day65,all_donors_batch_adjustment,Pearson,ATG5,8,32,-0.35260926496850986,-0.035095563056785004,0.31751370191172484,-0.9496014514957092,1.074256660203972,0.4912482782615041,10000,Percentile donor bootstrap; small-control-cohort limitations apply.,0.7643815718583747,
bulk_day65,all_donors_batch_adjustment,Pearson,ATG7,8,32,-0.6762847788404542,-0.8129880620577431,-0.13670328321728886,-1.0606951173681807,0.17111912766042137,0.517305130830507,10000,Percentile donor bootstrap; small-control-cohort limitations apply.,0.7643815718583747,
bulk_day65,all_donors_batch_adjustment,Pearson,ATG9B,8,32,0.25935940779361333,0.70216322654509,0.4428038187514767,-0.3244647115216297,1.3674998977600703,0.21066612754637426,10000,Percentile donor bootstrap; small-control-cohort limitations apply.,0.7643815718583747,
bulk_day65,all_donors_batch_adjustment,Pearson,ATG101,8,32,0.07272235245526726,-0.07369671566981659,-0.14641906812508385,-0.9443391121786421,1.0208826744294899,0.761955064898676,10000,Percentile donor bootstrap; small-control-cohort limitations apply.,0.8169090444292576,
bulk_day65,all_donors_batch_adjustment,Pearson,BCL2,8,32,-0.4650905338131247,-0.19236158652823815,0.27272894728488656,-0.6937827712657256,0.8717951702505179,0.5233962014024731,10000,Percentile donor bootstrap; small-control-cohort limitations apply.,0.7643815718583747,
bulk_day65,all_donors_batch_adjustment,Pearson,BECN1,8,32,-0.49962374051114117,-0.6052402297878962,-0.10561648927675499,-1.1232477375266818,0.5388163506620895,0.7527031922392251,10000,Percentile donor bootstrap; small-control-cohort limitations apply.,0.8169090444292576,
bulk_day65,all_donors_batch_adjustment,Pearson,CALCOCO2,8,32,-0.8974657064963205,-0.691687925229358,0.20577778126696256,0.014029582261502051,0.41611573030993576,0.20937393580993846,10000,Percentile donor bootstrap; small-control-cohort limitations apply.,0.7643815718583747,
bulk_day65,all_donors_batch_adjustment,Pearson,CLEC16A,8,32,0.43334538729480526,0.5968589670556403,0.16351357976083508,-0.483188682296454,1.2018852585466415,0.6432977173221341,10000,Percentile donor bootstrap; small-control-cohort limitations apply.,0.7903371955671934,
bulk_day65,all_donors_batch_adjustment,Pearson,CTNS,8,32,-0.34193606521520176,-0.44873981595662843,-0.10680375074142667,-1.1056385792809293,0.6047249776422369,0.793371466417665,10000,Percentile donor bootstrap; small-control-cohort limitations apply.,0.8169090444292576,
bulk_day65,all_donors_batch_adjustment,Pearson,EPG5,8,32,0.4494545488686105,-0.013600155461236961,-0.46305470432984747,-1.124552491670525,0.8199957356830544,0.3041200753092188,10000,Percentile donor bootstrap; small-control-cohort limitations apply.,0.7643815718583747,
bulk_day65,all_donors_batch_adjustment,Pearson,GRN,8,32,-0.8303751268990613,-0.7341541223256375,0.09622100457342386,-0.49051609834004545,0.37389318717812736,0.6032615198918626,10000,Percentile donor bootstrap; small-control-cohort limitations apply.,0.7782505153381255,
bulk_day65,all_donors_batch_adjustment,Pearson,GABARAP,8,32,-0.2961662708863441,-0.5944979710574583,-0.29833170017111416,-1.2126301337364656,0.5235268513994628,0.43347337750350234,10000,Percentile donor bootstrap; small-control-cohort limitations apply.,0.7643815718583747,
bulk_day65,all_donors_batch_adjustment,Pearson,GABARAPL1,8,32,-0.7134890760849698,0.7417846314931013,1.455273707578071,0.6426371604821075,1.7501605033071428,0.0001346677546333673,10000,Percentile donor bootstrap; small-control-cohort limitations apply.,0.005790713449234795,
bulk_day65,all_donors_batch_adjustment,Pearson,GABARAPL2,8,32,-0.37832823562274426,-0.09613511611748478,0.2821931195052595,-0.9830341822651234,1.0443312934736524,0.533289468738401,10000,Percentile donor bootstrap; small-control-cohort limitations apply.,0.7643815718583747,
bulk_day65,all_donors_batch_adjustment,Pearson,LAMP2,8,32,-0.8212478023779757,-0.6203367860075027,0.20091101637047293,-0.013038630894175438,0.47440733542140673,0.36891733808572846,10000,Percentile donor bootstrap; small-control-cohort limitations apply.,0.7643815718583747,
bulk_day65,all_donors_batch_adjustment,Pearson,MAP1LC3A,8,32,0.2042765956725965,0.39211203633958713,0.18783544066699062,-0.6678228689995568,1.3937707830764627,0.6688769863812056,10000,Percentile donor bootstrap; small-control-cohort limitations apply.,0.7989364003997734,
bulk_day65,all_donors_batch_adjustment,Pearson,MAP1LC3B,8,32,-0.02424958152732866,0.5009915744489233,0.525241155976252,-0.491519023197045,1.4437642307118135,0.23514823973327392,10000,Percentile donor bootstrap; small-control-cohort limitations apply.,0.7643815718583747,
bulk_day65,all_donors_batch_adjustment,Pearson,NBR1,8,32,-0.9373042228105223,-0.6629301689508749,0.2743740538596474,0.06873864805765527,0.49958176941163024,0.0581656753642158,10000,Percentile donor bootstrap; small-control-cohort limitations apply.,0.7643815718583747,
bulk_day65,all_donors_batch_adjustment,Pearson,OPTN,8,32,0.7764637398698674,0.8211675970264456,0.04470385715657821,-0.1932573035514748,0.49604374580154686,0.7979111596750887,10000,Percentile donor bootstrap; small-control-cohort limitations apply.,0.8169090444292576,
bulk_day65,all_donors_batch_adjustment,Pearson,PRKN,8,32,-0.030869499763773046,0.5770839364568344,0.6079534362206075,-0.22587167195049637,1.4306102998888572,0.1547998690966518,10000,Percentile donor bootstrap; small-control-cohort limitations apply.,0.7643815718583747,
bulk_day65,all_donors_batch_adjustment,Pearson,PIK3R4,8,32,-0.7204340326943568,-0.27347702507531446,0.44695700761904233,0.06897539189641179,0.8928800301805118,0.19471862001652795,10000,Percentile donor bootstrap; small-control-cohort limitations apply.,0.7643815718583747,
bulk_day65,all_donors_batch_adjustment,Pearson,PINK1,8,32,-0.13169593665660717,0.30207869153092193,0.4337746281875291,-0.604259980896964,1.3819530293014517,0.3588959404953431,10000,Percentile donor bootstrap; small-control-cohort limitations apply.,0.7643815718583747,
bulk_day65,all_donors_batch_adjustment,Pearson,RB1CC1,8,32,0.568735570774352,0.8425544672317984,0.2738188964574464,-0.17641271342315742,1.2678090218513174,0.22759781797715428,10000,Percentile donor bootstrap; small-control-cohort limitations apply.,0.7643815718583747,
bulk_day65,all_donors_batch_adjustment,Pearson,SNX14,8,32,0.35785252332374234,0.2410554305722928,-0.11679709275144953,-0.8228185031281242,0.8061486173979833,0.7906842416467592,10000,Percentile donor bootstrap; small-control-cohort limitations apply.,0.8169090444292576,
bulk_day65,all_donors_batch_adjustment,Pearson,SNX30,8,32,0.6489220832529204,0.4612618367301313,-0.18766024652278912,-0.7325153959649353,0.2991098556814109,0.5707693486299779,10000,Percentile donor bootstrap; small-control-cohort limitations apply.,0.7720722150412553,
bulk_day65,all_donors_batch_adjustment,Pearson,SNX4,8,32,-0.348944863888705,-0.03399542239774008,0.31494944149096493,-0.9678604448288279,0.98903653204351,0.49525778810578336,10000,Percentile donor bootstrap; small-control-cohort limitations apply.,0.7643815718583747,
bulk_day65,all_donors_batch_adjustment,Pearson,SQSTM1,8,32,-0.3687677627972932,-0.6535654438577408,-0.28479768106044767,-1.160974867304575,0.30728688991802033,0.41524899050302766,10000,Percentile donor bootstrap; small-control-cohort limitations apply.,0.7643815718583747,
bulk_day65,all_donors_batch_adjustment,Pearson,SPG11,8,32,-0.06760885966880306,-0.5567664371059982,-0.4891575774371951,-1.2683639506745208,0.29746117066552086,0.24713441906700584,10000,Percentile donor bootstrap; small-control-cohort limitations apply.,0.7643815718583747,
bulk_day65,all_donors_batch_adjustment,Pearson,TOLLIP,8,32,-0.11056965928760697,-0.08503883531697222,0.025530823970634747,-1.0205757551578054,0.9540463303325645,0.9575435781765701,10000,Percentile donor bootstrap; small-control-cohort limitations apply.,0.9575435781765701,
bulk_day65,all_donors_batch_adjustment,Pearson,UVRAG,8,32,0.39304718382109743,0.596192601495248,0.20314541767415056,-0.37026887100976075,0.7658958223707861,0.5745653693330273,10000,Percentile donor bootstrap; small-control-cohort limitations apply.,0.7720722150412553,
bulk_day65,all_donors_batch_adjustment,Pearson,WDR45,8,32,-0.07552208806880749,-0.4194015214729331,-0.3438794334041256,-1.2236887791507745,0.5953702462326564,0.44321439090852965,10000,Percentile donor bootstrap; small-control-cohort limitations apply.,0.7643815718583747,
bulk_day65,all_donors_batch_adjustment,Pearson,WIPI1,8,32,-0.5323967299484863,-0.22600119330169197,0.3063955366467943,-0.627967735763905,0.9400907287179845,0.4528356638734039,10000,Percentile donor bootstrap; small-control-cohort limitations apply.,0.7643815718583747,
bulk_day65,all_donors_batch_adjustment,Pearson,WIPI2,8,32,-0.7432300651109861,-0.32034896816532404,0.42288109694566206,-0.7157047733673583,0.8145325578157357,0.19636375956897834,10000,Percentile donor bootstrap; small-control-cohort limitations apply.,0.7643815718583747,
bulk_day65,all_donors_batch_adjustment,Pearson,ZFYVE21,8,32,-0.5782061264225598,-0.3939499034981019,0.18425622292445787,-1.0254472351471744,0.8182562795701709,0.6153608725929365,10000,Percentile donor bootstrap; small-control-cohort limitations apply.,0.7782505153381255,
bulk_day65,all_donors_batch_adjustment,Spearman,ATG10,8,32,0.5714285714285714,-0.5080645161290321,-1.0794930875576036,-1.6173479351226672,-0.11453865037887183,,10000,Percentile donor bootstrap; small-control-cohort limitations apply.,,
bulk_day65,all_donors_batch_adjustment,Spearman,ATG12,8,32,-0.09523809523809523,0.537023460410557,0.6322615556486523,-0.4226392562374794,1.4294750228417852,,10000,Percentile donor bootstrap; small-control-cohort limitations apply.,,
bulk_day65,all_donors_batch_adjustment,Spearman,ATG13,8,32,-0.6428571428571429,-0.6510263929618767,-0.008169250104733794,-0.8766934934586943,0.4725160517361583,,10000,Percentile donor bootstrap; small-control-cohort limitations apply.,,
bulk_day65,all_donors_batch_adjustment,Spearman,ATG16L1,8,32,0.2619047619047619,0.5300586510263928,0.2681538891216309,-0.62495574807535,1.1862755319810723,,10000,Percentile donor bootstrap; small-control-cohort limitations apply.,,
bulk_day65,all_donors_batch_adjustment,Spearman,ATG2A,8,32,-0.6190476190476191,-0.6154692082111436,0.0035784108364754763,-0.8219524928655626,0.44512742078667955,,10000,Percentile donor bootstrap; small-control-cohort limitations apply.,,
bulk_day65,all_donors_batch_adjustment,Spearman,ATG2B,8,32,0.35714285714285715,0.004032258064516128,-0.353110599078341,-1.0959044549089665,0.8392927505966752,,10000,Percentile donor bootstrap; small-control-cohort limitations apply.,,
bulk_day65,all_donors_batch_adjustment,Spearman,ATG3,8,32,-0.42857142857142855,-0.021627565982404687,0.4069438625890239,-0.6300803298734495,1.1924044326126886,,10000,Percentile donor bootstrap; small-control-cohort limitations apply.,,
bulk_day65,all_donors_batch_adjustment,Spearman,ATG4B,8,32,0.19047619047619047,0.4431818181818181,0.25270562770562766,-0.6491249580705747,1.1632410362340486,,10000,Percentile donor bootstrap; small-control-cohort limitations apply.,,
bulk_day65,all_donors_batch_adjustment,Spearman,ATG4C,8,32,-0.4523809523809524,0.2481671554252199,0.7005481078061723,-0.4649795253746707,1.3641093113117304,,10000,Percentile donor bootstrap; small-control-cohort limitations apply.,,
bulk_day65,all_donors_batch_adjustment,Spearman,ATG5,8,32,-0.23809523809523808,-0.012096774193548385,0.2259984639016897,-1.0036087631181345,1.0066702665654292,,10000,Percentile donor bootstrap; small-control-cohort limitations apply.,,
bulk_day65,all_donors_batch_adjustment,Spearman,ATG7,8,32,-0.38095238095238093,-0.7672287390029324,-0.3862763580505515,-1.3530328993875829,0.23294043625032443,,10000,Percentile donor bootstrap; small-control-cohort limitations apply.,,
bulk_day65,all_donors_batch_adjustment,Spearman,ATG9B,8,32,0.23809523809523808,0.6433284457478005,0.4052332076525624,-0.48525596240604413,1.3128697509774845,,10000,Percentile donor bootstrap; small-control-cohort limitations apply.,,
bulk_day65,all_donors_batch_adjustment,Spearman,ATG101,8,32,-0.47619047619047616,-0.12829912023460407,0.34789135595587206,-0.6676444469174221,1.1115901083655564,,10000,Percentile donor bootstrap; small-control-cohort limitations apply.,,
bulk_day65,all_donors_batch_adjustment,Spearman,BCL2,8,32,-0.23809523809523808,-0.19904692082111433,0.03904831727412375,-0.8936860196692452,0.8714717504225669,,10000,Percentile donor bootstrap; small-control-cohort limitations apply.,,
bulk_day65,all_donors_batch_adjustment,Spearman,BECN1,8,32,-0.5714285714285714,-0.6367302052785923,-0.06530163385002086,-0.9634006031250232,0.5273715001508726,,10000,Percentile donor bootstrap; small-control-cohort limitations apply.,,
bulk_day65,all_donors_batch_adjustment,Spearman,CALCOCO2,8,32,-0.8809523809523809,-0.7184750733137829,0.16247730763859802,-0.44050799043091976,0.44470445156354543,,10000,Percentile donor bootstrap; small-control-cohort limitations apply.,,
bulk_day65,all_donors_batch_adjustment,Spearman,CLEC16A,8,32,0.2619047619047619,0.5223607038123166,0.26045594190755467,-0.4860365201383023,1.2871585214329728,,10000,Percentile donor bootstrap; small-control-cohort limitations apply.,,
bulk_day65,all_donors_batch_adjustment,Spearman,CTNS,8,32,-0.30952380952380953,-0.4332844574780058,-0.12376064795419628,-1.1835970390448651,0.6711732072649473,,10000,Percentile donor bootstrap; small-control-cohort limitations apply.,,
bulk_day65,all_donors_batch_adjustment,Spearman,EPG5,8,32,0.42857142857142855,0.01686217008797654,-0.411709258483452,-1.1122502523396676,0.7095212995645896,,10000,Percentile donor bootstrap; small-control-cohort limitations apply.,,
bulk_day65,all_donors_batch_adjustment,Spearman,GRN,8,32,-0.6190476190476191,-0.7617302052785923,-0.14268258623097319,-1.057712501674533,0.3218265002879732,,10000,Percentile donor bootstrap; small-control-cohort limitations apply.,,
bulk_day65,all_donors_batch_adjustment,Spearman,GABARAP,8,32,-0.38095238095238093,-0.5747800586510263,-0.1938276776986454,-1.1273719572269518,0.5425706308456183,,10000,Percentile donor bootstrap; small-control-cohort limitations apply.,,
bulk_day65,all_donors_batch_adjustment,Spearman,GABARAPL1,8,32,-0.7380952380952381,0.8379765395894426,1.5760717776846809,0.733858709535686,1.8772525046897908,,10000,Percentile donor bootstrap; small-control-cohort limitations apply.,,
bulk_day65,all_donors_batch_adjustment,Spearman,GABARAPL2,8,32,-0.3333333333333333,-0.03335777126099706,0.2999755620723363,-0.8866873548954193,1.0395030054172942,,10000,Percentile donor bootstrap; small-control-cohort limitations apply.,,
bulk_day65,all_donors_batch_adjustment,Spearman,LAMP2,8,32,-0.8333333333333334,-0.6202346041055717,0.21309872922776163,-0.330837382764115,0.5362107950575032,,10000,Percentile donor bootstrap; small-control-cohort limitations apply.,,
bulk_day65,all_donors_batch_adjustment,Spearman,MAP1LC3A,8,32,0.047619047619047616,0.3636363636363636,0.316017316017316,-0.6905522532741162,1.23091648979914,,10000,Percentile donor bootstrap; small-control-cohort limitations apply.,,
bulk_day65,all_donors_batch_adjustment,Spearman,MAP1LC3B,8,32,-0.14285714285714285,0.48863636363636354,0.6314935064935063,-0.4529586427107937,1.4466508051406506,,10000,Percentile donor bootstrap; small-control-cohort limitations apply.,,
bulk_day65,all_donors_batch_adjustment,Spearman,NBR1,8,32,-0.9523809523809523,-0.6763196480938415,0.27606130428711084,-0.06123062257604711,0.5536116207732424,,10000,Percentile donor bootstrap; small-control-cohort limitations apply.,,
bulk_day65,all_donors_batch_adjustment,Spearman,OPTN,8,32,0.6428571428571429,0.7829912023460409,0.140134059488898,-0.28368649930931394,0.9251772852906167,,10000,Percentile donor bootstrap; small-control-cohort limitations apply.,,
bulk_day65,all_donors_batch_adjustment,Spearman,PRKN,8,32,0.023809523809523808,0.5113636363636362,0.4875541125541124,-0.35491694657247874,1.3245178675961737,,10000,Percentile donor bootstrap; small-control-cohort limitations apply.,,
bulk_day65,all_donors_batch_adjustment,Spearman,PIK3R4,8,32,-0.7619047619047619,-0.2587976539589442,0.5031071079458176,-0.142225626645997,0.9358420942933613,,10000,Percentile donor bootstrap; small-control-cohort limitations apply.,,
bulk_day65,all_donors_batch_adjustment,Spearman,PINK1,8,32,-0.3333333333333333,0.33577712609970667,0.6691104594330399,-0.38418955485490236,1.4540804845135975,,10000,Percentile donor bootstrap; small-control-cohort limitations apply.,,
bulk_day65,all_donors_batch_adjustment,Spearman,RB1CC1,8,32,0.42857142857142855,0.8618035190615835,0.43323209049015493,-0.12806606132888101,1.4162259362417065,,10000,Percentile donor bootstrap; small-control-cohort limitations apply.,,
bulk_day65,all_donors_batch_adjustment,Spearman,SNX14,8,32,0.38095238095238093,0.26906158357771254,-0.1118907973746684,-0.913261723162351,0.8517140127429629,,10000,Percentile donor bootstrap; small-control-cohort limitations apply.,,
bulk_day65,all_donors_batch_adjustment,Spearman,SNX30,8,32,0.5476190476190477,0.5381231671554251,-0.009495880463622597,-0.5458523458423268,0.8474507162460277,,10000,Percentile donor bootstrap; small-control-cohort limitations apply.,,
bulk_day65,all_donors_batch_adjustment,Spearman,SNX4,8,32,0.07142857142857142,0.016495601173020524,-0.0549329702555509,-1.0075605364957936,0.8806442155910444,,10000,Percentile donor bootstrap; small-control-cohort limitations apply.,,
bulk_day65,all_donors_batch_adjustment,Spearman,SQSTM1,8,32,-0.2619047619047619,-0.6319648093841641,-0.3700600474794022,-1.3754977131443378,0.35167566490652896,,10000,Percentile donor bootstrap; small-control-cohort limitations apply.,,
bulk_day65,all_donors_batch_adjustment,Spearman,SPG11,8,32,-0.047619047619047616,-0.5326246334310849,-0.4850055858120373,-1.39247211333736,0.3423731638198459,,10000,Percentile donor bootstrap; small-control-cohort limitations apply.,,
bulk_day65,all_donors_batch_adjustment,Spearman,TOLLIP,8,32,-0.09523809523809523,-0.05718475073313782,0.03805334450495741,-1.0687958247686935,0.9373467139899333,,10000,Percentile donor bootstrap; small-control-cohort limitations apply.,,
bulk_day65,all_donors_batch_adjustment,Spearman,UVRAG,8,32,0.5714285714285714,0.628299120234604,0.056870548806032595,-0.4189586286808297,0.7797120121804854,,10000,Percentile donor bootstrap; small-control-cohort limitations apply.,,
bulk_day65,all_donors_batch_adjustment,Spearman,WDR45,8,32,-0.16666666666666666,-0.4292521994134897,-0.26258553274682306,-1.2396568520828726,0.6214934466154252,,10000,Percentile donor bootstrap; small-control-cohort limitations apply.,,
bulk_day65,all_donors_batch_adjustment,Spearman,WIPI1,8,32,-0.47619047619047616,-0.28115835777126097,0.1950321184192152,-0.8091843802593708,0.9509111318133873,,10000,Percentile donor bootstrap; small-control-cohort limitations apply.,,
bulk_day65,all_donors_batch_adjustment,Spearman,WIPI2,8,32,-0.40476190476190477,-0.30278592375366564,0.10197598100823912,-0.9489116368230855,0.817805735029958,,10000,Percentile donor bootstrap; small-control-cohort limitations apply.,,
bulk_day65,all_donors_batch_adjustment,Spearman,ZFYVE21,8,32,-0.5714285714285714,-0.3574046920821114,0.21402387934646,-0.7593355547618375,0.8641521091621505,,10000,Percentile donor bootstrap; small-control-cohort limitations apply.,,
bulk_day65,all_donors_batch_adjustment,pooled_nuisance_residualized,ATG10,8,32,0.6413888453624269,-0.4889565246298183,-1.1303453699922452,-1.5842126200201128,-0.024922948522471674,,10000,Percentile donor bootstrap. Pooled-residual sensitivity conditions on the fitted nuisance adjustment; not a fully refitted adjusted CI.,,
bulk_day65,all_donors_batch_adjustment,pooled_nuisance_residualized,ATG12,8,32,0.49271450669681843,0.527799613604553,0.03508510690773453,-0.5278215202497216,1.0494629362047498,,10000,Percentile donor bootstrap. Pooled-residual sensitivity conditions on the fitted nuisance adjustment; not a fully refitted adjusted CI.,,
bulk_day65,all_donors_batch_adjustment,pooled_nuisance_residualized,ATG13,8,32,-0.9697600224565239,-0.6311479811272525,0.3386120413292715,0.11565716627410215,0.5509309427630071,,10000,Percentile donor bootstrap. Pooled-residual sensitivity conditions on the fitted nuisance adjustment; not a fully refitted adjusted CI.,,
bulk_day65,all_donors_batch_adjustment,pooled_nuisance_residualized,ATG16L1,8,32,0.7401710271825297,0.5092143689194282,-0.23095665826310152,-0.6136700427720952,0.42773646155630446,,10000,Percentile donor bootstrap. Pooled-residual sensitivity conditions on the fitted nuisance adjustment; not a fully refitted adjusted CI.,,
bulk_day65,all_donors_batch_adjustment,pooled_nuisance_residualized,ATG2A,8,32,-0.7596564738766949,-0.47539546329762433,0.28426101057907055,-0.6487673258050531,0.6381488324259266,,10000,Percentile donor bootstrap. Pooled-residual sensitivity conditions on the fitted nuisance adjustment; not a fully refitted adjusted CI.,,
bulk_day65,all_donors_batch_adjustment,pooled_nuisance_residualized,ATG2B,8,32,0.36392607721645054,-0.09732839950429611,-0.46125447672074665,-1.1789652294113797,0.44630568760949085,,10000,Percentile donor bootstrap. Pooled-residual sensitivity conditions on the fitted nuisance adjustment; not a fully refitted adjusted CI.,,
bulk_day65,all_donors_batch_adjustment,pooled_nuisance_residualized,ATG3,8,32,0.0605771618493401,0.23392360238792184,0.17334644053858173,-0.6880419891384788,1.2365941397900748,,10000,Percentile donor bootstrap. Pooled-residual sensitivity conditions on the fitted nuisance adjustment; not a fully refitted adjusted CI.,,
bulk_day65,all_donors_batch_adjustment,pooled_nuisance_residualized,ATG4B,8,32,0.3606283877069766,0.42976609092770435,0.06913770322072776,-0.5192755290484633,0.8094998137686331,,10000,Percentile donor bootstrap. Pooled-residual sensitivity conditions on the fitted nuisance adjustment; not a fully refitted adjusted CI.,,
bulk_day65,all_donors_batch_adjustment,pooled_nuisance_residualized,ATG4C,8,32,-0.4578819488550274,0.01017404236728368,0.4680559912223111,-0.2342583757341145,1.1277799987864632,,10000,Percentile donor bootstrap. Pooled-residual sensitivity conditions on the fitted nuisance adjustment; not a fully refitted adjusted CI.,,
bulk_day65,all_donors_batch_adjustment,pooled_nuisance_residualized,ATG5,8,32,0.09144192877031845,-0.11777137512619164,-0.2092133038965101,-1.2086229855710144,0.7571290761191547,,10000,Percentile donor bootstrap. Pooled-residual sensitivity conditions on the fitted nuisance adjustment; not a fully refitted adjusted CI.,,
bulk_day65,all_donors_batch_adjustment,pooled_nuisance_residualized,ATG7,8,32,-0.7348925127712415,-0.7919840751634648,-0.05709156239222335,-1.1783292023481267,0.20557702563303418,,10000,Percentile donor bootstrap. Pooled-residual sensitivity conditions on the fitted nuisance adjustment; not a fully refitted adjusted CI.,,
bulk_day65,all_donors_batch_adjustment,pooled_nuisance_residualized,ATG9B,8,32,0.7450031231000863,0.7288870218857213,-0.01611610121436502,-0.2982584520055494,0.5778347699688533,,10000,Percentile donor bootstrap. Pooled-residual sensitivity conditions on the fitted nuisance adjustment; not a fully refitted adjusted CI.,,
bulk_day65,all_donors_batch_adjustment,pooled_nuisance_residualized,ATG101,8,32,0.5542012270051879,-0.033203999696740295,-0.5874052267019282,-1.1513302920282258,0.4914957594422398,,10000,Percentile donor bootstrap. Pooled-residual sensitivity conditions on the fitted nuisance adjustment; not a fully refitted adjusted CI.,,
bulk_day65,all_donors_batch_adjustment,pooled_nuisance_residualized,BCL2,8,32,-0.7532676575442325,-0.24799674999632781,0.5052709075479047,-0.4999202599843431,0.9203221749986205,,10000,Percentile donor bootstrap. Pooled-residual sensitivity conditions on the fitted nuisance adjustment; not a fully refitted adjusted CI.,,
bulk_day65,all_donors_batch_adjustment,pooled_nuisance_residualized,BECN1,8,32,-0.5267001070671965,-0.5188746961620437,0.007825410905152763,-0.8661955803344277,0.6013471271678033,,10000,Percentile donor bootstrap. Pooled-residual sensitivity conditions on the fitted nuisance adjustment; not a fully refitted adjusted CI.,,
bulk_day65,all_donors_batch_adjustment,pooled_nuisance_residualized,CALCOCO2,8,32,-0.8958525280424807,-0.6476407614243311,0.2482117666181496,-0.25230230007095916,0.48737560039671673,,10000,Percentile donor bootstrap. Pooled-residual sensitivity conditions on the fitted nuisance adjustment; not a fully refitted adjusted CI.,,
bulk_day65,all_donors_batch_adjustment,pooled_nuisance_residualized,CLEC16A,8,32,0.3716564303157728,0.5543367560269565,0.18268032571118376,-0.58013656848885,1.3815872942458371,,10000,Percentile donor bootstrap. Pooled-residual sensitivity conditions on the fitted nuisance adjustment; not a fully refitted adjusted CI.,,
bulk_day65,all_donors_batch_adjustment,pooled_nuisance_residualized,CTNS,8,32,-0.15058538123620033,-0.3380855548555572,-0.18750017361935686,-1.2429365213263437,0.6306725460983759,,10000,Percentile donor bootstrap. Pooled-residual sensitivity conditions on the fitted nuisance adjustment; not a fully refitted adjusted CI.,,
bulk_day65,all_donors_batch_adjustment,pooled_nuisance_residualized,EPG5,8,32,0.5875300620389363,-0.02508998911766407,-0.6126200511566003,-1.148717246085142,0.4421238256778959,,10000,Percentile donor bootstrap. Pooled-residual sensitivity conditions on the fitted nuisance adjustment; not a fully refitted adjusted CI.,,
bulk_day65,all_donors_batch_adjustment,pooled_nuisance_residualized,GRN,8,32,-0.8427409953182725,-0.7128715049780472,0.12986949034022532,-0.08358039267910647,0.3692761316547568,,10000,Percentile donor bootstrap. Pooled-residual sensitivity conditions on the fitted nuisance adjustment; not a fully refitted adjusted CI.,,
bulk_day65,all_donors_batch_adjustment,pooled_nuisance_residualized,GABARAP,8,32,-0.14524051821181283,-0.5215720089994527,-0.37633149078763983,-1.3689341867462277,0.5016389356134423,,10000,Percentile donor bootstrap. Pooled-residual sensitivity conditions on the fitted nuisance adjustment; not a fully refitted adjusted CI.,,
bulk_day65,all_donors_batch_adjustment,pooled_nuisance_residualized,GABARAPL1,8,32,-0.28285013212694876,0.7168558003822859,0.9997059325092347,0.2242111355657652,1.6976280460532358,,10000,Percentile donor bootstrap. Pooled-residual sensitivity conditions on the fitted nuisance adjustment; not a fully refitted adjusted CI.,,
bulk_day65,all_donors_batch_adjustment,pooled_nuisance_residualized,GABARAPL2,8,32,-0.1510694488331317,-0.15546311973243457,-0.004393670899302871,-0.68510443702451,0.8111690503495558,,10000,Percentile donor bootstrap. Pooled-residual sensitivity conditions on the fitted nuisance adjustment; not a fully refitted adjusted CI.,,
bulk_day65,all_donors_batch_adjustment,pooled_nuisance_residualized,LAMP2,8,32,-0.6988253292338666,-0.649791220897867,0.04903410833599964,-0.6845857984683833,0.39421746032560273,,10000,Percentile donor bootstrap. Pooled-residual sensitivity conditions on the fitted nuisance adjustment; not a fully refitted adjusted CI.,,
bulk_day65,all_donors_batch_adjustment,pooled_nuisance_residualized,MAP1LC3A,8,32,0.909380248541421,0.4552255653607962,-0.45415468318062474,-0.7869501609769788,0.1574306882425862,,10000,Percentile donor bootstrap. Pooled-residual sensitivity conditions on the fitted nuisance adjustment; not a fully refitted adjusted CI.,,
bulk_day65,all_donors_batch_adjustment,pooled_nuisance_residualized,MAP1LC3B,8,32,0.5522296436941762,0.4901919517061373,-0.06203769198803888,-0.5747027406596557,1.0334427893750044,,10000,Percentile donor bootstrap. Pooled-residual sensitivity conditions on the fitted nuisance adjustment; not a fully refitted adjusted CI.,,
bulk_day65,all_donors_batch_adjustment,pooled_nuisance_residualized,NBR1,8,32,-0.9459981964483681,-0.6142470953755481,0.33175110107282,0.12825436446399008,0.5641248559488892,,10000,Percentile donor bootstrap. Pooled-residual sensitivity conditions on the fitted nuisance adjustment; not a fully refitted adjusted CI.,,
bulk_day65,all_donors_batch_adjustment,pooled_nuisance_residualized,OPTN,8,32,0.8840550327773133,0.8355989012038687,-0.04845613157344464,-0.19602633716955326,0.7353099282580708,,10000,Percentile donor bootstrap. Pooled-residual sensitivity conditions on the fitted nuisance adjustment; not a fully refitted adjusted CI.,,
bulk_day65,all_donors_batch_adjustment,pooled_nuisance_residualized,PRKN,8,32,-0.09570849573715874,0.5043523196428139,0.6000608153799727,-0.3143366637144516,1.348514473439005,,10000,Percentile donor bootstrap. Pooled-residual sensitivity conditions on the fitted nuisance adjustment; not a fully refitted adjusted CI.,,
bulk_day65,all_donors_batch_adjustment,pooled_nuisance_residualized,PIK3R4,8,32,-0.9038756398651865,-0.288507510905675,0.6153681289595114,-0.2971219553622686,0.9615340106872724,,10000,Percentile donor bootstrap. Pooled-residual sensitivity conditions on the fitted nuisance adjustment; not a fully refitted adjusted CI.,,
bulk_day65,all_donors_batch_adjustment,pooled_nuisance_residualized,PINK1,8,32,0.3997180347317596,0.3649231885226602,-0.034794846209099395,-0.6698755996039852,1.3051400793508199,,10000,Percentile donor bootstrap. Pooled-residual sensitivity conditions on the fitted nuisance adjustment; not a fully refitted adjusted CI.,,
bulk_day65,all_donors_batch_adjustment,pooled_nuisance_residualized,RB1CC1,8,32,0.6208587787471566,0.8218660711691059,0.20100729242194937,-0.153641855910225,0.7543874976393803,,10000,Percentile donor bootstrap. Pooled-residual sensitivity conditions on the fitted nuisance adjustment; not a fully refitted adjusted CI.,,
bulk_day65,all_donors_batch_adjustment,pooled_nuisance_residualized,SNX14,8,32,0.47853871995697195,0.22140762692303012,-0.2571310930339418,-0.8389169142643984,0.41934759645796355,,10000,Percentile donor bootstrap. Pooled-residual sensitivity conditions on the fitted nuisance adjustment; not a fully refitted adjusted CI.,,
bulk_day65,all_donors_batch_adjustment,pooled_nuisance_residualized,SNX30,8,32,0.5369954513686677,0.4422272774931286,-0.09476817387553904,-0.7459228274632528,1.1106766747925616,,10000,Percentile donor bootstrap. Pooled-residual sensitivity conditions on the fitted nuisance adjustment; not a fully refitted adjusted CI.,,
bulk_day65,all_donors_batch_adjustment,pooled_nuisance_residualized,SNX4,8,32,-0.5058859144397589,0.05776497385230758,0.5636508882920666,-0.7388770063064265,1.1273902321741862,,10000,Percentile donor bootstrap. Pooled-residual sensitivity conditions on the fitted nuisance adjustment; not a fully refitted adjusted CI.,,
bulk_day65,all_donors_batch_adjustment,pooled_nuisance_residualized,SQSTM1,8,32,-0.11752528114747073,-0.6204563562586819,-0.5029310751112112,-1.4223703974083493,0.3164939732618511,,10000,Percentile donor bootstrap. Pooled-residual sensitivity conditions on the fitted nuisance adjustment; not a fully refitted adjusted CI.,,
bulk_day65,all_donors_batch_adjustment,pooled_nuisance_residualized,SPG11,8,32,-0.24648268811833463,-0.534337437476944,-0.28785474935860933,-1.1263928717848162,0.3424380779541502,,10000,Percentile donor bootstrap. Pooled-residual sensitivity conditions on the fitted nuisance adjustment; not a fully refitted adjusted CI.,,
bulk_day65,all_donors_batch_adjustment,pooled_nuisance_residualized,TOLLIP,8,32,0.7240062125396511,0.006730378258632791,-0.7172758342810184,-1.1517112610814648,0.2581573663352103,,10000,Percentile donor bootstrap. Pooled-residual sensitivity conditions on the fitted nuisance adjustment; not a fully refitted adjusted CI.,,
bulk_day65,all_donors_batch_adjustment,pooled_nuisance_residualized,UVRAG,8,32,0.5342825571487251,0.532576651240609,-0.0017059059081160344,-0.4724871746457092,0.9805336294492621,,10000,Percentile donor bootstrap. Pooled-residual sensitivity conditions on the fitted nuisance adjustment; not a fully refitted adjusted CI.,,
bulk_day65,all_donors_batch_adjustment,pooled_nuisance_residualized,WDR45,8,32,0.4875710956231012,-0.29825654971189797,-0.7858276453349992,-1.360272058903143,0.3434961632291063,,10000,Percentile donor bootstrap. Pooled-residual sensitivity conditions on the fitted nuisance adjustment; not a fully refitted adjusted CI.,,
bulk_day65,all_donors_batch_adjustment,pooled_nuisance_residualized,WIPI1,8,32,-0.3831293016554317,-0.12688532291536006,0.25624397874007165,-0.6244179880310284,0.9400970312830964,,10000,Percentile donor bootstrap. Pooled-residual sensitivity conditions on the fitted nuisance adjustment; not a fully refitted adjusted CI.,,
bulk_day65,all_donors_batch_adjustment,pooled_nuisance_residualized,WIPI2,8,32,-0.6785820968957631,-0.29730819574384526,0.38127390115191784,-0.7902073526625862,0.8364337423733168,,10000,Percentile donor bootstrap. Pooled-residual sensitivity conditions on the fitted nuisance adjustment; not a fully refitted adjusted CI.,,
bulk_day65,all_donors_batch_adjustment,pooled_nuisance_residualized,ZFYVE21,8,32,-0.8742431476281297,-0.29785706517125055,0.5763860824568792,0.1921870032629921,1.0142722444181516,,10000,Percentile donor bootstrap. Pooled-residual sensitivity conditions on the fitted nuisance adjustment; not a fully refitted adjusted CI.,,
bulk_day65,reported_sex_subset,Pearson,ATG10,8,28,0.4964105939401133,-0.4488208247339325,-0.9452314186740458,-1.4476828547731295,0.058978548854316706,0.03591444480588462,10000,Percentile donor bootstrap; small-control-cohort limitations apply.,0.5147737088843461,
bulk_day65,reported_sex_subset,Pearson,ATG12,8,28,-0.09131719578083795,0.6146148772932349,0.7059320730740729,-0.20904559400424924,1.5607954546930858,0.09913305079231037,10000,Percentile donor bootstrap; small-control-cohort limitations apply.,0.7987711057228559,
bulk_day65,reported_sex_subset,Pearson,ATG13,8,28,-0.823609484548991,-0.5635746319539189,0.2600348525950721,-0.522904058651948,0.660792783939331,0.2794244494929209,10000,Percentile donor bootstrap; small-control-cohort limitations apply.,0.7987711057228559,
bulk_day65,reported_sex_subset,Pearson,ATG16L1,8,28,0.39708219725295846,0.48507638034638517,0.08799418309342671,-0.630175046225011,1.181469628452087,0.8232590090025393,10000,Percentile donor bootstrap; small-control-cohort limitations apply.,0.9160272223441865,
bulk_day65,reported_sex_subset,Pearson,ATG2A,8,28,-0.7178264200418509,-0.4936867978940571,0.22413962214779382,-0.31529507164703496,0.6407908682725951,0.45967386193209425,10000,Percentile donor bootstrap; small-control-cohort limitations apply.,0.7987711057228559,
bulk_day65,reported_sex_subset,Pearson,ATG2B,8,28,0.4441586569965324,-0.07001243912655837,-0.5141710961230908,-1.189636794681397,0.8675871053799625,0.2637231574365101,10000,Percentile donor bootstrap; small-control-cohort limitations apply.,0.7987711057228559,
bulk_day65,reported_sex_subset,Pearson,ATG3,8,28,-0.25949413637701507,0.14711956444953805,0.4066137008265531,-0.6385273314305797,1.355535095378149,0.3983420426550981,10000,Percentile donor bootstrap; small-control-cohort limitations apply.,0.7987711057228559,
bulk_day65,reported_sex_subset,Pearson,ATG4B,8,28,-0.007149018230052683,0.311167043183098,0.3183160614131507,-0.5646558195754463,1.0223886678519407,0.5018764325206271,10000,Percentile donor bootstrap; small-control-cohort limitations apply.,0.8300264076302679,
bulk_day65,reported_sex_subset,Pearson,ATG4C,8,28,-0.5778950727914094,0.024196943807682152,0.6020920165990915,-0.34492537676904644,1.3069024352123089,0.16296009712259985,10000,Percentile donor bootstrap; small-control-cohort limitations apply.,0.7987711057228559,
bulk_day65,reported_sex_subset,Pearson,ATG5,8,28,-0.35260926496850986,0.0008521153479809924,0.3534613803164909,-0.9303127889599075,1.125464798340549,0.45098474058017946,10000,Percentile donor bootstrap; small-control-cohort limitations apply.,0.7987711057228559,
bulk_day65,reported_sex_subset,Pearson,ATG7,8,28,-0.6762847788404542,-0.7341465103357038,-0.057861731495249535,-0.9970436666036601,0.2928279326737762,0.8137316943927063,10000,Percentile donor bootstrap; small-control-cohort limitations apply.,0.9160272223441865,
bulk_day65,reported_sex_subset,Pearson,ATG9B,8,28,0.25935940779361333,0.5537957312612888,0.29443632346767545,-0.5553890792800439,1.2369023209488497,0.4644018056528232,10000,Percentile donor bootstrap; small-control-cohort limitations apply.,0.7987711057228559,
bulk_day65,reported_sex_subset,Pearson,ATG101,8,28,0.07272235245526726,-0.004789948573941828,-0.07751230102920909,-0.8915757696002582,1.104009693552867,0.8740754952115843,10000,Percentile donor bootstrap; small-control-cohort limitations apply.,0.9396311573524532,
bulk_day65,reported_sex_subset,Pearson,BCL2,8,28,-0.4650905338131247,-0.28965194161700114,0.17543859219612357,-0.794879360180665,0.8060976382981557,0.6747181268010192,10000,Percentile donor bootstrap; small-control-cohort limitations apply.,0.9156343290767559,
bulk_day65,reported_sex_subset,Pearson,BECN1,8,28,-0.49962374051114117,-0.46210986265669746,0.03751387785444371,-1.0224409393165947,0.719626928592014,0.9206294322126778,10000,Percentile donor bootstrap; small-control-cohort limitations apply.,0.9655381850035402,
bulk_day65,reported_sex_subset,Pearson,CALCOCO2,8,28,-0.8974657064963205,-0.6565990483797514,0.24086665811656915,0.025166415615595017,0.5089132899068012,0.170008205752062,10000,Percentile donor bootstrap; small-control-cohort limitations apply.,0.7987711057228559,
bulk_day65,reported_sex_subset,Pearson,CLEC16A,8,28,0.43334538729480526,0.4146258540310668,-0.018719533263738486,-0.6979195215686517,1.0397496879302033,0.962841132943938,10000,Percentile donor bootstrap; small-control-cohort limitations apply.,0.9857659218235556,
bulk_day65,reported_sex_subset,Pearson,CTNS,8,28,-0.34193606521520176,-0.24643495838065,0.09550110683455176,-0.9466762344118682,0.8495530808341726,0.8308153877075181,10000,Percentile donor bootstrap; small-control-cohort limitations apply.,0.9160272223441865,
bulk_day65,reported_sex_subset,Pearson,EPG5,8,28,0.4494545488686105,0.03159167234126857,-0.41786287652734194,-1.1180264460926654,0.8899958316807318,0.3557535120127361,10000,Percentile donor bootstrap; small-control-cohort limitations apply.,0.7987711057228559,
bulk_day65,reported_sex_subset,Pearson,GRN,8,28,-0.8303751268990613,-0.6349736992094118,0.19540142768964952,-0.41103589733652046,0.5361404260911522,0.36950256458472996,10000,Percentile donor bootstrap; small-control-cohort limitations apply.,0.7987711057228559,
bulk_day65,reported_sex_subset,Pearson,GABARAP,8,28,-0.2961662708863441,-0.4423879043417341,-0.14622163345538997,-1.0928920322969866,0.7078166840258372,0.7287611299013217,10000,Percentile donor bootstrap; small-control-cohort limitations apply.,0.9156343290767559,
bulk_day65,reported_sex_subset,Pearson,GABARAPL1,8,28,-0.7134890760849698,0.7378259921851626,1.4513150682701323,0.6298281339157114,1.76199889131653,0.00017280651846546475,10000,Percentile donor bootstrap; small-control-cohort limitations apply.,0.0074306802940149845,
bulk_day65,reported_sex_subset,Pearson,GABARAPL2,8,28,-0.37832823562274426,-0.09912927124449922,0.27919896437824504,-0.979574402425458,1.0772240804318156,0.5421139653971578,10000,Percentile donor bootstrap; small-control-cohort limitations apply.,0.8325321611456352,
bulk_day65,reported_sex_subset,Pearson,LAMP2,8,28,-0.8212478023779757,-0.6011576002914046,0.22009020208657104,-0.016346072772944014,0.5620248661983887,0.3418246251604532,10000,Percentile donor bootstrap; small-control-cohort limitations apply.,0.7987711057228559,
bulk_day65,reported_sex_subset,Pearson,MAP1LC3A,8,28,0.2042765956725965,0.3806639130843543,0.1763873174117578,-0.6827040189202677,1.3928866214991231,0.6926398177052482,10000,Percentile donor bootstrap; small-control-cohort limitations apply.,0.9156343290767559,
bulk_day65,reported_sex_subset,Pearson,MAP1LC3B,8,28,-0.02424958152732866,0.6058316370600504,0.6300812185873791,-0.36602164302846046,1.5436708460665776,0.13804993222437037,10000,Percentile donor bootstrap; small-control-cohort limitations apply.,0.7987711057228559,
bulk_day65,reported_sex_subset,Pearson,NBR1,8,28,-0.9373042228105223,-0.5729644958578203,0.364339726952702,0.12210468453982572,0.6709287655628106,0.02994880203101854,10000,Percentile donor bootstrap; small-control-cohort limitations apply.,0.5147737088843461,
bulk_day65,reported_sex_subset,Pearson,OPTN,8,28,0.7764637398698674,0.7768856381484396,0.00042189827857219697,-0.2905074840862396,0.4619516411309578,0.9982682065000866,10000,Percentile donor bootstrap; small-control-cohort limitations apply.,0.9982682065000866,
bulk_day65,reported_sex_subset,Pearson,PRKN,8,28,-0.030869499763773046,0.4656058104724023,0.49647531023617536,-0.36480389314141926,1.319096859356791,0.27451395054598016,10000,Percentile donor bootstrap; small-control-cohort limitations apply.,0.7987711057228559,
bulk_day65,reported_sex_subset,Pearson,PIK3R4,8,28,-0.7204340326943568,-0.1890047536545417,0.5314292790398151,0.09833001906457413,1.0706333803049928,0.14317646340440007,10000,Percentile donor bootstrap; small-control-cohort limitations apply.,0.7987711057228559,
bulk_day65,reported_sex_subset,Pearson,PINK1,8,28,-0.13169593665660717,0.2524311161793173,0.38412705283592447,-0.6753166885811401,1.3794031936973452,0.4254221591797792,10000,Percentile donor bootstrap; small-control-cohort limitations apply.,0.7987711057228559,
bulk_day65,reported_sex_subset,Pearson,RB1CC1,8,28,0.568735570774352,0.7688786315171823,0.20014306074283028,-0.2671796922364415,1.2063290351018994,0.44773702648609626,10000,Percentile donor bootstrap; small-control-cohort limitations apply.,0.7987711057228559,
bulk_day65,reported_sex_subset,Pearson,SNX14,8,28,0.35785252332374234,0.15759552238867194,-0.2002570009350704,-0.9295343662543342,0.721854051667444,0.6600173232578734,10000,Percentile donor bootstrap; small-control-cohort limitations apply.,0.9156343290767559,
bulk_day65,reported_sex_subset,Pearson,SNX30,8,28,0.6489220832529204,0.302221774667175,-0.34670030858574546,-0.9055891856010174,0.20622451956487872,0.34620552944306515,10000,Percentile donor bootstrap; small-control-cohort limitations apply.,0.7987711057228559,
bulk_day65,reported_sex_subset,Pearson,SNX4,8,28,-0.348944863888705,-0.05368591251029783,0.2952589513784072,-0.9936324094191304,0.971546442256328,0.5262021255277931,10000,Percentile donor bootstrap; small-control-cohort limitations apply.,0.8325321611456352,
bulk_day65,reported_sex_subset,Pearson,SQSTM1,8,28,-0.3687677627972932,-0.4938563271826233,-0.12508856438533011,-1.0209335584773023,0.5240241050977639,0.7530192596004769,10000,Percentile donor bootstrap; small-control-cohort limitations apply.,0.9156343290767559,
bulk_day65,reported_sex_subset,Pearson,SPG11,8,28,-0.06760885966880306,-0.4841719499491018,-0.4165630902802987,-1.205716860583141,0.43264480989766513,0.34700486551795917,10000,Percentile donor bootstrap; small-control-cohort limitations apply.,0.7987711057228559,
bulk_day65,reported_sex_subset,Pearson,TOLLIP,8,28,-0.11056965928760697,0.09521152399371938,0.20578118328132633,-0.8556120302133672,1.1331083504057171,0.6733417166892597,10000,Percentile donor bootstrap; small-control-cohort limitations apply.,0.9156343290767559,
bulk_day65,reported_sex_subset,Pearson,UVRAG,8,28,0.39304718382109743,0.5113095539250515,0.11826237010395407,-0.4589183154765102,0.6978338287940452,0.760858237657567,10000,Percentile donor bootstrap; small-control-cohort limitations apply.,0.9156343290767559,
bulk_day65,reported_sex_subset,Pearson,WDR45,8,28,-0.07552208806880749,-0.2175610847999043,-0.14203899673109682,-1.0302917957633702,0.8068551666067456,0.7665775778317027,10000,Percentile donor bootstrap; small-control-cohort limitations apply.,0.9156343290767559,
bulk_day65,reported_sex_subset,Pearson,WIPI1,8,28,-0.5323967299484863,-0.08821719381546099,0.4441795361330253,-0.5138782624137984,1.0777249690567794,0.302586643388313,10000,Percentile donor bootstrap; small-control-cohort limitations apply.,0.7987711057228559,
bulk_day65,reported_sex_subset,Pearson,WIPI2,8,28,-0.7432300651109861,-0.31642359874199866,0.42680646636898745,-0.7259110095462037,0.8576665520141719,0.1984567742211958,10000,Percentile donor bootstrap; small-control-cohort limitations apply.,0.7987711057228559,
bulk_day65,reported_sex_subset,Pearson,ZFYVE21,8,28,-0.5782061264225598,-0.2588842154469371,0.3193219109756226,-0.8828493151951654,0.9689665098635116,0.4202500965650622,10000,Percentile donor bootstrap; small-control-cohort limitations apply.,0.7987711057228559,
bulk_day65,reported_sex_subset,Spearman,ATG10,8,28,0.5714285714285714,-0.4143404488232075,-0.9857690202517788,-1.563314578178767,-0.0019348635548622887,,10000,Percentile donor bootstrap; small-control-cohort limitations apply.,,
bulk_day65,reported_sex_subset,Spearman,ATG12,8,28,-0.09523809523809523,0.6655719759168036,0.7608100711548988,-0.28196832544389583,1.5193392504820893,,10000,Percentile donor bootstrap; small-control-cohort limitations apply.,,
bulk_day65,reported_sex_subset,Spearman,ATG13,8,28,-0.6428571428571429,-0.538040503557745,0.10481663929939788,-0.7932623080457392,0.6461515638642998,,10000,Percentile donor bootstrap; small-control-cohort limitations apply.,,
bulk_day65,reported_sex_subset,Spearman,ATG16L1,8,28,0.2619047619047619,0.5484400656814451,0.2865353037766832,-0.6213505313014505,1.2098388847169321,,10000,Percentile donor bootstrap; small-control-cohort limitations apply.,,
bulk_day65,reported_sex_subset,Spearman,ATG2A,8,28,-0.6190476190476191,-0.5413245758073345,0.07772304324028456,-0.7737617935576246,0.5671093428380174,,10000,Percentile donor bootstrap; small-control-cohort limitations apply.,,
bulk_day65,reported_sex_subset,Spearman,ATG2B,8,28,0.35714285714285715,0.03503010399562124,-0.3221127531472359,-1.090290658731999,0.888890330667299,,10000,Percentile donor bootstrap; small-control-cohort limitations apply.,,
bulk_day65,reported_sex_subset,Spearman,ATG3,8,28,-0.42857142857142855,0.042692939244663386,0.47126436781609193,-0.5924983690446611,1.3019621758537907,,10000,Percentile donor bootstrap; small-control-cohort limitations apply.,,
bulk_day65,reported_sex_subset,Spearman,ATG4B,8,28,0.19047619047619047,0.3070607553366174,0.11658456486042695,-0.8163334997695266,1.0455583703650468,,10000,Percentile donor bootstrap; small-control-cohort limitations apply.,,
bulk_day65,reported_sex_subset,Spearman,ATG4C,8,28,-0.4523809523809524,0.15654077723043242,0.6089217296113848,-0.5597319550164076,1.3052579758441019,,10000,Percentile donor bootstrap; small-control-cohort limitations apply.,,
bulk_day65,reported_sex_subset,Spearman,ATG5,8,28,-0.23809523809523808,0.013683634373289547,0.25177887246852765,-0.9901537076082781,1.0495611614853293,,10000,Percentile donor bootstrap; small-control-cohort limitations apply.,,
bulk_day65,reported_sex_subset,Spearman,ATG7,8,28,-0.38095238095238093,-0.6639299397920089,-0.28297755883962794,-1.2590346839561009,0.37848593304616535,,10000,Percentile donor bootstrap; small-control-cohort limitations apply.,,
bulk_day65,reported_sex_subset,Spearman,ATG9B,8,28,0.23809523809523808,0.4876847290640395,0.2495894909688014,-0.6968289281010039,1.1887620616604753,,10000,Percentile donor bootstrap; small-control-cohort limitations apply.,,
bulk_day65,reported_sex_subset,Spearman,ATG101,8,28,-0.47619047619047616,-0.021893814997263276,0.4542966611932129,-0.5927864133162326,1.236103467253715,,10000,Percentile donor bootstrap; small-control-cohort limitations apply.,,
bulk_day65,reported_sex_subset,Spearman,BCL2,8,28,-0.23809523809523808,-0.2479474548440066,-0.009852216748768516,-0.9444453462013538,0.8582626107144674,,10000,Percentile donor bootstrap; small-control-cohort limitations apply.,,
bulk_day65,reported_sex_subset,Spearman,BECN1,8,28,-0.5714285714285714,-0.544608648056924,0.026819923371647403,-0.8902245863611349,0.664457549333746,,10000,Percentile donor bootstrap; small-control-cohort limitations apply.,,
bulk_day65,reported_sex_subset,Spearman,CALCOCO2,8,28,-0.8809523809523809,-0.6874657909140669,0.19348659003831403,-0.4077815918544114,0.5264914233496146,,10000,Percentile donor bootstrap; small-control-cohort limitations apply.,,
bulk_day65,reported_sex_subset,Spearman,CLEC16A,8,28,0.2619047619047619,0.4022988505747127,0.1403940886699508,-0.6344964105177497,1.1692389139646273,,10000,Percentile donor bootstrap; small-control-cohort limitations apply.,,
bulk_day65,reported_sex_subset,Spearman,CTNS,8,28,-0.30952380952380953,-0.23700054734537496,0.07252326217843458,-1.017725245749139,0.8828594654199295,,10000,Percentile donor bootstrap; small-control-cohort limitations apply.,,
bulk_day65,reported_sex_subset,Spearman,EPG5,8,28,0.42857142857142855,0.10235358511220581,-0.3262178434592227,-1.0535845960135168,0.8189116409467628,,10000,Percentile donor bootstrap; small-control-cohort limitations apply.,,
bulk_day65,reported_sex_subset,Spearman,GRN,8,28,-0.6190476190476191,-0.6666666666666667,-0.04761904761904767,-0.9783937198175521,0.46518040846357367,,10000,Percentile donor bootstrap; small-control-cohort limitations apply.,,
bulk_day65,reported_sex_subset,Spearman,GABARAP,8,28,-0.38095238095238093,-0.44553913519430766,-0.06458675424192672,-1.024611271139032,0.7179016010745377,,10000,Percentile donor bootstrap; small-control-cohort limitations apply.,,
bulk_day65,reported_sex_subset,Spearman,GABARAPL1,8,28,-0.7380952380952381,0.8314176245210729,1.569512862616311,0.7324655648018634,1.8768562610688888,,10000,Percentile donor bootstrap; small-control-cohort limitations apply.,,
bulk_day65,reported_sex_subset,Spearman,GABARAPL2,8,28,-0.3333333333333333,-0.03557744937055282,0.2977558839627805,-0.8993676468428656,1.0599013754397413,,10000,Percentile donor bootstrap; small-control-cohort limitations apply.,,
bulk_day65,reported_sex_subset,Spearman,LAMP2,8,28,-0.8333333333333334,-0.5883962780514506,0.2449370552818828,-0.3018397561022329,0.6045768789393459,,10000,Percentile donor bootstrap; small-control-cohort limitations apply.,,
bulk_day65,reported_sex_subset,Spearman,MAP1LC3A,8,28,0.047619047619047616,0.36672140120415986,0.31910235358511224,-0.6963260436798951,1.2464370964634348,,10000,Percentile donor bootstrap; small-control-cohort limitations apply.,,
bulk_day65,reported_sex_subset,Spearman,MAP1LC3B,8,28,-0.14285714285714285,0.6081007115489875,0.7509578544061304,-0.32093869049926155,1.5476696390273952,,10000,Percentile donor bootstrap; small-control-cohort limitations apply.,,
bulk_day65,reported_sex_subset,Spearman,NBR1,8,28,-0.9523809523809523,-0.568144499178982,0.3842364532019703,0.005728893187555911,0.7362830328156047,,10000,Percentile donor bootstrap; small-control-cohort limitations apply.,,
bulk_day65,reported_sex_subset,Spearman,OPTN,8,28,0.6428571428571429,0.7077175697865354,0.06486042692939253,-0.40408732440186734,0.8566294154725896,,10000,Percentile donor bootstrap; small-control-cohort limitations apply.,,
bulk_day65,reported_sex_subset,Spearman,PRKN,8,28,0.023809523809523808,0.394088669950739,0.37027914614121515,-0.49287094658125147,1.2304816126708307,,10000,Percentile donor bootstrap; small-control-cohort limitations apply.,,
bulk_day65,reported_sex_subset,Spearman,PIK3R4,8,28,-0.7619047619047619,-0.15927750410509034,0.6026272577996715,-0.05581692053112509,1.059651182966305,,10000,Percentile donor bootstrap; small-control-cohort limitations apply.,,
bulk_day65,reported_sex_subset,Spearman,PINK1,8,28,-0.3333333333333333,0.26163108921729616,0.5949644225506294,-0.44909489029469357,1.4234080118597756,,10000,Percentile donor bootstrap; small-control-cohort limitations apply.,,
bulk_day65,reported_sex_subset,Spearman,RB1CC1,8,28,0.42857142857142855,0.8160919540229886,0.38752052545156007,-0.18626415037803318,1.3855727834841405,,10000,Percentile donor bootstrap; small-control-cohort limitations apply.,,
bulk_day65,reported_sex_subset,Spearman,SNX14,8,28,0.38095238095238093,0.19813902572523265,-0.18281335522714828,-1.000094858759596,0.8054366601678189,,10000,Percentile donor bootstrap; small-control-cohort limitations apply.,,
bulk_day65,reported_sex_subset,Spearman,SNX30,8,28,0.5476190476190477,0.4679802955665025,-0.07963875205254517,-0.6388116411627491,0.790288456062306,,10000,Percentile donor bootstrap; small-control-cohort limitations apply.,,
bulk_day65,reported_sex_subset,Spearman,SNX4,8,28,0.07142857142857142,-0.0010946907498631637,-0.07252326217843459,-1.0211811696518796,0.8694160045944305,,10000,Percentile donor bootstrap; small-control-cohort limitations apply.,,
bulk_day65,reported_sex_subset,Spearman,SQSTM1,8,28,-0.2619047619047619,-0.4926108374384237,-0.2307060755336618,-1.2771931918497594,0.5343413087817321,,10000,Percentile donor bootstrap; small-control-cohort limitations apply.,,
bulk_day65,reported_sex_subset,Spearman,SPG11,8,28,-0.047619047619047616,-0.4083196496989601,-0.3607006020799125,-1.294055638724368,0.4946492403263808,,10000,Percentile donor bootstrap; small-control-cohort limitations apply.,,
bulk_day65,reported_sex_subset,Spearman,TOLLIP,8,28,-0.09523809523809523,0.04871373836891079,0.14395183360700603,-1.004699743124374,1.048508745645421,,10000,Percentile donor bootstrap; small-control-cohort limitations apply.,,
bulk_day65,reported_sex_subset,Spearman,UVRAG,8,28,0.5714285714285714,0.5599343185550083,-0.011494252873563093,-0.507666719421863,0.7143124403840513,,10000,Percentile donor bootstrap; small-control-cohort limitations apply.,,
bulk_day65,reported_sex_subset,Spearman,WDR45,8,28,-0.16666666666666666,-0.27312534209085937,-0.10645867542419271,-1.0825702987725736,0.7869228407713998,,10000,Percentile donor bootstrap; small-control-cohort limitations apply.,,
bulk_day65,reported_sex_subset,Spearman,WIPI1,8,28,-0.47619047619047616,-0.14723590585659552,0.32895457033388065,-0.6914678025311749,1.1160164901441774,,10000,Percentile donor bootstrap; small-control-cohort limitations apply.,,
bulk_day65,reported_sex_subset,Spearman,WIPI2,8,28,-0.40476190476190477,-0.2862616310892173,0.11850027367268745,-0.9364742113192619,0.8559540547854405,,10000,Percentile donor bootstrap; small-control-cohort limitations apply.,,
bulk_day65,reported_sex_subset,Spearman,ZFYVE21,8,28,-0.5714285714285714,-0.20744389709906955,0.3639846743295019,-0.6353451084010235,1.0382309946212582,,10000,Percentile donor bootstrap; small-control-cohort limitations apply.,,
bulk_day65,reported_sex_subset,pooled_nuisance_residualized,ATG10,8,28,0.5057626956852732,-0.4210628048073745,-0.9268255004926478,-1.496467622692327,0.41168493628366987,,10000,Percentile donor bootstrap. Pooled-residual sensitivity conditions on the fitted nuisance adjustment; not a fully refitted adjusted CI.,,
bulk_day65,reported_sex_subset,pooled_nuisance_residualized,ATG12,8,28,0.3688340897643392,0.6286400222233266,0.2598059324589874,-0.3391874397541387,1.0698637687908743,,10000,Percentile donor bootstrap. Pooled-residual sensitivity conditions on the fitted nuisance adjustment; not a fully refitted adjusted CI.,,
bulk_day65,reported_sex_subset,pooled_nuisance_residualized,ATG13,8,28,-0.9202371702449915,-0.5574582531348995,0.362778917110092,0.10002993781092694,0.7111110609530185,,10000,Percentile donor bootstrap. Pooled-residual sensitivity conditions on the fitted nuisance adjustment; not a fully refitted adjusted CI.,,
bulk_day65,reported_sex_subset,pooled_nuisance_residualized,ATG16L1,8,28,0.8051443406076599,0.4734626305559067,-0.33168171005175323,-0.7151499368670472,0.2773379383183813,,10000,Percentile donor bootstrap. Pooled-residual sensitivity conditions on the fitted nuisance adjustment; not a fully refitted adjusted CI.,,
bulk_day65,reported_sex_subset,pooled_nuisance_residualized,ATG2A,8,28,-0.6218212812516307,-0.5048407681947321,0.1169805130568986,-0.7749254647527023,0.5773574440173558,,10000,Percentile donor bootstrap. Pooled-residual sensitivity conditions on the fitted nuisance adjustment; not a fully refitted adjusted CI.,,
bulk_day65,reported_sex_subset,pooled_nuisance_residualized,ATG2B,8,28,0.1557626576258535,-0.08764006629411573,-0.24340272391996925,-1.0099986674350727,0.7809498037575894,,10000,Percentile donor bootstrap. Pooled-residual sensitivity conditions on the fitted nuisance adjustment; not a fully refitted adjusted CI.,,
bulk_day65,reported_sex_subset,pooled_nuisance_residualized,ATG3,8,28,0.03733966876288105,0.2187437554137221,0.18140408665084104,-0.700855491985264,1.2364544669608373,,10000,Percentile donor bootstrap. Pooled-residual sensitivity conditions on the fitted nuisance adjustment; not a fully refitted adjusted CI.,,
bulk_day65,reported_sex_subset,pooled_nuisance_residualized,ATG4B,8,28,0.40628731868382045,0.33314931009340143,-0.07313800859041902,-0.6897426183182208,0.7045834564992075,,10000,Percentile donor bootstrap. Pooled-residual sensitivity conditions on the fitted nuisance adjustment; not a fully refitted adjusted CI.,,
bulk_day65,reported_sex_subset,pooled_nuisance_residualized,ATG4C,8,28,-0.25370226663783996,-0.07935848059210047,0.17434378604573947,-0.6846517009673444,1.0499005431588482,,10000,Percentile donor bootstrap. Pooled-residual sensitivity conditions on the fitted nuisance adjustment; not a fully refitted adjusted CI.,,
bulk_day65,reported_sex_subset,pooled_nuisance_residualized,ATG5,8,28,0.04179284788449416,-0.020546294771640942,-0.062339142656135105,-1.084332366112989,0.8511487418937035,,10000,Percentile donor bootstrap. Pooled-residual sensitivity conditions on the fitted nuisance adjustment; not a fully refitted adjusted CI.,,
bulk_day65,reported_sex_subset,pooled_nuisance_residualized,ATG7,8,28,-0.5745480632168373,-0.7692794828731426,-0.19473141965630536,-1.27624144048727,0.20103643743892932,,10000,Percentile donor bootstrap. Pooled-residual sensitivity conditions on the fitted nuisance adjustment; not a fully refitted adjusted CI.,,
bulk_day65,reported_sex_subset,pooled_nuisance_residualized,ATG9B,8,28,0.7143158992631637,0.6060362326298753,-0.10827966663328847,-0.5152761314311818,0.7035105012854354,,10000,Percentile donor bootstrap. Pooled-residual sensitivity conditions on the fitted nuisance adjustment; not a fully refitted adjusted CI.,,
bulk_day65,reported_sex_subset,pooled_nuisance_residualized,ATG101,8,28,0.4570891957104674,0.047306367206335985,-0.40978282850413145,-1.1000230180921526,0.9620653647538348,,10000,Percentile donor bootstrap. Pooled-residual sensitivity conditions on the fitted nuisance adjustment; not a fully refitted adjusted CI.,,
bulk_day65,reported_sex_subset,pooled_nuisance_residualized,BCL2,8,28,-0.6617373108606777,-0.32240235277548374,0.3393349580851939,-0.5315251294134791,0.9217558968588596,,10000,Percentile donor bootstrap. Pooled-residual sensitivity conditions on the fitted nuisance adjustment; not a fully refitted adjusted CI.,,
bulk_day65,reported_sex_subset,pooled_nuisance_residualized,BECN1,8,28,-0.24590555191986083,-0.4575202884015343,-0.21161473648167348,-1.1141796310290026,0.5836687293737423,,10000,Percentile donor bootstrap. Pooled-residual sensitivity conditions on the fitted nuisance adjustment; not a fully refitted adjusted CI.,,
bulk_day65,reported_sex_subset,pooled_nuisance_residualized,CALCOCO2,8,28,-0.8112281083897415,-0.6304338108762181,0.18079429751352338,-0.13690803130816565,0.4870262880944434,,10000,Percentile donor bootstrap. Pooled-residual sensitivity conditions on the fitted nuisance adjustment; not a fully refitted adjusted CI.,,
bulk_day65,reported_sex_subset,pooled_nuisance_residualized,CLEC16A,8,28,0.14949174600130088,0.4132932678764535,0.2638015218751526,-0.6599063843515502,1.2169357816583148,,10000,Percentile donor bootstrap. Pooled-residual sensitivity conditions on the fitted nuisance adjustment; not a fully refitted adjusted CI.,,
bulk_day65,reported_sex_subset,pooled_nuisance_residualized,CTNS,8,28,-0.15717874138002633,-0.23977902476406202,-0.08260028338403569,-1.1843867428282557,0.9224178034186392,,10000,Percentile donor bootstrap. Pooled-residual sensitivity conditions on the fitted nuisance adjustment; not a fully refitted adjusted CI.,,
bulk_day65,reported_sex_subset,pooled_nuisance_residualized,EPG5,8,28,0.5666803522255236,0.1181401149920673,-0.4485402372334563,-1.095804010099516,0.5237305315558567,,10000,Percentile donor bootstrap. Pooled-residual sensitivity conditions on the fitted nuisance adjustment; not a fully refitted adjusted CI.,,
bulk_day65,reported_sex_subset,pooled_nuisance_residualized,GRN,8,28,-0.735182355937707,-0.687632986839202,0.047549369098504934,-0.6225833718003366,0.40712846598050034,,10000,Percentile donor bootstrap. Pooled-residual sensitivity conditions on the fitted nuisance adjustment; not a fully refitted adjusted CI.,,
bulk_day65,reported_sex_subset,pooled_nuisance_residualized,GABARAP,8,28,-0.1786997751695273,-0.46793995049522746,-0.2892401753257002,-1.2062727748151507,0.5932266926405537,,10000,Percentile donor bootstrap. Pooled-residual sensitivity conditions on the fitted nuisance adjustment; not a fully refitted adjusted CI.,,
bulk_day65,reported_sex_subset,pooled_nuisance_residualized,GABARAPL1,8,28,-0.3822739438510635,0.793709094130083,1.1759830379811465,0.5365568582148796,1.6706205606754867,,10000,Percentile donor bootstrap. Pooled-residual sensitivity conditions on the fitted nuisance adjustment; not a fully refitted adjusted CI.,,
bulk_day65,reported_sex_subset,pooled_nuisance_residualized,GABARAPL2,8,28,-0.13792511037674715,-0.16405740043033737,-0.026132290053590218,-0.9181006591691806,0.6841254929282108,,10000,Percentile donor bootstrap. Pooled-residual sensitivity conditions on the fitted nuisance adjustment; not a fully refitted adjusted CI.,,
bulk_day65,reported_sex_subset,pooled_nuisance_residualized,LAMP2,8,28,-0.6451546678582822,-0.6404636710773435,0.004690996780938761,-0.8019958707068959,0.47778757801095917,,10000,Percentile donor bootstrap. Pooled-residual sensitivity conditions on the fitted nuisance adjustment; not a fully refitted adjusted CI.,,
bulk_day65,reported_sex_subset,pooled_nuisance_residualized,MAP1LC3A,8,28,0.8522120972318596,0.3610390679965064,-0.4911730292353532,-0.9262220420916704,0.018262737931225164,,10000,Percentile donor bootstrap. Pooled-residual sensitivity conditions on the fitted nuisance adjustment; not a fully refitted adjusted CI.,,
bulk_day65,reported_sex_subset,pooled_nuisance_residualized,MAP1LC3B,8,28,0.37706565789004,0.6257425760663488,0.24867691817630877,-0.3458950983500464,1.1437224115550477,,10000,Percentile donor bootstrap. Pooled-residual sensitivity conditions on the fitted nuisance adjustment; not a fully refitted adjusted CI.,,
bulk_day65,reported_sex_subset,pooled_nuisance_residualized,NBR1,8,28,-0.8980976049576886,-0.5559844591970617,0.3421131457606269,-0.0027531330958275742,0.7025324502186971,,10000,Percentile donor bootstrap. Pooled-residual sensitivity conditions on the fitted nuisance adjustment; not a fully refitted adjusted CI.,,
bulk_day65,reported_sex_subset,pooled_nuisance_residualized,OPTN,8,28,0.8678362321112282,0.8032669882983765,-0.06456924381285167,-0.23937586659673327,0.3791357992311799,,10000,Percentile donor bootstrap. Pooled-residual sensitivity conditions on the fitted nuisance adjustment; not a fully refitted adjusted CI.,,
bulk_day65,reported_sex_subset,pooled_nuisance_residualized,PRKN,8,28,0.08564861764808883,0.46286224721098346,0.3772136295628946,-0.5508308964116061,1.319249035163935,,10000,Percentile donor bootstrap. Pooled-residual sensitivity conditions on the fitted nuisance adjustment; not a fully refitted adjusted CI.,,
bulk_day65,reported_sex_subset,pooled_nuisance_residualized,PIK3R4,8,28,-0.7742419854964951,-0.14086224792521287,0.6333797375712823,0.1479339537987657,1.1110501074546895,,10000,Percentile donor bootstrap. Pooled-residual sensitivity conditions on the fitted nuisance adjustment; not a fully refitted adjusted CI.,,
bulk_day65,reported_sex_subset,pooled_nuisance_residualized,PINK1,8,28,0.18917973898202708,0.2236758600637115,0.03449612108168443,-0.7361827150451938,1.0472142684500247,,10000,Percentile donor bootstrap. Pooled-residual sensitivity conditions on the fitted nuisance adjustment; not a fully refitted adjusted CI.,,
bulk_day65,reported_sex_subset,pooled_nuisance_residualized,RB1CC1,8,28,0.3355930314082764,0.774971438043207,0.4393784066349306,-0.15545669363078538,1.250246121193955,,10000,Percentile donor bootstrap. Pooled-residual sensitivity conditions on the fitted nuisance adjustment; not a fully refitted adjusted CI.,,
bulk_day65,reported_sex_subset,pooled_nuisance_residualized,SNX14,8,28,0.5127896600865826,0.06880158337913626,-0.4439880767074463,-1.0399616066544473,0.8126398601049665,,10000,Percentile donor bootstrap. Pooled-residual sensitivity conditions on the fitted nuisance adjustment; not a fully refitted adjusted CI.,,
bulk_day65,reported_sex_subset,pooled_nuisance_residualized,SNX30,8,28,0.3314279086438777,0.24062911604697498,-0.09079879259690274,-0.8447012836154767,0.918860217931489,,10000,Percentile donor bootstrap. Pooled-residual sensitivity conditions on the fitted nuisance adjustment; not a fully refitted adjusted CI.,,
bulk_day65,reported_sex_subset,pooled_nuisance_residualized,SNX4,8,28,-0.5055063218546921,-0.1537488896125665,0.35175743224212563,-0.8951231864310297,1.0342139796889462,,10000,Percentile donor bootstrap. Pooled-residual sensitivity conditions on the fitted nuisance adjustment; not a fully refitted adjusted CI.,,
bulk_day65,reported_sex_subset,pooled_nuisance_residualized,SQSTM1,8,28,-0.14142335373531367,-0.5117735182927023,-0.3703501645573887,-1.3455985824579233,0.5534121134114443,,10000,Percentile donor bootstrap. Pooled-residual sensitivity conditions on the fitted nuisance adjustment; not a fully refitted adjusted CI.,,
bulk_day65,reported_sex_subset,pooled_nuisance_residualized,SPG11,8,28,0.05158754021497985,-0.4905206165225532,-0.542108156737533,-1.1573129658075674,0.20366114312347194,,10000,Percentile donor bootstrap. Pooled-residual sensitivity conditions on the fitted nuisance adjustment; not a fully refitted adjusted CI.,,
bulk_day65,reported_sex_subset,pooled_nuisance_residualized,TOLLIP,8,28,0.47698903961392913,0.06091237181616537,-0.41607666779776376,-1.0354169639012263,0.588095836547545,,10000,Percentile donor bootstrap. Pooled-residual sensitivity conditions on the fitted nuisance adjustment; not a fully refitted adjusted CI.,,
bulk_day65,reported_sex_subset,pooled_nuisance_residualized,UVRAG,8,28,0.3560003467819525,0.510090196103808,0.1540898493218555,-0.43100416535062924,1.03448830114887,,10000,Percentile donor bootstrap. Pooled-residual sensitivity conditions on the fitted nuisance adjustment; not a fully refitted adjusted CI.,,
bulk_day65,reported_sex_subset,pooled_nuisance_residualized,WDR45,8,28,0.2605105573319805,-0.1959591222938742,-0.45646967962585466,-1.1831304539770058,0.6803007373223924,,10000,Percentile donor bootstrap. Pooled-residual sensitivity conditions on the fitted nuisance adjustment; not a fully refitted adjusted CI.,,
bulk_day65,reported_sex_subset,pooled_nuisance_residualized,WIPI1,8,28,-0.4188609470118933,-0.045736440259811086,0.3731245067520822,-0.5460309144546287,1.0057277491118575,,10000,Percentile donor bootstrap. Pooled-residual sensitivity conditions on the fitted nuisance adjustment; not a fully refitted adjusted CI.,,
bulk_day65,reported_sex_subset,pooled_nuisance_residualized,WIPI2,8,28,-0.6393852925764911,-0.3496370072639834,0.28974828531250774,-0.9018039727945201,0.8198981159648655,,10000,Percentile donor bootstrap. Pooled-residual sensitivity conditions on the fitted nuisance adjustment; not a fully refitted adjusted CI.,,
bulk_day65,reported_sex_subset,pooled_nuisance_residualized,ZFYVE21,8,28,-0.6498548043146265,-0.22041072951176235,0.4294440748028642,-0.5258030032438424,0.9256067725668308,,10000,Percentile donor bootstrap. Pooled-residual sensitivity conditions on the fitted nuisance adjustment; not a fully refitted adjusted CI.,,
bulk_day0,all_donors_batch_adjustment,Pearson,ATG10,9,32,-0.4488515948390079,0.09453187141789765,0.5433834662569055,-0.4031938980721775,1.1224427712489264,0.19742619396193473,10000,Percentile donor bootstrap; small-control-cohort limitations apply.,0.8721658309936483,
bulk_day0,all_donors_batch_adjustment,Pearson,ATG12,9,32,-0.2604372513593161,0.018009443466125097,0.2784466948254412,-0.6000418419829168,0.9898062452254863,0.5257290297687696,10000,Percentile donor bootstrap; small-control-cohort limitations apply.,0.8721658309936483,
bulk_day0,all_donors_batch_adjustment,Pearson,ATG13,9,32,0.21729885425719936,0.08935750619130733,-0.12794134806589202,-0.9162620063931433,0.7643330042911703,0.7698403927763272,10000,Percentile donor bootstrap; small-control-cohort limitations apply.,0.8721658309936483,
bulk_day0,all_donors_batch_adjustment,Pearson,ATG16L1,9,32,-0.5549645725813317,-0.5252313570737378,0.02973321550759389,-0.9014745388554715,0.5190843046855338,0.9254076291705025,10000,Percentile donor bootstrap; small-control-cohort limitations apply.,0.9824466701775632,
bulk_day0,all_donors_batch_adjustment,Pearson,ATG2A,9,32,0.5816965811399972,0.28254872701827877,-0.29914785412171846,-0.84131980169444,0.7161266535603417,0.4036191634949845,10000,Percentile donor bootstrap; small-control-cohort limitations apply.,0.8721658309936483,
bulk_day0,all_donors_batch_adjustment,Pearson,ATG2B,9,32,-0.39064572207655385,0.20559248233248684,0.5962382044090406,-0.25608480197547073,1.1832534114110984,0.16608069842007,10000,Percentile donor bootstrap; small-control-cohort limitations apply.,0.8721658309936483,
bulk_day0,all_donors_batch_adjustment,Pearson,ATG3,9,32,0.06784650864606644,0.2824452512451599,0.21459874259909345,-0.488740952227692,1.060897798633999,0.6200014162705889,10000,Percentile donor bootstrap; small-control-cohort limitations apply.,0.8721658309936483,
bulk_day0,all_donors_batch_adjustment,Pearson,ATG4B,9,32,-0.19899656172096752,-0.3393857596845002,-0.14038919796353266,-0.9710272289285131,0.5524549004011041,0.7351637421540671,10000,Percentile donor bootstrap; small-control-cohort limitations apply.,0.8721658309936483,
bulk_day0,all_donors_batch_adjustment,Pearson,ATG4C,9,32,0.690350343828447,0.6107922094058635,-0.07955813442258342,-0.5044386201264149,0.4586824769629727,0.757567052097136,10000,Percentile donor bootstrap; small-control-cohort limitations apply.,0.8721658309936483,
bulk_day0,all_donors_batch_adjustment,Pearson,ATG5,9,32,-0.04371530668550604,0.4225227459239782,0.46623805260948425,-0.37040020732816054,1.2796873877077306,0.2702109766080799,10000,Percentile donor bootstrap; small-control-cohort limitations apply.,0.8721658309936483,
bulk_day0,all_donors_batch_adjustment,Pearson,ATG7,9,32,0.5350696034798164,-0.1711008121655222,-0.7061704156453386,-1.269416061503048,0.2705378215739701,0.08599831751640392,10000,Percentile donor bootstrap; small-control-cohort limitations apply.,0.8721658309936483,
bulk_day0,all_donors_batch_adjustment,Pearson,ATG9B,9,32,0.41306202296843375,0.06759524760335665,-0.3454667753650771,-0.8971423946227303,0.4108195117409279,0.40736285883137613,10000,Percentile donor bootstrap; small-control-cohort limitations apply.,0.8721658309936483,
bulk_day0,all_donors_batch_adjustment,Pearson,ATG101,9,32,0.007848751327683293,0.19478487544301987,0.18693612411533658,-0.5028780070770356,0.947743348854454,0.6727135633795092,10000,Percentile donor bootstrap; small-control-cohort limitations apply.,0.8721658309936483,
bulk_day0,all_donors_batch_adjustment,Pearson,BCL2,9,32,0.519984637925853,0.3183007949745535,-0.20168384295129954,-0.7237530026671777,0.4338426634872842,0.5824872520263877,10000,Percentile donor bootstrap; small-control-cohort limitations apply.,0.8721658309936483,
bulk_day0,all_donors_batch_adjustment,Pearson,BECN1,9,32,0.13885640258695006,-0.1692578783485085,-0.30811428093545856,-0.9659225000859579,0.5525884605701352,0.48851450400948837,10000,Percentile donor bootstrap; small-control-cohort limitations apply.,0.8721658309936483,
bulk_day0,all_donors_batch_adjustment,Pearson,CALCOCO2,9,32,0.840586181373707,0.6309978838034277,-0.2095882975702793,-0.5641012309724156,0.36352783289520213,0.2844147529825103,10000,Percentile donor bootstrap; small-control-cohort limitations apply.,0.8721658309936483,
bulk_day0,all_donors_batch_adjustment,Pearson,CLEC16A,9,32,-0.30997490638306385,0.3164709189117229,0.6264458252947868,-0.14925456184407587,1.2401351639328209,0.148357679827341,10000,Percentile donor bootstrap; small-control-cohort limitations apply.,0.8721658309936483,
bulk_day0,all_donors_batch_adjustment,Pearson,CTNS,9,32,-0.7752880965896015,-0.6814191007410944,0.09386899584850716,-0.25471611554656554,0.4068629804498021,0.6529237151608969,10000,Percentile donor bootstrap; small-control-cohort limitations apply.,0.8721658309936483,
bulk_day0,all_donors_batch_adjustment,Pearson,EPG5,9,32,-0.03152258929702563,-0.0112935914990976,0.020228997797928028,-0.7543514313684836,0.6465635778906516,0.9640067069066452,10000,Percentile donor bootstrap; small-control-cohort limitations apply.,0.9869592475472796,
bulk_day0,all_donors_batch_adjustment,Pearson,GRN,9,32,-0.3236561264862245,-0.19869698264979208,0.12495914383643242,-0.7245912484446609,0.9563926697967182,0.7645156164932181,10000,Percentile donor bootstrap; small-control-cohort limitations apply.,0.8721658309936483,
bulk_day0,all_donors_batch_adjustment,Pearson,GABARAP,9,32,0.6111298088238374,0.30783607524617107,-0.3032937335776663,-0.7789995590676928,0.4148664616085533,0.3814104553637181,10000,Percentile donor bootstrap; small-control-cohort limitations apply.,0.8721658309936483,
bulk_day0,all_donors_batch_adjustment,Pearson,GABARAPL1,9,32,0.5383769366497553,0.6383783480815648,0.10000141143180952,-0.394206116703162,1.129437234936118,0.7320511076730051,10000,Percentile donor bootstrap; small-control-cohort limitations apply.,0.8721658309936483,
bulk_day0,all_donors_batch_adjustment,Pearson,GABARAPL2,9,32,0.5549063892351624,0.3338498193397004,-0.22105656989546202,-0.7794134276875395,0.7627558865869334,0.534934589780639,10000,Percentile donor bootstrap; small-control-cohort limitations apply.,0.8721658309936483,
bulk_day0,all_donors_batch_adjustment,Pearson,LAMP2,9,32,-0.8034453704429063,-0.49923346828980963,0.3042119021530967,-0.14704494029280796,0.6285913637284175,0.21182845751206747,10000,Percentile donor bootstrap; small-control-cohort limitations apply.,0.8721658309936483,
bulk_day0,all_donors_batch_adjustment,Pearson,MAP1LC3A,9,32,0.7874176861373845,0.34752503858273565,-0.43989264755464885,-0.894357645074316,0.2551763195475275,0.11754352421554169,10000,Percentile donor bootstrap; small-control-cohort limitations apply.,0.8721658309936483,
bulk_day0,all_donors_batch_adjustment,Pearson,MAP1LC3B,9,32,0.4438343677668568,0.24198222920979987,-0.20185213855705694,-0.8760573668285265,0.7650555209886882,0.6078916129649883,10000,Percentile donor bootstrap; small-control-cohort limitations apply.,0.8721658309936483,
bulk_day0,all_donors_batch_adjustment,Pearson,NBR1,9,32,0.7889345581664666,0.6514462206299523,-0.13748833753651435,-0.4799940368542221,0.4933674378597148,0.5167389542453605,10000,Percentile donor bootstrap; small-control-cohort limitations apply.,0.8721658309936483,
bulk_day0,all_donors_batch_adjustment,Pearson,OPTN,9,32,0.4414863813922335,0.6538155520203023,0.21232917062806878,-0.339195455642295,1.115091825293535,0.49244608259144496,10000,Percentile donor bootstrap; small-control-cohort limitations apply.,0.8721658309936483,
bulk_day0,all_donors_batch_adjustment,Pearson,PRKN,9,32,0.34051566643346404,0.20699310551362915,-0.1335225609198349,-0.8162609119459787,0.5826025979693426,0.7470609624670668,10000,Percentile donor bootstrap; small-control-cohort limitations apply.,0.8721658309936483,
bulk_day0,all_donors_batch_adjustment,Pearson,PIK3R4,9,32,-0.47163384965589,-0.12575857930725354,0.34587527034863647,-0.4192350174658098,0.9616979099411834,0.3897468781026352,10000,Percentile donor bootstrap; small-control-cohort limitations apply.,0.8721658309936483,
bulk_day0,all_donors_batch_adjustment,Pearson,PINK1,9,32,0.404112561985981,0.43345587318249157,0.02934331119651057,-0.6653700535148908,1.0045565304177522,0.936751476215816,10000,Percentile donor bootstrap; small-control-cohort limitations apply.,0.9824466701775632,
bulk_day0,all_donors_batch_adjustment,Pearson,RB1CC1,9,32,-0.13057202626686065,-0.047171980821828996,0.08340004544503166,-0.8192999231368909,0.9204130564854376,0.851230905619544,10000,Percentile donor bootstrap; small-control-cohort limitations apply.,0.9385366395292408,
bulk_day0,all_donors_batch_adjustment,Pearson,SNX14,9,32,-0.8692297985494014,-0.4345522319252728,0.4346775666241286,0.019187859006337668,0.7193564156807984,0.053931968526005576,10000,Percentile donor bootstrap; small-control-cohort limitations apply.,0.8721658309936483,
bulk_day0,all_donors_batch_adjustment,Pearson,SNX30,9,32,0.59124873241572,0.42960412961886363,-0.16164460279685633,-0.6438107613129675,0.6328342300629548,0.6234884255735784,10000,Percentile donor bootstrap; small-control-cohort limitations apply.,0.8721658309936483,
bulk_day0,all_donors_batch_adjustment,Pearson,SNX4,9,32,0.5094425038696808,0.40639714197052546,-0.10304536189915536,-0.6472645411344007,0.8431480288962582,0.7707511994827589,10000,Percentile donor bootstrap; small-control-cohort limitations apply.,0.8721658309936483,
bulk_day0,all_donors_batch_adjustment,Pearson,SQSTM1,9,32,0.047673865663271205,-0.21706380518370486,-0.2647376708469761,-0.8951618422303397,0.5213129625687241,0.5497185793099262,10000,Percentile donor bootstrap; small-control-cohort limitations apply.,0.8721658309936483,
bulk_day0,all_donors_batch_adjustment,Pearson,SPG11,9,32,0.19701469487021675,-0.027027483638589218,-0.22404217850880598,-0.8472810485268016,0.46527201359876946,0.6132958572053131,10000,Percentile donor bootstrap; small-control-cohort limitations apply.,0.8721658309936483,
bulk_day0,all_donors_batch_adjustment,Pearson,TOLLIP,9,32,0.3904575462013935,0.26124798268297417,-0.12920956351841933,-0.7848773239029151,0.7725008462657902,0.7466480433608071,10000,Percentile donor bootstrap; small-control-cohort limitations apply.,0.8721658309936483,
bulk_day0,all_donors_batch_adjustment,Pearson,UVRAG,9,32,0.5444581975406149,0.38378437630328993,-0.16067382123732493,-0.6366163211918151,0.8966274926980329,0.6460416665374609,10000,Percentile donor bootstrap; small-control-cohort limitations apply.,0.8721658309936483,
bulk_day0,all_donors_batch_adjustment,Pearson,WDR45,9,32,-0.46812930104415135,-0.47264758829460407,-0.004518287250452724,-0.6483639231327444,0.5447836476775735,0.9896782132740244,10000,Percentile donor bootstrap; small-control-cohort limitations apply.,0.9896782132740245,
bulk_day0,all_donors_batch_adjustment,Pearson,WIPI1,9,32,0.7017816478014315,0.4459196630183795,-0.255861984783052,-0.6871591342845265,0.5460191247248095,0.38306522522089903,10000,Percentile donor bootstrap; small-control-cohort limitations apply.,0.8721658309936483,
bulk_day0,all_donors_batch_adjustment,Pearson,WIPI2,9,32,0.5888083963173995,0.3809928295654853,-0.20781556675191415,-0.7437073229900699,0.7060337343315937,0.5403319631748951,10000,Percentile donor bootstrap; small-control-cohort limitations apply.,0.8721658309936483,
bulk_day0,all_donors_batch_adjustment,Pearson,ZFYVE21,9,32,0.642305235237324,0.42281823676388414,-0.21948699847343983,-0.7036444436709948,0.4787220146239755,0.48808437477529465,10000,Percentile donor bootstrap; small-control-cohort limitations apply.,0.8721658309936483,
bulk_day0,all_donors_batch_adjustment,Spearman,ATG10,9,32,-0.5333333333333332,-0.07771260997067447,0.45562072336265874,-0.5102415540331319,1.0853903700171417,,10000,Percentile donor bootstrap; small-control-cohort limitations apply.,,
bulk_day0,all_donors_batch_adjustment,Spearman,ATG12,9,32,-0.31666666666666665,0.13453079178885627,0.45119745845552295,-0.41871014982461524,1.112223384876226,,10000,Percentile donor bootstrap; small-control-cohort limitations apply.,,
bulk_day0,all_donors_batch_adjustment,Spearman,ATG13,9,32,0.21666666666666665,-0.006231671554252198,-0.22289833822091884,-0.9945203765925518,0.7469804133780442,,10000,Percentile donor bootstrap; small-control-cohort limitations apply.,,
bulk_day0,all_donors_batch_adjustment,Spearman,ATG16L1,9,32,-0.49999999999999994,-0.5260263929618767,-0.026026392961876754,-1.03752396426775,0.5398190235658916,,10000,Percentile donor bootstrap; small-control-cohort limitations apply.,,
bulk_day0,all_donors_batch_adjustment,Spearman,ATG2A,9,32,0.5333333333333332,0.28335777126099704,-0.24997556207233618,-0.8969453783293295,0.7528741289455867,,10000,Percentile donor bootstrap; small-control-cohort limitations apply.,,
bulk_day0,all_donors_batch_adjustment,Spearman,ATG2B,9,32,-0.31666666666666665,0.22140762463343105,0.5380742913000978,-0.40906381064446556,1.1814366556803242,,10000,Percentile donor bootstrap; small-control-cohort limitations apply.,,
bulk_day0,all_donors_batch_adjustment,Spearman,ATG3,9,32,-0.049999999999999996,0.2983870967741935,0.3483870967741935,-0.44096719861879546,1.1817332713843718,,10000,Percentile donor bootstrap; small-control-cohort limitations apply.,,
bulk_day0,all_donors_batch_adjustment,Spearman,ATG4B,9,32,-0.033333333333333326,-0.3112170087976539,-0.2778836754643206,-1.125195282498373,0.5255034102001589,,10000,Percentile donor bootstrap; small-control-cohort limitations apply.,,
bulk_day0,all_donors_batch_adjustment,Spearman,ATG4C,9,32,0.7333333333333333,0.6063049853372433,-0.12702834799608997,-0.5582543700288313,0.5450979729046198,,10000,Percentile donor bootstrap; small-control-cohort limitations apply.,,
bulk_day0,all_donors_batch_adjustment,Spearman,ATG5,9,32,0.16666666666666666,0.4431818181818181,0.2765151515151515,-0.47023659497462417,1.2107530306429575,,10000,Percentile donor bootstrap; small-control-cohort limitations apply.,,
bulk_day0,all_donors_batch_adjustment,Spearman,ATG7,9,32,0.5666666666666667,-0.0784457478005865,-0.6451124144672531,-1.2398821027927645,0.32940067793317235,,10000,Percentile donor bootstrap; small-control-cohort limitations apply.,,
bulk_day0,all_donors_batch_adjustment,Spearman,ATG9B,9,32,0.49999999999999994,0.08321114369501464,-0.4167888563049853,-0.9392583602131597,0.5315595887463898,,10000,Percentile donor bootstrap; small-control-cohort limitations apply.,,
bulk_day0,all_donors_batch_adjustment,Spearman,ATG101,9,32,-0.033333333333333326,0.2166422287390029,0.24997556207233623,-0.5729884230373707,1.006828232193632,,10000,Percentile donor bootstrap; small-control-cohort limitations apply.,,
bulk_day0,all_donors_batch_adjustment,Spearman,BCL2,9,32,0.5333333333333332,0.3368768328445747,-0.1964565004887585,-0.711373544240622,0.5487476771938519,,10000,Percentile donor bootstrap; small-control-cohort limitations apply.,,
bulk_day0,all_donors_batch_adjustment,Spearman,BECN1,9,32,0.21666666666666665,-0.1066715542521994,-0.32333822091886605,-1.041238287728386,0.5955277927137166,,10000,Percentile donor bootstrap; small-control-cohort limitations apply.,,
bulk_day0,all_donors_batch_adjustment,Spearman,CALCOCO2,9,32,0.8166666666666665,0.6143695014662756,-0.20229716520039098,-0.6311742272221799,0.47782869483515805,,10000,Percentile donor bootstrap; small-control-cohort limitations apply.,,
bulk_day0,all_donors_batch_adjustment,Spearman,CLEC16A,9,32,-0.1333333333333333,0.29325513196480935,0.42658846529814265,-0.464597844387629,1.2154245169294948,,10000,Percentile donor bootstrap; small-control-cohort limitations apply.,,
bulk_day0,all_donors_batch_adjustment,Spearman,CTNS,9,32,-0.8166666666666665,-0.659457478005865,0.15720918866080158,-0.4578994625593338,0.5184882684882683,,10000,Percentile donor bootstrap; small-control-cohort limitations apply.,,
bulk_day0,all_donors_batch_adjustment,Spearman,EPG5,9,32,0.016666666666666663,0.06158357771260996,0.044916911045943295,-0.8839647608118187,0.7871769176268835,,10000,Percentile donor bootstrap; small-control-cohort limitations apply.,,
bulk_day0,all_donors_batch_adjustment,Spearman,GRN,9,32,-0.21666666666666665,-0.17485337243401758,0.04181329423264907,-0.8722544741496318,0.962867988223404,,10000,Percentile donor bootstrap; small-control-cohort limitations apply.,,
bulk_day0,all_donors_batch_adjustment,Spearman,GABARAP,9,32,0.7,0.29692082111436946,-0.4030791788856305,-0.8836890229187325,0.4808196727922874,,10000,Percentile donor bootstrap; small-control-cohort limitations apply.,,
bulk_day0,all_donors_batch_adjustment,Spearman,GABARAPL1,9,32,0.6333333333333333,0.6700879765395893,0.03675464320625599,-0.42818603485410184,0.9038081324131104,,10000,Percentile donor bootstrap; small-control-cohort limitations apply.,,
bulk_day0,all_donors_batch_adjustment,Spearman,GABARAPL2,9,32,0.5833333333333333,0.3233137829912023,-0.260019550342131,-0.8730705886017532,0.7674508127299543,,10000,Percentile donor bootstrap; small-control-cohort limitations apply.,,
bulk_day0,all_donors_batch_adjustment,Spearman,LAMP2,9,32,-0.8166666666666665,-0.4901026392961876,0.32656402737047896,-0.22633596276577725,0.6961266891953973,,10000,Percentile donor bootstrap; small-control-cohort limitations apply.,,
bulk_day0,all_donors_batch_adjustment,Spearman,MAP1LC3A,9,32,0.7666666666666666,0.22434017595307915,-0.5423264907135874,-1.0485260348664034,0.27343394104856106,,10000,Percentile donor bootstrap; small-control-cohort limitations apply.,,
bulk_day0,all_donors_batch_adjustment,Spearman,MAP1LC3B,9,32,0.4833333333333333,0.21041055718475069,-0.2729227761485826,-0.9547372151115272,0.7696746963030554,,10000,Percentile donor bootstrap; small-control-cohort limitations apply.,,
bulk_day0,all_donors_batch_adjustment,Spearman,NBR1,9,32,0.7,0.6543255131964808,-0.045674486803519154,-0.49884598365227906,0.8555832790509325,,10000,Percentile donor bootstrap; small-control-cohort limitations apply.,,
bulk_day0,all_donors_batch_adjustment,Spearman,OPTN,9,32,0.44999999999999996,0.6700879765395893,0.22008797653958934,-0.388617036986149,1.1516674733676475,,10000,Percentile donor bootstrap; small-control-cohort limitations apply.,,
bulk_day0,all_donors_batch_adjustment,Spearman,PRKN,9,32,0.44999999999999996,0.12206744868035188,-0.32793255131964805,-0.9851011421331642,0.5611384242811517,,10000,Percentile donor bootstrap; small-control-cohort limitations apply.,,
bulk_day0,all_donors_batch_adjustment,Spearman,PIK3R4,9,32,-0.3833333333333333,-0.18951612903225803,0.19381720430107527,-0.6589147281857224,0.8707321387465656,,10000,Percentile donor bootstrap; small-control-cohort limitations apply.,,
bulk_day0,all_donors_batch_adjustment,Spearman,PINK1,9,32,0.3833333333333333,0.502932551319648,0.11959921798631468,-0.6134517412546244,1.0327162999397865,,10000,Percentile donor bootstrap; small-control-cohort limitations apply.,,
bulk_day0,all_donors_batch_adjustment,Spearman,RB1CC1,9,32,0.0,0.03189149560117301,0.03189149560117301,-0.861164300053938,0.9747903164904754,,10000,Percentile donor bootstrap; small-control-cohort limitations apply.,,
bulk_day0,all_donors_batch_adjustment,Spearman,SNX14,9,32,-0.8333333333333333,-0.4967008797653958,0.3366324535679375,-0.2969691049478111,0.7009105986426144,,10000,Percentile donor bootstrap; small-control-cohort limitations apply.,,
bulk_day0,all_donors_batch_adjustment,Spearman,SNX30,9,32,0.6666666666666666,0.4420821114369501,-0.22458455522971654,-0.7394721050048039,0.6173069849813644,,10000,Percentile donor bootstrap; small-control-cohort limitations apply.,,
bulk_day0,all_donors_batch_adjustment,Spearman,SNX4,9,32,0.39999999999999997,0.4193548387096773,0.019354838709677358,-0.5754199375486192,0.9677477620616562,,10000,Percentile donor bootstrap; small-control-cohort limitations apply.,,
bulk_day0,all_donors_batch_adjustment,Spearman,SQSTM1,9,32,0.033333333333333326,-0.1510263929618768,-0.18435972629521014,-0.9202815905252629,0.7394564703042086,,10000,Percentile donor bootstrap; small-control-cohort limitations apply.,,
bulk_day0,all_donors_batch_adjustment,Spearman,SPG11,9,32,0.24999999999999997,-0.03189149560117301,-0.281891495601173,-0.9494007835333382,0.5977216582235582,,10000,Percentile donor bootstrap; small-control-cohort limitations apply.,,
bulk_day0,all_donors_batch_adjustment,Spearman,TOLLIP,9,32,0.5166666666666666,0.3599706744868035,-0.15669599217986313,-0.7396693457910603,0.8260851084789489,,10000,Percentile donor bootstrap; small-control-cohort limitations apply.,,
bulk_day0,all_donors_batch_adjustment,Spearman,UVRAG,9,32,0.2666666666666666,0.43071847507331373,0.16405180840664713,-0.5727096336979324,1.2479179163691974,,10000,Percentile donor bootstrap; small-control-cohort limitations apply.,,
bulk_day0,all_donors_batch_adjustment,Spearman,WDR45,9,32,-0.4666666666666666,-0.4226539589442814,0.04401270772238519,-0.7750688956605682,0.6503099883158437,,10000,Percentile donor bootstrap; small-control-cohort limitations apply.,,
bulk_day0,all_donors_batch_adjustment,Spearman,WIPI1,9,32,0.7833333333333332,0.439882697947214,-0.3434506353861192,-0.8017652879627788,0.3982234082182464,,10000,Percentile donor bootstrap; small-control-cohort limitations apply.,,
bulk_day0,all_donors_batch_adjustment,Spearman,WIPI2,9,32,0.7,0.3335777126099706,-0.36642228739002936,-0.9224334327301013,0.561868033066264,,10000,Percentile donor bootstrap; small-control-cohort limitations apply.,,
bulk_day0,all_donors_batch_adjustment,Spearman,ZFYVE21,9,32,0.6499999999999999,0.47360703812316707,-0.17639296187683284,-0.7291242616861435,0.6486702614716195,,10000,Percentile donor bootstrap; small-control-cohort limitations apply.,,
bulk_day0,all_donors_batch_adjustment,pooled_nuisance_residualized,ATG10,9,32,0.48656777391342365,0.13309832270525596,-0.3534694512081677,-1.0015354880084912,1.022076767790893,,10000,Percentile donor bootstrap. Pooled-residual sensitivity conditions on the fitted nuisance adjustment; not a fully refitted adjusted CI.,,
bulk_day0,all_donors_batch_adjustment,pooled_nuisance_residualized,ATG12,9,32,-0.12848304319507642,0.18670098895265422,0.3151840321477306,-0.5332000092275999,1.0373002323875549,,10000,Percentile donor bootstrap. Pooled-residual sensitivity conditions on the fitted nuisance adjustment; not a fully refitted adjusted CI.,,
bulk_day0,all_donors_batch_adjustment,pooled_nuisance_residualized,ATG13,9,32,0.4210850230408277,0.09152816846904259,-0.3295568545717851,-0.928197396762327,0.14252833650477664,,10000,Percentile donor bootstrap. Pooled-residual sensitivity conditions on the fitted nuisance adjustment; not a fully refitted adjusted CI.,,
bulk_day0,all_donors_batch_adjustment,pooled_nuisance_residualized,ATG16L1,9,32,-0.763270772593821,-0.16014312369830264,0.6031276488955184,0.13898472500224907,1.0112542674785558,,10000,Percentile donor bootstrap. Pooled-residual sensitivity conditions on the fitted nuisance adjustment; not a fully refitted adjusted CI.,,
bulk_day0,all_donors_batch_adjustment,pooled_nuisance_residualized,ATG2A,9,32,0.156308346587992,-0.03565816044847607,-0.19196650703646806,-0.9160532178109421,0.6335349727808287,,10000,Percentile donor bootstrap. Pooled-residual sensitivity conditions on the fitted nuisance adjustment; not a fully refitted adjusted CI.,,
bulk_day0,all_donors_batch_adjustment,pooled_nuisance_residualized,ATG2B,9,32,-0.38512482301516576,-0.1650579651796668,0.22006685783549895,-0.7322219521204759,0.7722194925312057,,10000,Percentile donor bootstrap. Pooled-residual sensitivity conditions on the fitted nuisance adjustment; not a fully refitted adjusted CI.,,
bulk_day0,all_donors_batch_adjustment,pooled_nuisance_residualized,ATG3,9,32,0.5715703108868917,0.272817936893377,-0.2987523739935147,-0.8659580804646758,0.5850200473816399,,10000,Percentile donor bootstrap. Pooled-residual sensitivity conditions on the fitted nuisance adjustment; not a fully refitted adjusted CI.,,
bulk_day0,all_donors_batch_adjustment,pooled_nuisance_residualized,ATG4B,9,32,-0.3384108290061377,-0.11833149890455007,0.22007933010158764,-0.7020440892200381,0.8502932772943953,,10000,Percentile donor bootstrap. Pooled-residual sensitivity conditions on the fitted nuisance adjustment; not a fully refitted adjusted CI.,,
bulk_day0,all_donors_batch_adjustment,pooled_nuisance_residualized,ATG4C,9,32,0.4668906082316226,0.4080568625708128,-0.05883374566080979,-0.6388768663501543,0.9793898503370156,,10000,Percentile donor bootstrap. Pooled-residual sensitivity conditions on the fitted nuisance adjustment; not a fully refitted adjusted CI.,,
bulk_day0,all_donors_batch_adjustment,pooled_nuisance_residualized,ATG5,9,32,0.37418850969941664,0.28195853038203966,-0.09222997931737698,-0.6694185628973723,0.40607158003061894,,10000,Percentile donor bootstrap. Pooled-residual sensitivity conditions on the fitted nuisance adjustment; not a fully refitted adjusted CI.,,
bulk_day0,all_donors_batch_adjustment,pooled_nuisance_residualized,ATG7,9,32,-0.014810165940694462,-0.29347388194218493,-0.2786637160014905,-1.129501081443736,0.5784534114357324,,10000,Percentile donor bootstrap. Pooled-residual sensitivity conditions on the fitted nuisance adjustment; not a fully refitted adjusted CI.,,
bulk_day0,all_donors_batch_adjustment,pooled_nuisance_residualized,ATG9B,9,32,-0.42340973770094453,0.16697644266131711,0.5903861803622616,0.06301941471743559,1.0673624972726872,,10000,Percentile donor bootstrap. Pooled-residual sensitivity conditions on the fitted nuisance adjustment; not a fully refitted adjusted CI.,,
bulk_day0,all_donors_batch_adjustment,pooled_nuisance_residualized,ATG101,9,32,0.5483649169248651,0.24170139201832772,-0.30666352490653737,-0.8971982875299451,0.5374429096920633,,10000,Percentile donor bootstrap. Pooled-residual sensitivity conditions on the fitted nuisance adjustment; not a fully refitted adjusted CI.,,
bulk_day0,all_donors_batch_adjustment,pooled_nuisance_residualized,BCL2,9,32,0.15106882971291133,0.009637958746481398,-0.14143087096642992,-0.773050515316728,0.6317024840841908,,10000,Percentile donor bootstrap. Pooled-residual sensitivity conditions on the fitted nuisance adjustment; not a fully refitted adjusted CI.,,
bulk_day0,all_donors_batch_adjustment,pooled_nuisance_residualized,BECN1,9,32,0.5740117692798726,-0.21109505213878887,-0.7851068214186615,-1.2639071383465195,-0.10325032564582816,,10000,Percentile donor bootstrap. Pooled-residual sensitivity conditions on the fitted nuisance adjustment; not a fully refitted adjusted CI.,,
bulk_day0,all_donors_batch_adjustment,pooled_nuisance_residualized,CALCOCO2,9,32,0.7021229063809553,0.4075512866535842,-0.2945716197273711,-0.8083086126828921,0.35361821850635555,,10000,Percentile donor bootstrap. Pooled-residual sensitivity conditions on the fitted nuisance adjustment; not a fully refitted adjusted CI.,,
bulk_day0,all_donors_batch_adjustment,pooled_nuisance_residualized,CLEC16A,9,32,-0.6158481831311522,0.19255042083378535,0.8083986039649376,0.08815481898494548,1.2361640200645843,,10000,Percentile donor bootstrap. Pooled-residual sensitivity conditions on the fitted nuisance adjustment; not a fully refitted adjusted CI.,,
bulk_day0,all_donors_batch_adjustment,pooled_nuisance_residualized,CTNS,9,32,-0.8508521328066597,-0.4947126605359292,0.3561394722707305,-0.04047302385066835,0.7407074752219137,,10000,Percentile donor bootstrap. Pooled-residual sensitivity conditions on the fitted nuisance adjustment; not a fully refitted adjusted CI.,,
bulk_day0,all_donors_batch_adjustment,pooled_nuisance_residualized,EPG5,9,32,-0.7184733897849255,-0.14050099365051286,0.5779723961344126,-0.24853994982798563,1.0586321239799676,,10000,Percentile donor bootstrap. Pooled-residual sensitivity conditions on the fitted nuisance adjustment; not a fully refitted adjusted CI.,,
bulk_day0,all_donors_batch_adjustment,pooled_nuisance_residualized,GRN,9,32,-0.7142960985075908,-0.17597566506232645,0.5383204334452644,-0.33369290230585974,1.1792215969050721,,10000,Percentile donor bootstrap. Pooled-residual sensitivity conditions on the fitted nuisance adjustment; not a fully refitted adjusted CI.,,
bulk_day0,all_donors_batch_adjustment,pooled_nuisance_residualized,GABARAP,9,32,0.7125293897933649,0.07788546027047462,-0.6346439295228903,-1.0688719240591673,0.012853438985180056,,10000,Percentile donor bootstrap. Pooled-residual sensitivity conditions on the fitted nuisance adjustment; not a fully refitted adjusted CI.,,
bulk_day0,all_donors_batch_adjustment,pooled_nuisance_residualized,GABARAPL1,9,32,0.37862414457294447,0.4106121983947331,0.03198805382178865,-0.578893354320611,0.49538466049089097,,10000,Percentile donor bootstrap. Pooled-residual sensitivity conditions on the fitted nuisance adjustment; not a fully refitted adjusted CI.,,
bulk_day0,all_donors_batch_adjustment,pooled_nuisance_residualized,GABARAPL2,9,32,0.6736601731691367,0.18911515080728894,-0.4845450223618478,-0.9594851199772134,0.11869598949790362,,10000,Percentile donor bootstrap. Pooled-residual sensitivity conditions on the fitted nuisance adjustment; not a fully refitted adjusted CI.,,
bulk_day0,all_donors_batch_adjustment,pooled_nuisance_residualized,LAMP2,9,32,-0.5516632765084224,-0.20421795087950412,0.3474453256289183,-0.8327831757991296,1.0939715070824578,,10000,Percentile donor bootstrap. Pooled-residual sensitivity conditions on the fitted nuisance adjustment; not a fully refitted adjusted CI.,,
bulk_day0,all_donors_batch_adjustment,pooled_nuisance_residualized,MAP1LC3A,9,32,0.5089858190357324,0.17504926929597325,-0.3339365497397591,-0.8991527903066023,0.16934668889065985,,10000,Percentile donor bootstrap. Pooled-residual sensitivity conditions on the fitted nuisance adjustment; not a fully refitted adjusted CI.,,
bulk_day0,all_donors_batch_adjustment,pooled_nuisance_residualized,MAP1LC3B,9,32,0.6124796886709173,-0.02373619842688555,-0.6362158870978029,-1.1784351854638273,0.009220492709136566,,10000,Percentile donor bootstrap. Pooled-residual sensitivity conditions on the fitted nuisance adjustment; not a fully refitted adjusted CI.,,
bulk_day0,all_donors_batch_adjustment,pooled_nuisance_residualized,NBR1,9,32,0.7779144818578663,0.3659748040329602,-0.4119396778249061,-0.8415071726132222,0.10119634150373603,,10000,Percentile donor bootstrap. Pooled-residual sensitivity conditions on the fitted nuisance adjustment; not a fully refitted adjusted CI.,,
bulk_day0,all_donors_batch_adjustment,pooled_nuisance_residualized,OPTN,9,32,0.22096727495326873,0.4377419877973905,0.21677471284412175,-0.4414390626880921,0.9728096605997263,,10000,Percentile donor bootstrap. Pooled-residual sensitivity conditions on the fitted nuisance adjustment; not a fully refitted adjusted CI.,,
bulk_day0,all_donors_batch_adjustment,pooled_nuisance_residualized,PRKN,9,32,-0.5329290713203968,0.3240597790909913,0.8569888504113881,-0.1561956146479143,1.3315699947133859,,10000,Percentile donor bootstrap. Pooled-residual sensitivity conditions on the fitted nuisance adjustment; not a fully refitted adjusted CI.,,
bulk_day0,all_donors_batch_adjustment,pooled_nuisance_residualized,PIK3R4,9,32,-0.4465623279158243,-0.3206240474324047,0.1259382804834196,-0.8413073473557807,0.8158197212196766,,10000,Percentile donor bootstrap. Pooled-residual sensitivity conditions on the fitted nuisance adjustment; not a fully refitted adjusted CI.,,
bulk_day0,all_donors_batch_adjustment,pooled_nuisance_residualized,PINK1,9,32,0.1788383329680312,0.11261509250278239,-0.06622324046524881,-0.7981815978885286,0.7644364257548961,,10000,Percentile donor bootstrap. Pooled-residual sensitivity conditions on the fitted nuisance adjustment; not a fully refitted adjusted CI.,,
bulk_day0,all_donors_batch_adjustment,pooled_nuisance_residualized,RB1CC1,9,32,0.7256111580322082,-0.058598233962790305,-0.7842093919949985,-1.2349323443315725,0.20147051319610831,,10000,Percentile donor bootstrap. Pooled-residual sensitivity conditions on the fitted nuisance adjustment; not a fully refitted adjusted CI.,,
bulk_day0,all_donors_batch_adjustment,pooled_nuisance_residualized,SNX14,9,32,-0.8373958401061549,-0.20869647317481294,0.6286993669313419,-0.11544618565560186,1.080075858242524,,10000,Percentile donor bootstrap. Pooled-residual sensitivity conditions on the fitted nuisance adjustment; not a fully refitted adjusted CI.,,
bulk_day0,all_donors_batch_adjustment,pooled_nuisance_residualized,SNX30,9,32,0.3546611255347577,0.13127852418695038,-0.22338260134780732,-0.8579958210463067,0.5675097521157236,,10000,Percentile donor bootstrap. Pooled-residual sensitivity conditions on the fitted nuisance adjustment; not a fully refitted adjusted CI.,,
bulk_day0,all_donors_batch_adjustment,pooled_nuisance_residualized,SNX4,9,32,0.7403353806249703,0.19039448286991287,-0.5499408977550574,-0.9587784418451514,0.26493858150534333,,10000,Percentile donor bootstrap. Pooled-residual sensitivity conditions on the fitted nuisance adjustment; not a fully refitted adjusted CI.,,
bulk_day0,all_donors_batch_adjustment,pooled_nuisance_residualized,SQSTM1,9,32,0.6370222838226257,0.022652207874038172,-0.6143700759485875,-1.0982474806164035,0.20374020139130375,,10000,Percentile donor bootstrap. Pooled-residual sensitivity conditions on the fitted nuisance adjustment; not a fully refitted adjusted CI.,,
bulk_day0,all_donors_batch_adjustment,pooled_nuisance_residualized,SPG11,9,32,-0.5543035342637649,-0.13788583667720217,0.4164176975865627,-0.545679498550598,1.010819505460703,,10000,Percentile donor bootstrap. Pooled-residual sensitivity conditions on the fitted nuisance adjustment; not a fully refitted adjusted CI.,,
bulk_day0,all_donors_batch_adjustment,pooled_nuisance_residualized,TOLLIP,9,32,0.29874303242496075,0.15895522208635274,-0.13978781033860802,-0.7462085867614471,0.7350311377765362,,10000,Percentile donor bootstrap. Pooled-residual sensitivity conditions on the fitted nuisance adjustment; not a fully refitted adjusted CI.,,
bulk_day0,all_donors_batch_adjustment,pooled_nuisance_residualized,UVRAG,9,32,0.23105916450988295,0.02093829270424331,-0.21012087180563965,-0.8885959298328749,0.5636437178795842,,10000,Percentile donor bootstrap. Pooled-residual sensitivity conditions on the fitted nuisance adjustment; not a fully refitted adjusted CI.,,
bulk_day0,all_donors_batch_adjustment,pooled_nuisance_residualized,WDR45,9,32,-0.10607483331107653,-0.3673655090280591,-0.26129067571698256,-1.0478406355326146,0.48759398105131635,,10000,Percentile donor bootstrap. Pooled-residual sensitivity conditions on the fitted nuisance adjustment; not a fully refitted adjusted CI.,,
bulk_day0,all_donors_batch_adjustment,pooled_nuisance_residualized,WIPI1,9,32,0.32389620323764523,0.1612289384477855,-0.16266726478985974,-0.7580364263516307,0.35671552908046067,,10000,Percentile donor bootstrap. Pooled-residual sensitivity conditions on the fitted nuisance adjustment; not a fully refitted adjusted CI.,,
bulk_day0,all_donors_batch_adjustment,pooled_nuisance_residualized,WIPI2,9,32,0.4136755256137401,0.3518410450526397,-0.06183448056110041,-0.7303083167322921,0.5780116609729322,,10000,Percentile donor bootstrap. Pooled-residual sensitivity conditions on the fitted nuisance adjustment; not a fully refitted adjusted CI.,,
bulk_day0,all_donors_batch_adjustment,pooled_nuisance_residualized,ZFYVE21,9,32,0.4401620924589265,0.24686734242569375,-0.19329475003323277,-0.8219489545129683,0.8254846288986554,,10000,Percentile donor bootstrap. Pooled-residual sensitivity conditions on the fitted nuisance adjustment; not a fully refitted adjusted CI.,,
bulk_day0,reported_sex_subset,Pearson,ATG10,8,28,-0.47651425678186743,0.013584581245091862,0.4900988380269593,-0.5499479671354246,1.126801309606896,0.2774600050665784,10000,Percentile donor bootstrap; small-control-cohort limitations apply.,0.8559849578467342,
bulk_day0,reported_sex_subset,Pearson,ATG12,8,28,-0.3106375403030178,0.030116364189394555,0.3407539044924124,-0.6346784498652716,1.064743214144221,0.47322355996008847,10000,Percentile donor bootstrap; small-control-cohort limitations apply.,0.861589905690712,
bulk_day0,reported_sex_subset,Pearson,ATG13,8,28,0.2611990511058653,-0.054366416464626234,-0.31556546757049153,-1.1028782047637418,0.5910282799150152,0.5112439918922377,10000,Percentile donor bootstrap; small-control-cohort limitations apply.,0.861589905690712,
bulk_day0,reported_sex_subset,Pearson,ATG16L1,8,28,-0.5381827772267628,-0.43017149916979897,0.10801127805696381,-0.8378510844417112,0.6771906240323774,0.7727277680279985,10000,Percentile donor bootstrap; small-control-cohort limitations apply.,0.8980693469479559,
bulk_day0,reported_sex_subset,Pearson,ATG2A,8,28,0.7162629641779896,0.043617751227801496,-0.6726452129501881,-1.15903660616622,0.2721418165273883,0.08048479255802977,10000,Percentile donor bootstrap; small-control-cohort limitations apply.,0.5768076799992133,
bulk_day0,reported_sex_subset,Pearson,ATG2B,8,28,-0.579192544843576,0.26599143291402183,0.8451839777575978,-0.27759541373261104,1.338095328722804,0.05663792833945031,10000,Percentile donor bootstrap; small-control-cohort limitations apply.,0.4870861837192727,
bulk_day0,reported_sex_subset,Pearson,ATG3,8,28,0.13272466879678174,0.2035862947555913,0.07086162595880957,-0.6958289330416688,1.0561845601358397,0.8816117299116417,10000,Percentile donor bootstrap; small-control-cohort limitations apply.,0.9637578534432358,
bulk_day0,reported_sex_subset,Pearson,ATG4B,8,28,-0.11764590261078911,-0.33484255914280175,-0.21719665653201264,-1.1868089056607234,0.6325760647485854,0.6386070732990258,10000,Percentile donor bootstrap; small-control-cohort limitations apply.,0.8858098113502615,
bulk_day0,reported_sex_subset,Pearson,ATG4C,8,28,0.6883662860863302,0.5843070147854889,-0.10405927130084136,-0.5598907639401682,0.49622180385517123,0.7196057710236983,10000,Percentile donor bootstrap; small-control-cohort limitations apply.,0.8980693469479559,
bulk_day0,reported_sex_subset,Pearson,ATG5,8,28,-0.014127338804723628,0.31474973886482,0.3288770776695436,-0.5333901555803392,1.1765453210176853,0.4877489676909855,10000,Percentile donor bootstrap; small-control-cohort limitations apply.,0.861589905690712,
bulk_day0,reported_sex_subset,Pearson,ATG7,8,28,0.5306979076592965,-0.2111296903934568,-0.7418275980527533,-1.3373509299304227,0.35215626470247013,0.10014356731683523,10000,Percentile donor bootstrap; small-control-cohort limitations apply.,0.6151676278034165,
bulk_day0,reported_sex_subset,Pearson,ATG9B,8,28,0.5025931615087825,0.2662233989064715,-0.23636976260231102,-0.7778846293813755,0.4998907285440962,0.567663104725872,10000,Percentile donor bootstrap; small-control-cohort limitations apply.,0.8781378047876133,
bulk_day0,reported_sex_subset,Pearson,ATG101,8,28,0.0933972791396766,0.1521314380451738,0.058734158905497186,-0.7040100783851342,0.9371210824618691,0.9030868323384984,10000,Percentile donor bootstrap; small-control-cohort limitations apply.,0.9637578534432358,
bulk_day0,reported_sex_subset,Pearson,BCL2,8,28,0.5017889761783136,0.20793985986366037,-0.29384911631465327,-0.8936965154352768,0.41258337182829347,0.48680193556103835,10000,Percentile donor bootstrap; small-control-cohort limitations apply.,0.861589905690712,
bulk_day0,reported_sex_subset,Pearson,BECN1,8,28,0.23697234585094792,-0.13165151717349743,-0.3686238630244454,-1.0349611293748602,0.5564256708538128,0.4452298658112209,10000,Percentile donor bootstrap; small-control-cohort limitations apply.,0.861589905690712,
bulk_day0,reported_sex_subset,Pearson,CALCOCO2,8,28,0.8686842975887887,0.6142463455201899,-0.25443795206859887,-0.6564759162113949,0.24960601968124854,0.21159194147547067,10000,Percentile donor bootstrap; small-control-cohort limitations apply.,0.8559849578467342,
bulk_day0,reported_sex_subset,Pearson,CLEC16A,8,28,-0.25677878123431147,0.18518833957543404,0.44196712080974554,-0.42885419295400296,1.128227346856442,0.35831928468002827,10000,Percentile donor bootstrap; small-control-cohort limitations apply.,0.8559849578467342,
bulk_day0,reported_sex_subset,Pearson,CTNS,8,28,-0.8013854125604785,-0.6275530219796815,0.1738323905807969,-0.1671592016745616,0.5833583911298001,0.45611198776003603,10000,Percentile donor bootstrap; small-control-cohort limitations apply.,0.861589905690712,
bulk_day0,reported_sex_subset,Pearson,EPG5,8,28,-0.11409018759662921,-0.091566252207271,0.022523935389358207,-0.9433551048768213,0.7004089088998423,0.9629354865179282,10000,Percentile donor bootstrap; small-control-cohort limitations apply.,0.9810427627491657,
bulk_day0,reported_sex_subset,Pearson,GRN,8,28,-0.2803441484097869,-0.3578245225620528,-0.07748037415226594,-0.9232826954437389,0.7397664569472365,0.860115672257605,10000,Percentile donor bootstrap; small-control-cohort limitations apply.,0.9637578534432358,
bulk_day0,reported_sex_subset,Pearson,GABARAP,8,28,0.6838863019223326,0.18060639420775737,-0.5032799077145752,-1.0101625566883117,0.24080497155820757,0.18203965211434425,10000,Percentile donor bootstrap; small-control-cohort limitations apply.,0.8559849578467342,
bulk_day0,reported_sex_subset,Pearson,GABARAPL1,8,28,0.5672640952946089,0.6001240364810927,0.03285994118648383,-0.503839145317705,1.0438763264726585,0.9189319067714575,10000,Percentile donor bootstrap; small-control-cohort limitations apply.,0.9637578534432358,
bulk_day0,reported_sex_subset,Pearson,GABARAPL2,8,28,0.6138492122828448,0.22690172804219622,-0.3869474842406486,-0.9480130595341553,0.6204998360207334,0.3230177281613824,10000,Percentile donor bootstrap; small-control-cohort limitations apply.,0.8559849578467342,
bulk_day0,reported_sex_subset,Pearson,LAMP2,8,28,-0.9411971969270532,-0.4112447855294186,0.5299524113976346,0.2786699789223572,0.884697550881237,0.007434346428261813,10000,Percentile donor bootstrap; small-control-cohort limitations apply.,0.3196768964152579,
bulk_day0,reported_sex_subset,Pearson,MAP1LC3A,8,28,0.8315644453048323,0.21509061055645798,-0.6164738347483744,-1.0502345236870598,-0.026468865227232925,0.04663895513428331,10000,Percentile donor bootstrap; small-control-cohort limitations apply.,0.4870861837192727,
bulk_day0,reported_sex_subset,Pearson,MAP1LC3B,8,28,0.4775484316075576,0.035895770450867254,-0.44165266115669033,-1.1110576528091627,0.5605021738838117,0.3232793782306774,10000,Percentile donor bootstrap; small-control-cohort limitations apply.,0.8559849578467342,
bulk_day0,reported_sex_subset,Pearson,NBR1,8,28,0.8035813836813054,0.5259418945273076,-0.27763948915399783,-0.7051031331067718,0.376321775259101,0.2846824347527237,10000,Percentile donor bootstrap; small-control-cohort limitations apply.,0.8559849578467342,
bulk_day0,reported_sex_subset,Pearson,OPTN,8,28,0.44895938496824045,0.5765553029314661,0.1275959179632256,-0.4999714071657124,1.1823858491618895,0.7226242282106039,10000,Percentile donor bootstrap; small-control-cohort limitations apply.,0.8980693469479559,
bulk_day0,reported_sex_subset,Pearson,PRKN,8,28,0.3190418615516082,0.18665969594722218,-0.132382165604386,-0.8704750196702502,0.6899417060565046,0.7723853610203725,10000,Percentile donor bootstrap; small-control-cohort limitations apply.,0.8980693469479559,
bulk_day0,reported_sex_subset,Pearson,PIK3R4,8,28,-0.6928952031910866,-0.18132131880533012,0.5115738843857565,-0.4735188983518976,1.0895387775343628,0.17132853917180813,10000,Percentile donor bootstrap; small-control-cohort limitations apply.,0.8559849578467342,
bulk_day0,reported_sex_subset,Pearson,PINK1,8,28,0.547724534967274,0.22929645944660873,-0.3184280755206653,-1.0370824216121963,0.7535278722811498,0.43592251628406964,10000,Percentile donor bootstrap; small-control-cohort limitations apply.,0.861589905690712,
bulk_day0,reported_sex_subset,Pearson,RB1CC1,8,28,-0.27799292481585897,-0.11673301857384906,0.16125990624200992,-0.8093939117134378,1.019508022481252,0.7312868057933923,10000,Percentile donor bootstrap; small-control-cohort limitations apply.,0.8980693469479559,
bulk_day0,reported_sex_subset,Pearson,SNX14,8,28,-0.9226016874183156,-0.40431266911168723,0.5182890183066284,0.17323310250272114,0.8748155302424725,0.016241558543108787,10000,Percentile donor bootstrap; small-control-cohort limitations apply.,0.3491935086768389,
bulk_day0,reported_sex_subset,Pearson,SNX30,8,28,0.5751230769886793,0.32809915513877713,-0.24702392184990213,-0.7698347056329427,0.7934371791075706,0.5209613383246166,10000,Percentile donor bootstrap; small-control-cohort limitations apply.,0.861589905690712,
bulk_day0,reported_sex_subset,Pearson,SNX4,8,28,0.5389132698153881,0.3145985538901494,-0.22431471592523872,-0.7998503572725411,0.7585966084498956,0.5718106635826319,10000,Percentile donor bootstrap; small-control-cohort limitations apply.,0.8781378047876133,
bulk_day0,reported_sex_subset,Pearson,SQSTM1,8,28,0.12656926017430906,-0.10413940774639009,-0.23070866792069916,-0.9012137998083777,0.6382219634562507,0.6361428213557705,10000,Percentile donor bootstrap; small-control-cohort limitations apply.,0.8858098113502615,
bulk_day0,reported_sex_subset,Pearson,SPG11,8,28,0.1428759676198938,0.0023923886052514684,-0.14048357901464234,-0.8419695842813596,0.7598142750005685,0.7727573450482412,10000,Percentile donor bootstrap; small-control-cohort limitations apply.,0.8980693469479559,
bulk_day0,reported_sex_subset,Pearson,TOLLIP,8,28,0.5183456230538991,0.10715906888629274,-0.41118655416760636,-1.0726104642028178,0.5501715913971932,0.34097279836961925,10000,Percentile donor bootstrap; small-control-cohort limitations apply.,0.8559849578467342,
bulk_day0,reported_sex_subset,Pearson,UVRAG,8,28,0.5284587488320599,0.3341144063087769,-0.19434434252328298,-0.6925396312232693,1.0200980657901886,0.6234093612435327,10000,Percentile donor bootstrap; small-control-cohort limitations apply.,0.8858098113502615,
bulk_day0,reported_sex_subset,Pearson,WDR45,8,28,-0.4392357313699125,-0.42979294246521516,0.009442788904697352,-0.7989526496944203,0.6220133976504778,0.9810427627491657,10000,Percentile donor bootstrap; small-control-cohort limitations apply.,0.9810427627491657,
bulk_day0,reported_sex_subset,Pearson,WIPI1,8,28,0.7232700420458079,0.38180886316662443,-0.3414611788791835,-0.7941541281213904,0.4843370058636964,0.2956933243128538,10000,Percentile donor bootstrap; small-control-cohort limitations apply.,0.8559849578467342,
bulk_day0,reported_sex_subset,Pearson,WIPI2,8,28,0.6729880790931596,0.29855066389793594,-0.37443741519522367,-0.9375671825413681,0.520376753432112,0.29951414696485545,10000,Percentile donor bootstrap; small-control-cohort limitations apply.,0.8559849578467342,
bulk_day0,reported_sex_subset,Pearson,ZFYVE21,8,28,0.8792360754880528,0.350514664162533,-0.5287214113255199,-0.91504686732697,-0.0451004617535231,0.039953818346229936,10000,Percentile donor bootstrap; small-control-cohort limitations apply.,0.4870861837192727,
bulk_day0,reported_sex_subset,Spearman,ATG10,8,28,-0.5476190476190477,-0.21674876847290644,0.3308702791461412,-0.7096930815160402,0.9969155058839229,,10000,Percentile donor bootstrap; small-control-cohort limitations apply.,,
bulk_day0,reported_sex_subset,Spearman,ATG12,8,28,-0.38095238095238093,0.18609742747673785,0.5670498084291188,-0.45272222144991875,1.1930360509916276,,10000,Percentile donor bootstrap; small-control-cohort limitations apply.,,
bulk_day0,reported_sex_subset,Spearman,ATG13,8,28,0.23809523809523808,-0.07224958949096881,-0.3103448275862069,-1.096233566282764,0.7008351437776512,,10000,Percentile donor bootstrap; small-control-cohort limitations apply.,,
bulk_day0,reported_sex_subset,Spearman,ATG16L1,8,28,-0.5714285714285714,-0.441160372194855,0.1302681992337164,-0.88560526317269,0.7382370969665276,,10000,Percentile donor bootstrap; small-control-cohort limitations apply.,,
bulk_day0,reported_sex_subset,Spearman,ATG2A,8,28,0.6666666666666666,0.07060755336617407,-0.5960591133004925,-1.1739172217844949,0.42711570378772507,,10000,Percentile donor bootstrap; small-control-cohort limitations apply.,,
bulk_day0,reported_sex_subset,Spearman,ATG2B,8,28,-0.5,0.25889436234263824,0.7588943623426383,-0.3018046389071331,1.311924286500511,,10000,Percentile donor bootstrap; small-control-cohort limitations apply.,,
bulk_day0,reported_sex_subset,Spearman,ATG3,8,28,0.047619047619047616,0.2178434592227696,0.17022441160372198,-0.6489768916517046,1.1271560091045185,,10000,Percentile donor bootstrap; small-control-cohort limitations apply.,,
bulk_day0,reported_sex_subset,Spearman,ATG4B,8,28,0.047619047619047616,-0.3360700602079913,-0.3836891078270389,-1.279939108400994,0.5633413074907168,,10000,Percentile donor bootstrap; small-control-cohort limitations apply.,,
bulk_day0,reported_sex_subset,Spearman,ATG4C,8,28,0.7142857142857143,0.6124794745484401,-0.1018062397372742,-0.5995168794266932,0.7054564056979535,,10000,Percentile donor bootstrap; small-control-cohort limitations apply.,,
bulk_day0,reported_sex_subset,Spearman,ATG5,8,28,0.19047619047619047,0.34592227695675976,0.1554460864805693,-0.6358980779516268,1.1677619585286194,,10000,Percentile donor bootstrap; small-control-cohort limitations apply.,,
bulk_day0,reported_sex_subset,Spearman,ATG7,8,28,0.5714285714285714,-0.11877394636015327,-0.6902025177887247,-1.3061107205274032,0.40575534595049123,,10000,Percentile donor bootstrap; small-control-cohort limitations apply.,,
bulk_day0,reported_sex_subset,Spearman,ATG9B,8,28,0.5238095238095238,0.2966611932129174,-0.22714833059660644,-0.7567045914193083,0.7154403819023749,,10000,Percentile donor bootstrap; small-control-cohort limitations apply.,,
bulk_day0,reported_sex_subset,Spearman,ATG101,8,28,0.11904761904761904,0.17405582922824303,0.05500821018062399,-0.7409470943023229,0.9784272124590243,,10000,Percentile donor bootstrap; small-control-cohort limitations apply.,,
bulk_day0,reported_sex_subset,Spearman,BCL2,8,28,0.5476190476190477,0.22879036672140124,-0.31882868089764643,-0.8937913060088685,0.5567150770529641,,10000,Percentile donor bootstrap; small-control-cohort limitations apply.,,
bulk_day0,reported_sex_subset,Spearman,BECN1,8,28,0.3333333333333333,-0.10946907498631638,-0.4428024083196497,-1.130270290500396,0.593467818964421,,10000,Percentile donor bootstrap; small-control-cohort limitations apply.,,
bulk_day0,reported_sex_subset,Spearman,CALCOCO2,8,28,0.8571428571428571,0.6119321291735086,-0.2452107279693485,-0.6899246366791564,0.4132506720907919,,10000,Percentile donor bootstrap; small-control-cohort limitations apply.,,
bulk_day0,reported_sex_subset,Spearman,CLEC16A,8,28,-0.047619047619047616,0.17460317460317462,0.22222222222222224,-0.7117138973142498,1.1274338277085816,,10000,Percentile donor bootstrap; small-control-cohort limitations apply.,,
bulk_day0,reported_sex_subset,Spearman,CTNS,8,28,-0.8571428571428571,-0.6015325670498085,0.2556102900930486,-0.31931683106375,0.6474145674061074,,10000,Percentile donor bootstrap; small-control-cohort limitations apply.,,
bulk_day0,reported_sex_subset,Spearman,EPG5,8,28,-0.047619047619047616,-0.033388067870826495,0.014230979748221122,-1.0735679089258214,0.8145641273992837,,10000,Percentile donor bootstrap; small-control-cohort limitations apply.,,
bulk_day0,reported_sex_subset,Spearman,GRN,8,28,-0.16666666666666666,-0.3349753694581281,-0.16830870279146146,-1.1060695227463713,0.7903599316004413,,10000,Percentile donor bootstrap; small-control-cohort limitations apply.,,
bulk_day0,reported_sex_subset,Spearman,GABARAP,8,28,0.8095238095238095,0.23371647509578547,-0.5758073344280241,-1.0628259891467968,0.18500639104223693,,10000,Percentile donor bootstrap; small-control-cohort limitations apply.,,
bulk_day0,reported_sex_subset,Spearman,GABARAPL1,8,28,0.6904761904761905,0.5911330049261084,-0.09934318555008204,-0.596550481126961,0.7963055844034527,,10000,Percentile donor bootstrap; small-control-cohort limitations apply.,,
bulk_day0,reported_sex_subset,Spearman,GABARAPL2,8,28,0.6666666666666666,0.24411603721948552,-0.42255062944718114,-1.040014138682768,0.6016000692670351,,10000,Percentile donor bootstrap; small-control-cohort limitations apply.,,
bulk_day0,reported_sex_subset,Spearman,LAMP2,8,28,-0.9047619047619048,-0.34263820470717027,0.5621237000547346,0.05350837024913887,0.9807759686727122,,10000,Percentile donor bootstrap; small-control-cohort limitations apply.,,
bulk_day0,reported_sex_subset,Spearman,MAP1LC3A,8,28,0.8333333333333334,0.18938149972632734,-0.643951833607006,-1.1288666115904855,0.1161140967586375,,10000,Percentile donor bootstrap; small-control-cohort limitations apply.,,
bulk_day0,reported_sex_subset,Spearman,MAP1LC3B,8,28,0.5476190476190477,0.0634920634920635,-0.4841269841269842,-1.1738135764730047,0.5995816438378742,,10000,Percentile donor bootstrap; small-control-cohort limitations apply.,,
bulk_day0,reported_sex_subset,Spearman,NBR1,8,28,0.7857142857142857,0.5643130815544609,-0.22140120415982478,-0.6826104513231533,0.6359472566572024,,10000,Percentile donor bootstrap; small-control-cohort limitations apply.,,
bulk_day0,reported_sex_subset,Spearman,OPTN,8,28,0.4523809523809524,0.5730706075533663,0.12068965517241387,-0.5568915209406878,1.2065920046199305,,10000,Percentile donor bootstrap; small-control-cohort limitations apply.,,
bulk_day0,reported_sex_subset,Spearman,PRKN,8,28,0.4523809523809524,0.1209633278598796,-0.3314176245210728,-1.0540280609637354,0.6677070429387153,,10000,Percentile donor bootstrap; small-control-cohort limitations apply.,,
bulk_day0,reported_sex_subset,Spearman,PIK3R4,8,28,-0.5476190476190477,-0.21674876847290644,0.3308702791461412,-0.6843529453094764,1.0029974609261376,,10000,Percentile donor bootstrap; small-control-cohort limitations apply.,,
bulk_day0,reported_sex_subset,Spearman,PINK1,8,28,0.5952380952380952,0.3847837985769021,-0.21045429666119314,-0.8854025314852805,0.7641461095418748,,10000,Percentile donor bootstrap; small-control-cohort limitations apply.,,
bulk_day0,reported_sex_subset,Spearman,RB1CC1,8,28,-0.09523809523809523,-0.00875752599890531,0.08648056923918993,-0.9234373389247076,1.06363295576293,,10000,Percentile donor bootstrap; small-control-cohort limitations apply.,,
bulk_day0,reported_sex_subset,Spearman,SNX14,8,28,-0.8809523809523809,-0.4384236453201971,0.4425287356321838,-0.1597766853874012,0.8273449976586531,,10000,Percentile donor bootstrap; small-control-cohort limitations apply.,,
bulk_day0,reported_sex_subset,Spearman,SNX30,8,28,0.6428571428571429,0.36453201970443355,-0.27832512315270935,-0.8452741556122428,0.6951693242223544,,10000,Percentile donor bootstrap; small-control-cohort limitations apply.,,
bulk_day0,reported_sex_subset,Spearman,SNX4,8,28,0.4523809523809524,0.3163656267104543,-0.13601532567049807,-0.7457832252970625,0.87081038282454,,10000,Percentile donor bootstrap; small-control-cohort limitations apply.,,
bulk_day0,reported_sex_subset,Spearman,SQSTM1,8,28,0.14285714285714285,-0.03174603174603175,-0.1746031746031746,-0.9335983489521397,0.8523003276902966,,10000,Percentile donor bootstrap; small-control-cohort limitations apply.,,
bulk_day0,reported_sex_subset,Spearman,SPG11,8,28,0.14285714285714285,-0.03174603174603175,-0.1746031746031746,-0.9508976467233824,0.8459109701184215,,10000,Percentile donor bootstrap; small-control-cohort limitations apply.,,
bulk_day0,reported_sex_subset,Spearman,TOLLIP,8,28,0.6428571428571429,0.25287356321839083,-0.3899835796387521,-0.9443245729961618,0.6087091933509942,,10000,Percentile donor bootstrap; small-control-cohort limitations apply.,,
bulk_day0,reported_sex_subset,Spearman,UVRAG,8,28,0.3333333333333333,0.4022988505747127,0.06896551724137939,-0.6760091459365365,1.252822913797852,,10000,Percentile donor bootstrap; small-control-cohort limitations apply.,,
bulk_day0,reported_sex_subset,Spearman,WDR45,8,28,-0.38095238095238093,-0.37055281882868096,0.010399562123699968,-0.9376195130362582,0.7384413717434416,,10000,Percentile donor bootstrap; small-control-cohort limitations apply.,,
bulk_day0,reported_sex_subset,Spearman,WIPI1,8,28,0.8333333333333334,0.43623426382047076,-0.3970990695128626,-0.8847413981577695,0.352099403176028,,10000,Percentile donor bootstrap; small-control-cohort limitations apply.,,
bulk_day0,reported_sex_subset,Spearman,WIPI2,8,28,0.7857142857142857,0.3026819923371648,-0.4830322933771209,-1.0447926544286643,0.3813807159392084,,10000,Percentile donor bootstrap; small-control-cohort limitations apply.,,
bulk_day0,reported_sex_subset,Spearman,ZFYVE21,8,28,0.9047619047619048,0.4449917898193761,-0.4597701149425287,-0.8893295003439545,0.1368626949425501,,10000,Percentile donor bootstrap; small-control-cohort limitations apply.,,
bulk_day0,reported_sex_subset,pooled_nuisance_residualized,ATG10,8,28,0.5512513457740017,-0.08006795072201253,-0.6313192964960143,-1.2628261089096766,0.25731904360304436,,10000,Percentile donor bootstrap. Pooled-residual sensitivity conditions on the fitted nuisance adjustment; not a fully refitted adjusted CI.,,
bulk_day0,reported_sex_subset,pooled_nuisance_residualized,ATG12,8,28,0.19034457534873978,0.13364592925870913,-0.05669864609003064,-0.834962694768099,0.9647029619104361,,10000,Percentile donor bootstrap. Pooled-residual sensitivity conditions on the fitted nuisance adjustment; not a fully refitted adjusted CI.,,
bulk_day0,reported_sex_subset,pooled_nuisance_residualized,ATG13,8,28,-0.2344103806427152,0.003327125744597454,0.23773750638731264,-0.8736903273392987,0.9420218331379883,,10000,Percentile donor bootstrap. Pooled-residual sensitivity conditions on the fitted nuisance adjustment; not a fully refitted adjusted CI.,,
bulk_day0,reported_sex_subset,pooled_nuisance_residualized,ATG16L1,8,28,-0.25731266619072574,-0.11158046201035438,0.14573220418037136,-0.7812905202559111,0.9593382383182344,,10000,Percentile donor bootstrap. Pooled-residual sensitivity conditions on the fitted nuisance adjustment; not a fully refitted adjusted CI.,,
bulk_day0,reported_sex_subset,pooled_nuisance_residualized,ATG2A,8,28,-0.15952732361018557,-0.02755147068265352,0.13197585292753206,-0.9168381061662122,0.917337148310206,,10000,Percentile donor bootstrap. Pooled-residual sensitivity conditions on the fitted nuisance adjustment; not a fully refitted adjusted CI.,,
bulk_day0,reported_sex_subset,pooled_nuisance_residualized,ATG2B,8,28,-0.6231275483326828,-0.10648177543397691,0.516645772898706,-0.15958800482091753,0.9975451704230323,,10000,Percentile donor bootstrap. Pooled-residual sensitivity conditions on the fitted nuisance adjustment; not a fully refitted adjusted CI.,,
bulk_day0,reported_sex_subset,pooled_nuisance_residualized,ATG3,8,28,0.5439583131344904,0.13809572450138763,-0.40586258863310276,-0.9438139102057292,0.43283684776455916,,10000,Percentile donor bootstrap. Pooled-residual sensitivity conditions on the fitted nuisance adjustment; not a fully refitted adjusted CI.,,
bulk_day0,reported_sex_subset,pooled_nuisance_residualized,ATG4B,8,28,-0.5725695765843422,-0.08612428922627674,0.4864452873580654,-0.7147534266818083,1.0412903051361229,,10000,Percentile donor bootstrap. Pooled-residual sensitivity conditions on the fitted nuisance adjustment; not a fully refitted adjusted CI.,,
bulk_day0,reported_sex_subset,pooled_nuisance_residualized,ATG4C,8,28,0.41744827173428367,0.27687155838466043,-0.14057671334962324,-0.9411997642670865,1.043111967844268,,10000,Percentile donor bootstrap. Pooled-residual sensitivity conditions on the fitted nuisance adjustment; not a fully refitted adjusted CI.,,
bulk_day0,reported_sex_subset,pooled_nuisance_residualized,ATG5,8,28,-0.21482553046409913,0.24340840504538294,0.4582339355094821,-0.5974892993439258,1.162751886555138,,10000,Percentile donor bootstrap. Pooled-residual sensitivity conditions on the fitted nuisance adjustment; not a fully refitted adjusted CI.,,
bulk_day0,reported_sex_subset,pooled_nuisance_residualized,ATG7,8,28,0.051327386685189706,-0.18363875643336397,-0.23496614311855368,-1.1751805985742343,0.8011698376603293,,10000,Percentile donor bootstrap. Pooled-residual sensitivity conditions on the fitted nuisance adjustment; not a fully refitted adjusted CI.,,
bulk_day0,reported_sex_subset,pooled_nuisance_residualized,ATG9B,8,28,0.08865585578102218,0.29296187965302883,0.20430602387200664,-0.5287218494597499,1.0545823907470169,,10000,Percentile donor bootstrap. Pooled-residual sensitivity conditions on the fitted nuisance adjustment; not a fully refitted adjusted CI.,,
bulk_day0,reported_sex_subset,pooled_nuisance_residualized,ATG101,8,28,0.4574689003130879,0.15964317103374723,-0.2978257292793407,-0.8652476315711977,0.6271839677039758,,10000,Percentile donor bootstrap. Pooled-residual sensitivity conditions on the fitted nuisance adjustment; not a fully refitted adjusted CI.,,
bulk_day0,reported_sex_subset,pooled_nuisance_residualized,BCL2,8,28,0.5224560745531379,-0.15062881613860649,-0.6730848906917444,-1.183091018939992,-0.000566115944293024,,10000,Percentile donor bootstrap. Pooled-residual sensitivity conditions on the fitted nuisance adjustment; not a fully refitted adjusted CI.,,
bulk_day0,reported_sex_subset,pooled_nuisance_residualized,BECN1,8,28,0.17938323237855197,-0.11736064957322406,-0.29674388195177603,-1.1283627391636502,0.6178438350447324,,10000,Percentile donor bootstrap. Pooled-residual sensitivity conditions on the fitted nuisance adjustment; not a fully refitted adjusted CI.,,
bulk_day0,reported_sex_subset,pooled_nuisance_residualized,CALCOCO2,8,28,0.330325307424898,0.4838624821394136,0.15353717471451556,-0.648548605586052,1.338613712258634,,10000,Percentile donor bootstrap. Pooled-residual sensitivity conditions on the fitted nuisance adjustment; not a fully refitted adjusted CI.,,
bulk_day0,reported_sex_subset,pooled_nuisance_residualized,CLEC16A,8,28,-0.7973231622527116,-0.10704470287358682,0.6902784593791248,0.13074950315532477,1.0662993183454135,,10000,Percentile donor bootstrap. Pooled-residual sensitivity conditions on the fitted nuisance adjustment; not a fully refitted adjusted CI.,,
bulk_day0,reported_sex_subset,pooled_nuisance_residualized,CTNS,8,28,-0.6145398189094086,-0.4531950859191552,0.16134473299025337,-0.6950206031737319,0.6466821752197728,,10000,Percentile donor bootstrap. Pooled-residual sensitivity conditions on the fitted nuisance adjustment; not a fully refitted adjusted CI.,,
bulk_day0,reported_sex_subset,pooled_nuisance_residualized,EPG5,8,28,-0.6604949101999547,-0.10237537641319179,0.5581195337867628,-0.13442044211199428,0.9645503519137836,,10000,Percentile donor bootstrap. Pooled-residual sensitivity conditions on the fitted nuisance adjustment; not a fully refitted adjusted CI.,,
bulk_day0,reported_sex_subset,pooled_nuisance_residualized,GRN,8,28,-0.7938698776330562,-0.219119168938804,0.5747507086942522,0.0030371521794513813,1.0252512578990192,,10000,Percentile donor bootstrap. Pooled-residual sensitivity conditions on the fitted nuisance adjustment; not a fully refitted adjusted CI.,,
bulk_day0,reported_sex_subset,pooled_nuisance_residualized,GABARAP,8,28,0.5588905748846774,0.07484208093620492,-0.4840484939484725,-0.9680272837408939,0.3769668674271943,,10000,Percentile donor bootstrap. Pooled-residual sensitivity conditions on the fitted nuisance adjustment; not a fully refitted adjusted CI.,,
bulk_day0,reported_sex_subset,pooled_nuisance_residualized,GABARAPL1,8,28,-0.2848071628743687,0.4000419178100818,0.6848490806844505,-0.31303657893377485,1.3666639181478835,,10000,Percentile donor bootstrap. Pooled-residual sensitivity conditions on the fitted nuisance adjustment; not a fully refitted adjusted CI.,,
bulk_day0,reported_sex_subset,pooled_nuisance_residualized,GABARAPL2,8,28,0.32938275336133344,0.19808828092436445,-0.13129447243696898,-0.8702258782891231,0.8329949272210052,,10000,Percentile donor bootstrap. Pooled-residual sensitivity conditions on the fitted nuisance adjustment; not a fully refitted adjusted CI.,,
bulk_day0,reported_sex_subset,pooled_nuisance_residualized,LAMP2,8,28,-0.5741037614719718,-0.21160862134711642,0.3624951401248554,-0.8788403993454469,0.9721151784187316,,10000,Percentile donor bootstrap. Pooled-residual sensitivity conditions on the fitted nuisance adjustment; not a fully refitted adjusted CI.,,
bulk_day0,reported_sex_subset,pooled_nuisance_residualized,MAP1LC3A,8,28,0.01987112275411783,0.26913687608474984,0.249265753330632,-0.6383688884988877,1.1211933556385545,,10000,Percentile donor bootstrap. Pooled-residual sensitivity conditions on the fitted nuisance adjustment; not a fully refitted adjusted CI.,,
bulk_day0,reported_sex_subset,pooled_nuisance_residualized,MAP1LC3B,8,28,0.17598936401441773,-0.02202449832294551,-0.19801386233736323,-1.1541994414549637,0.8762775783113405,,10000,Percentile donor bootstrap. Pooled-residual sensitivity conditions on the fitted nuisance adjustment; not a fully refitted adjusted CI.,,
bulk_day0,reported_sex_subset,pooled_nuisance_residualized,NBR1,8,28,0.37424609825415583,0.312078238122569,-0.062167860131586816,-0.7254834221484211,0.9585646273045056,,10000,Percentile donor bootstrap. Pooled-residual sensitivity conditions on the fitted nuisance adjustment; not a fully refitted adjusted CI.,,
bulk_day0,reported_sex_subset,pooled_nuisance_residualized,OPTN,8,28,-0.2797405408667976,0.4027898033175518,0.6825303441843494,-0.27395850061082333,1.3604382206964383,,10000,Percentile donor bootstrap. Pooled-residual sensitivity conditions on the fitted nuisance adjustment; not a fully refitted adjusted CI.,,
bulk_day0,reported_sex_subset,pooled_nuisance_residualized,PRKN,8,28,-0.41089793249380896,0.2564370287571316,0.6673349612509405,-0.33220096546770284,1.4176915647009907,,10000,Percentile donor bootstrap. Pooled-residual sensitivity conditions on the fitted nuisance adjustment; not a fully refitted adjusted CI.,,
bulk_day0,reported_sex_subset,pooled_nuisance_residualized,PIK3R4,8,28,-0.7567060605831463,-0.3944021592014782,0.36230390138166807,-0.3884301967173038,0.7588924370296967,,10000,Percentile donor bootstrap. Pooled-residual sensitivity conditions on the fitted nuisance adjustment; not a fully refitted adjusted CI.,,
bulk_day0,reported_sex_subset,pooled_nuisance_residualized,PINK1,8,28,-0.20792443051434392,0.01972075044707114,0.22764518096141506,-0.8327763878140615,1.1252254461292375,,10000,Percentile donor bootstrap. Pooled-residual sensitivity conditions on the fitted nuisance adjustment; not a fully refitted adjusted CI.,,
bulk_day0,reported_sex_subset,pooled_nuisance_residualized,RB1CC1,8,28,0.6470665294243703,-0.20469800259245013,-0.8517645320168203,-1.3511484218859358,0.14112531174069784,,10000,Percentile donor bootstrap. Pooled-residual sensitivity conditions on the fitted nuisance adjustment; not a fully refitted adjusted CI.,,
bulk_day0,reported_sex_subset,pooled_nuisance_residualized,SNX14,8,28,-0.7582878520420773,-0.4149233246772439,0.34336452736483336,-0.207441462506252,0.7782975442898655,,10000,Percentile donor bootstrap. Pooled-residual sensitivity conditions on the fitted nuisance adjustment; not a fully refitted adjusted CI.,,
bulk_day0,reported_sex_subset,pooled_nuisance_residualized,SNX30,8,28,-0.14471432379114682,0.3200742454904528,0.4647885692815996,-0.6449419708785195,1.2917788824029683,,10000,Percentile donor bootstrap. Pooled-residual sensitivity conditions on the fitted nuisance adjustment; not a fully refitted adjusted CI.,,
bulk_day0,reported_sex_subset,pooled_nuisance_residualized,SNX4,8,28,0.6015291680544472,0.22325896968059453,-0.3782701983738527,-0.8347432163294567,0.6126684723630531,,10000,Percentile donor bootstrap. Pooled-residual sensitivity conditions on the fitted nuisance adjustment; not a fully refitted adjusted CI.,,
bulk_day0,reported_sex_subset,pooled_nuisance_residualized,SQSTM1,8,28,0.5112543363189584,0.014042453472387641,-0.4972118828465708,-1.0617764175016795,0.3728056781915944,,10000,Percentile donor bootstrap. Pooled-residual sensitivity conditions on the fitted nuisance adjustment; not a fully refitted adjusted CI.,,
bulk_day0,reported_sex_subset,pooled_nuisance_residualized,SPG11,8,28,-0.6833465516018838,0.010629726668996779,0.6939762782708806,0.054734946008664125,1.2001063860564039,,10000,Percentile donor bootstrap. Pooled-residual sensitivity conditions on the fitted nuisance adjustment; not a fully refitted adjusted CI.,,
bulk_day0,reported_sex_subset,pooled_nuisance_residualized,TOLLIP,8,28,0.11780471730569961,0.18663820822417052,0.06883349091847091,-0.7054542383692419,0.8900003318596448,,10000,Percentile donor bootstrap. Pooled-residual sensitivity conditions on the fitted nuisance adjustment; not a fully refitted adjusted CI.,,
bulk_day0,reported_sex_subset,pooled_nuisance_residualized,UVRAG,8,28,-0.2647711076602599,0.056540806587977215,0.32131191424823713,-0.6196101669345369,1.0921693989375907,,10000,Percentile donor bootstrap. Pooled-residual sensitivity conditions on the fitted nuisance adjustment; not a fully refitted adjusted CI.,,
bulk_day0,reported_sex_subset,pooled_nuisance_residualized,WDR45,8,28,-0.07764409351817429,-0.2860208654990173,-0.20837677198084298,-1.3366101334280966,0.5394547974212112,,10000,Percentile donor bootstrap. Pooled-residual sensitivity conditions on the fitted nuisance adjustment; not a fully refitted adjusted CI.,,
bulk_day0,reported_sex_subset,pooled_nuisance_residualized,WIPI1,8,28,-0.4350880024028238,0.1469856357705697,0.5820736381733935,-0.4044953377333544,1.1879568508695533,,10000,Percentile donor bootstrap. Pooled-residual sensitivity conditions on the fitted nuisance adjustment; not a fully refitted adjusted CI.,,
bulk_day0,reported_sex_subset,pooled_nuisance_residualized,WIPI2,8,28,1.6455522042870345e-05,0.4238138751043372,0.42379741958229433,-0.6259869392867913,1.332154998351011,,10000,Percentile donor bootstrap. Pooled-residual sensitivity conditions on the fitted nuisance adjustment; not a fully refitted adjusted CI.,,
bulk_day0,reported_sex_subset,pooled_nuisance_residualized,ZFYVE21,8,28,0.3815730052505049,0.2859789508928594,-0.09559405435764551,-0.6570183033187861,0.9479318327971809,,10000,Percentile donor bootstrap. Pooled-residual sensitivity conditions on the fitted nuisance adjustment; not a fully refitted adjusted CI.,,
bulk_day25,all_donors_batch_adjustment,Pearson,ATG10,8,32,-0.13627145078024205,-0.20870914967339485,-0.0724376988931528,-1.020800289134253,0.7055380705500356,0.877406581068777,10000,Percentile donor bootstrap; small-control-cohort limitations apply.,0.9682459452630114,
bulk_day25,all_donors_batch_adjustment,Pearson,ATG12,8,32,0.482917732184699,0.2980094623076611,-0.1849082698770379,-0.6713738813081602,0.6673800857081128,0.650413847236136,10000,Percentile donor bootstrap; small-control-cohort limitations apply.,0.9682459452630114,
bulk_day25,all_donors_batch_adjustment,Pearson,ATG13,8,32,0.636272639224288,-0.15376839313828894,-0.790041032362577,-1.2892748483503922,0.16098019380462247,0.06109321215889388,10000,Percentile donor bootstrap; small-control-cohort limitations apply.,0.6103095500237693,
bulk_day25,all_donors_batch_adjustment,Pearson,ATG16L1,8,32,0.712676387077781,0.6784283658797399,-0.034248021198041156,-0.4944761699981124,1.0894952085068546,0.8909243388581216,10000,Percentile donor bootstrap; small-control-cohort limitations apply.,0.9682459452630114,
bulk_day25,all_donors_batch_adjustment,Pearson,ATG2A,8,32,-0.08168074872262815,-0.40586897311735565,-0.3241882243947275,-1.1903813503281937,0.4721481000122038,0.47134224262042745,10000,Percentile donor bootstrap; small-control-cohort limitations apply.,0.7962376288341726,
bulk_day25,all_donors_batch_adjustment,Pearson,ATG2B,8,32,-0.29400715703094615,0.3089772855517891,0.6029844425827353,-0.2718632052374828,1.2591844809739756,0.19870543489145975,10000,Percentile donor bootstrap; small-control-cohort limitations apply.,0.6103095500237693,
bulk_day25,all_donors_batch_adjustment,Pearson,ATG3,8,32,0.4594265182853868,0.11604474804408066,-0.3433817702413061,-0.8119015204164557,0.7462170059288527,0.43258629997213216,10000,Percentile donor bootstrap; small-control-cohort limitations apply.,0.7962376288341726,
bulk_day25,all_donors_batch_adjustment,Pearson,ATG4B,8,32,0.10445923616984298,0.038686322906112625,-0.06577291326373036,-0.8122736200322859,0.8630579594334898,0.8913638630953451,10000,Percentile donor bootstrap; small-control-cohort limitations apply.,0.9682459452630114,
bulk_day25,all_donors_batch_adjustment,Pearson,ATG4C,8,32,-0.5427264459600474,-0.6464087524011277,-0.10368230644108034,-1.2046333535300333,0.4108675525535382,0.739379522942474,10000,Percentile donor bootstrap; small-control-cohort limitations apply.,0.9682459452630114,
bulk_day25,all_donors_batch_adjustment,Pearson,ATG5,8,32,0.4998988576452902,0.20532027360570024,-0.2945785840395899,-0.8819998786638564,0.9455267259414664,0.48144600813229044,10000,Percentile donor bootstrap; small-control-cohort limitations apply.,0.7962376288341726,
bulk_day25,all_donors_batch_adjustment,Pearson,ATG7,8,32,-0.500454609897304,-0.4751260600829437,0.025328549814360224,-0.7927345757832771,0.48239103709057163,0.9452690537635791,10000,Percentile donor bootstrap; small-control-cohort limitations apply.,0.9682459452630114,
bulk_day25,all_donors_batch_adjustment,Pearson,ATG9B,8,32,-0.48936556234319434,0.249021031606251,0.7383865939494454,-0.5250570685467265,1.305781544933578,0.10297372483762252,10000,Percentile donor bootstrap; small-control-cohort limitations apply.,0.6103095500237693,
bulk_day25,all_donors_batch_adjustment,Pearson,ATG101,8,32,0.9040931657784512,0.2614091095669027,-0.6426840562115486,-1.0568762034864394,0.07020236781856908,0.011308665301903803,10000,Percentile donor bootstrap; small-control-cohort limitations apply.,0.48627260798186356,
bulk_day25,all_donors_batch_adjustment,Pearson,BCL2,8,32,-0.46673440245351316,-0.4567311934529405,0.010003209000572666,-1.1352943557103286,0.578552642451584,0.9790531977479994,10000,Percentile donor bootstrap; small-control-cohort limitations apply.,0.9790531977479994,
bulk_day25,all_donors_batch_adjustment,Pearson,BECN1,8,32,0.500558917656231,-0.14440144743076644,-0.6449603650869974,-1.0937839914124978,0.6618333526955169,0.15093817770093226,10000,Percentile donor bootstrap; small-control-cohort limitations apply.,0.6103095500237693,
bulk_day25,all_donors_batch_adjustment,Pearson,CALCOCO2,8,32,-0.15398373005374622,-0.516305189996296,-0.36232145994254983,-1.3133356564803091,0.39377685272760043,0.3902114415629184,10000,Percentile donor bootstrap; small-control-cohort limitations apply.,0.7962376288341726,
bulk_day25,all_donors_batch_adjustment,Pearson,CLEC16A,8,32,0.8691412320271977,0.3918459174363819,-0.4772953145908158,-0.7955207501275432,0.4287285127408643,0.05865410507718275,10000,Percentile donor bootstrap; small-control-cohort limitations apply.,0.6103095500237693,
bulk_day25,all_donors_batch_adjustment,Pearson,CTNS,8,32,0.6673369939937627,-0.04034100891319487,-0.7076780029069576,-1.1138149486204505,0.21275551192250783,0.08051837768472585,10000,Percentile donor bootstrap; small-control-cohort limitations apply.,0.6103095500237693,
bulk_day25,all_donors_batch_adjustment,Pearson,EPG5,8,32,-0.4562251895924336,-0.13744254886020835,0.31878264073222523,-0.6285774582835794,0.870376001814927,0.46447560003038313,10000,Percentile donor bootstrap; small-control-cohort limitations apply.,0.7962376288341726,
bulk_day25,all_donors_batch_adjustment,Pearson,GRN,8,32,0.5559097500775422,-0.09073396713904308,-0.6466437172165853,-1.1037828977649697,0.04794160406746476,0.13820678382395107,10000,Percentile donor bootstrap; small-control-cohort limitations apply.,0.6103095500237693,
bulk_day25,all_donors_batch_adjustment,Pearson,GABARAP,8,32,0.23257787960926854,-0.31845356877308806,-0.5510314483823566,-1.185057035167461,0.40750796395712413,0.24176483129930204,10000,Percentile donor bootstrap; small-control-cohort limitations apply.,0.6227768581274858,
bulk_day25,all_donors_batch_adjustment,Pearson,GABARAPL1,8,32,0.8358845743835028,0.7820349188259283,-0.05384965555757448,-0.3020813477802337,1.12917757985381,0.7461322137951512,10000,Percentile donor bootstrap; small-control-cohort limitations apply.,0.9682459452630114,
bulk_day25,all_donors_batch_adjustment,Pearson,GABARAPL2,8,32,0.20998566314617903,0.24500752540701015,0.03502186226083112,-0.6273698705925824,0.9929210665730973,0.93919501815095,10000,Percentile donor bootstrap; small-control-cohort limitations apply.,0.9682459452630114,
bulk_day25,all_donors_batch_adjustment,Pearson,LAMP2,8,32,0.3843571168076594,0.04058470042736148,-0.3437724163802979,-0.9418759644930206,0.8445447383437358,0.45154090538703284,10000,Percentile donor bootstrap; small-control-cohort limitations apply.,0.7962376288341726,
bulk_day25,all_donors_batch_adjustment,Pearson,MAP1LC3A,8,32,0.6054259662453085,0.3362318473700912,-0.2691941188752173,-0.7611312156627591,1.1793614101923806,0.46748841621752857,10000,Percentile donor bootstrap; small-control-cohort limitations apply.,0.7962376288341726,
bulk_day25,all_donors_batch_adjustment,Pearson,MAP1LC3B,8,32,0.801800231761509,0.47902905258373846,-0.3227711791777706,-0.7393316681530478,1.0835149343846588,0.2294754511464896,10000,Percentile donor bootstrap; small-control-cohort limitations apply.,0.6227768581274858,
bulk_day25,all_donors_batch_adjustment,Pearson,NBR1,8,32,-0.3538150021063248,-0.43049585520514194,-0.07668085309881711,-1.2190804777623017,0.5346162324079039,0.8514090320315354,10000,Percentile donor bootstrap; small-control-cohort limitations apply.,0.9682459452630114,
bulk_day25,all_donors_batch_adjustment,Pearson,OPTN,8,32,0.8317694106580648,0.6334382709843993,-0.19833113967366545,-0.4517953262606709,0.86372162797076,0.3562600378364972,10000,Percentile donor bootstrap; small-control-cohort limitations apply.,0.7962376288341726,
bulk_day25,all_donors_batch_adjustment,Pearson,PRKN,8,32,-0.5186727490963906,-0.19744178118915895,0.32123096790723166,-0.9021137309760207,0.9619547770622322,0.43935113377741397,10000,Percentile donor bootstrap; small-control-cohort limitations apply.,0.7962376288341726,
bulk_day25,all_donors_batch_adjustment,Pearson,PIK3R4,8,32,-0.2558057929892122,-0.22474951354364045,0.03105627944557174,-0.9773723193510192,0.7171585533969962,0.9457285976987553,10000,Percentile donor bootstrap; small-control-cohort limitations apply.,0.9682459452630114,
bulk_day25,all_donors_batch_adjustment,Pearson,PINK1,8,32,0.7137723891641613,0.10965702100184227,-0.604115368162319,-0.985767913410217,0.6668899094781803,0.10511108014393629,10000,Percentile donor bootstrap; small-control-cohort limitations apply.,0.6103095500237693,
bulk_day25,all_donors_batch_adjustment,Pearson,RB1CC1,8,32,0.7570669453689676,0.6051161620336934,-0.15195078333527412,-0.4906025569006758,1.1189680723697604,0.5518318643479522,10000,Percentile donor bootstrap; small-control-cohort limitations apply.,0.878843339517109,
bulk_day25,all_donors_batch_adjustment,Pearson,SNX14,8,32,-0.16661030833304405,0.001454506592525958,0.16806481492557002,-0.9134471335690992,0.9641990290983518,0.726105168689301,10000,Percentile donor bootstrap; small-control-cohort limitations apply.,0.9682459452630114,
bulk_day25,all_donors_batch_adjustment,Pearson,SNX30,8,32,0.0845392304532254,0.16501480066485796,0.08047557021163257,-0.6200484048840793,0.9354281600496319,0.8658608687168794,10000,Percentile donor bootstrap; small-control-cohort limitations apply.,0.9682459452630114,
bulk_day25,all_donors_batch_adjustment,Pearson,SNX4,8,32,0.4231433261477629,0.31174747022223764,-0.11139585592552526,-0.633110940639272,1.1393792223650379,0.7898756313422092,10000,Percentile donor bootstrap; small-control-cohort limitations apply.,0.9682459452630114,
bulk_day25,all_donors_batch_adjustment,Pearson,SQSTM1,8,32,0.5437847796653265,-0.3167352203508,-0.8605200000161264,-1.2770441411389477,-0.15780118034696605,0.05285492692213558,10000,Percentile donor bootstrap; small-control-cohort limitations apply.,0.6103095500237693,
bulk_day25,all_donors_batch_adjustment,Pearson,SPG11,8,32,-0.5406567050920256,-0.4550570151928116,0.08559968989921396,-1.0258367321123227,0.6138340664874965,0.8138425640556216,10000,Percentile donor bootstrap; small-control-cohort limitations apply.,0.9682459452630114,
bulk_day25,all_donors_batch_adjustment,Pearson,TOLLIP,8,32,0.5912897136188784,0.04239063702340011,-0.5488990765954783,-1.0116434378750343,0.7049948804587801,0.18818893613564136,10000,Percentile donor bootstrap; small-control-cohort limitations apply.,0.6103095500237693,
bulk_day25,all_donors_batch_adjustment,Pearson,UVRAG,8,32,-0.028589488972103786,-0.15644235892402422,-0.12785286995192044,-0.7912793921383976,0.65756780882991,0.7897078512477629,10000,Percentile donor bootstrap; small-control-cohort limitations apply.,0.9682459452630114,
bulk_day25,all_donors_batch_adjustment,Pearson,WDR45,8,32,0.6388173601198508,0.1922361301611386,-0.4465812299587122,-0.9413188225273033,0.645597666548262,0.24621410670156418,10000,Percentile donor bootstrap; small-control-cohort limitations apply.,0.6227768581274858,
bulk_day25,all_donors_batch_adjustment,Pearson,WIPI1,8,32,0.6704294911605331,0.15554718332132486,-0.5148823078392082,-0.9175688948213653,0.604296251110463,0.1763634032539635,10000,Percentile donor bootstrap; small-control-cohort limitations apply.,0.6103095500237693,
bulk_day25,all_donors_batch_adjustment,Pearson,WIPI2,8,32,0.6653777377989893,0.08779608269231336,-0.577581655106676,-1.0672835612126392,0.3396979008925872,0.14013799058373438,10000,Percentile donor bootstrap; small-control-cohort limitations apply.,0.6103095500237693,
bulk_day25,all_donors_batch_adjustment,Pearson,ZFYVE21,8,32,0.7574602104711029,0.313968590229289,-0.4434916202418139,-0.7879632522262637,0.9462218747064606,0.16947382122292975,10000,Percentile donor bootstrap; small-control-cohort limitations apply.,0.6103095500237693,
bulk_day25,all_donors_batch_adjustment,Spearman,ATG10,8,32,0.21428571428571427,-0.2485337243401759,-0.46281943862589014,-1.3061173701721465,0.578888858756819,,10000,Percentile donor bootstrap; small-control-cohort limitations apply.,,
bulk_day25,all_donors_batch_adjustment,Spearman,ATG12,8,32,0.2857142857142857,0.3504398826979472,0.06472559698366148,-0.6552783767163121,0.9431207067230903,,10000,Percentile donor bootstrap; small-control-cohort limitations apply.,,
bulk_day25,all_donors_batch_adjustment,Spearman,ATG13,8,32,0.30952380952380953,-0.10190615835777124,-0.41142996788158076,-1.2437189824764845,0.6447821097951734,,10000,Percentile donor bootstrap; small-control-cohort limitations apply.,,
bulk_day25,all_donors_batch_adjustment,Spearman,ATG16L1,8,32,0.5952380952380952,0.5326246334310849,-0.06261346180701033,-0.6435629902807701,0.8674473613962312,,10000,Percentile donor bootstrap; small-control-cohort limitations apply.,,
bulk_day25,all_donors_batch_adjustment,Spearman,ATG2A,8,32,-0.11904761904761904,-0.4054252199413489,-0.2863776008937299,-1.1799530152214457,0.6686342279268389,,10000,Percentile donor bootstrap; small-control-cohort limitations apply.,,
bulk_day25,all_donors_batch_adjustment,Spearman,ATG2B,8,32,-0.07142857142857142,0.281524926686217,0.3529534981147884,-0.6281614140526393,1.2003816253259454,,10000,Percentile donor bootstrap; small-control-cohort limitations apply.,,
bulk_day25,all_donors_batch_adjustment,Spearman,ATG3,8,32,0.23809523809523808,0.19281524926686214,-0.045279988828375944,-0.8355518650062849,0.9364129438214485,,10000,Percentile donor bootstrap; small-control-cohort limitations apply.,,
bulk_day25,all_donors_batch_adjustment,Spearman,ATG4B,8,32,-0.19047619047619047,0.02456011730205278,0.21503630777824326,-0.7501346438090389,1.0393942808947931,,10000,Percentile donor bootstrap; small-control-cohort limitations apply.,,
bulk_day25,all_donors_batch_adjustment,Spearman,ATG4C,8,32,-0.47619047619047616,-0.6396627565982403,-0.16347228040776418,-1.212344705750171,0.4809177335094311,,10000,Percentile donor bootstrap; small-control-cohort limitations apply.,,
bulk_day25,all_donors_batch_adjustment,Spearman,ATG5,8,32,0.23809523809523808,0.2613636363636363,0.023268398268398216,-0.8054163893064874,0.9814322436807886,,10000,Percentile donor bootstrap; small-control-cohort limitations apply.,,
bulk_day25,all_donors_batch_adjustment,Spearman,ATG7,8,32,-0.4523809523809524,-0.5219941348973606,-0.06961318251640819,-0.8864541750817064,0.48237890040403275,,10000,Percentile donor bootstrap; small-control-cohort limitations apply.,,
bulk_day25,all_donors_batch_adjustment,Spearman,ATG9B,8,32,-0.35714285714285715,0.3599706744868035,0.7171135316296606,-0.40346154591337535,1.3820092710080816,,10000,Percentile donor bootstrap; small-control-cohort limitations apply.,,
bulk_day25,all_donors_batch_adjustment,Spearman,ATG101,8,32,0.5476190476190477,0.24413489736070376,-0.3034841502583439,-0.9428951638544627,0.7669544410843626,,10000,Percentile donor bootstrap; small-control-cohort limitations apply.,,
bulk_day25,all_donors_batch_adjustment,Spearman,BCL2,8,32,-0.4523809523809524,-0.4296187683284457,0.022762184052506684,-1.0345865389573208,0.6754973126536072,,10000,Percentile donor bootstrap; small-control-cohort limitations apply.,,
bulk_day25,all_donors_batch_adjustment,Spearman,BECN1,8,32,0.2619047619047619,-0.07624633431085043,-0.33815109621561235,-1.0849223891087236,0.8547210417724127,,10000,Percentile donor bootstrap; small-control-cohort limitations apply.,,
bulk_day25,all_donors_batch_adjustment,Spearman,CALCOCO2,8,32,-0.2857142857142857,-0.3368768328445747,-0.051162547130289004,-1.038294739394961,0.7657632892290992,,10000,Percentile donor bootstrap; small-control-cohort limitations apply.,,
bulk_day25,all_donors_batch_adjustment,Spearman,CLEC16A,8,32,0.4523809523809524,0.36253665689149556,-0.08984429548945683,-0.7530789111425583,0.9108366480973036,,10000,Percentile donor bootstrap; small-control-cohort limitations apply.,,
bulk_day25,all_donors_batch_adjustment,Spearman,CTNS,8,32,0.3333333333333333,-0.07624633431085043,-0.40957966764418374,-1.0950678248628412,0.6536446173769599,,10000,Percentile donor bootstrap; small-control-cohort limitations apply.,,
bulk_day25,all_donors_batch_adjustment,Spearman,EPG5,8,32,-0.14285714285714285,-0.20271260997067445,-0.059855467113531596,-0.9790386038368294,0.804136536612535,,10000,Percentile donor bootstrap; small-control-cohort limitations apply.,,
bulk_day25,all_donors_batch_adjustment,Spearman,GRN,8,32,0.2857142857142857,-0.11876832844574778,-0.4044826141600335,-1.0834189235524996,0.6509579009110916,,10000,Percentile donor bootstrap; small-control-cohort limitations apply.,,
bulk_day25,all_donors_batch_adjustment,Spearman,GABARAP,8,32,0.023809523809523808,-0.36583577712609966,-0.38964530093562344,-1.2388208754259242,0.5888521731375109,,10000,Percentile donor bootstrap; small-control-cohort limitations apply.,,
bulk_day25,all_donors_batch_adjustment,Spearman,GABARAPL1,8,32,0.5,0.7397360703812316,0.23973607038123157,-0.31852987428010926,1.2305016987463535,,10000,Percentile donor bootstrap; small-control-cohort limitations apply.,,
bulk_day25,all_donors_batch_adjustment,Spearman,GABARAPL2,8,32,0.047619047619047616,0.28079178885630496,0.23317274123725734,-0.684122030596658,1.161708886423276,,10000,Percentile donor bootstrap; small-control-cohort limitations apply.,,
bulk_day25,all_donors_batch_adjustment,Spearman,LAMP2,8,32,0.023809523809523808,0.03115835777126099,0.007348833961737182,-0.87064254505958,0.9692845258504554,,10000,Percentile donor bootstrap; small-control-cohort limitations apply.,,
bulk_day25,all_donors_batch_adjustment,Spearman,MAP1LC3A,8,32,0.21428571428571427,0.3577712609970674,0.14348554671135313,-0.5978348938677167,1.1949748984555923,,10000,Percentile donor bootstrap; small-control-cohort limitations apply.,,
bulk_day25,all_donors_batch_adjustment,Spearman,MAP1LC3B,8,32,0.2857142857142857,0.48973607038123157,0.20402178466694587,-0.534604287902469,1.3910279230026343,,10000,Percentile donor bootstrap; small-control-cohort limitations apply.,,
bulk_day25,all_donors_batch_adjustment,Spearman,NBR1,8,32,-0.42857142857142855,-0.3372434017595307,0.09132802681189783,-0.9646863663002699,0.7561138962915097,,10000,Percentile donor bootstrap; small-control-cohort limitations apply.,,
bulk_day25,all_donors_batch_adjustment,Spearman,OPTN,8,32,0.6190476190476191,0.6319648093841641,0.012917190336545037,-0.47712256288935995,0.7866999155718062,,10000,Percentile donor bootstrap; small-control-cohort limitations apply.,,
bulk_day25,all_donors_batch_adjustment,Spearman,PRKN,8,32,-0.42857142857142855,-0.15872434017595305,0.2698470883954755,-0.8343674756831597,0.9669398560957762,,10000,Percentile donor bootstrap; small-control-cohort limitations apply.,,
bulk_day25,all_donors_batch_adjustment,Spearman,PIK3R4,8,32,-0.3333333333333333,-0.2008797653958944,0.13245356793743893,-0.8917838055056099,0.9126521311591649,,10000,Percentile donor bootstrap; small-control-cohort limitations apply.,,
bulk_day25,all_donors_batch_adjustment,Spearman,PINK1,8,32,0.35714285714285715,0.21260997067448678,-0.14453288646837037,-0.8716281135848087,0.9294322327228565,,10000,Percentile donor bootstrap; small-control-cohort limitations apply.,,
bulk_day25,all_donors_batch_adjustment,Spearman,RB1CC1,8,32,0.3333333333333333,0.6634897360703811,0.33015640273704777,-0.4175762475673035,1.3612185424634322,,10000,Percentile donor bootstrap; small-control-cohort limitations apply.,,
bulk_day25,all_donors_batch_adjustment,Spearman,SNX14,8,32,-0.047619047619047616,-0.0784457478005865,-0.03082670018153888,-0.9229554885280686,0.8819713132419612,,10000,Percentile donor bootstrap; small-control-cohort limitations apply.,,
bulk_day25,all_donors_batch_adjustment,Spearman,SNX30,8,32,-0.023809523809523808,0.28079178885630496,0.3046013126658288,-0.5730004522517947,1.1252303782236577,,10000,Percentile donor bootstrap; small-control-cohort limitations apply.,,
bulk_day25,all_donors_batch_adjustment,Spearman,SNX4,8,32,0.16666666666666666,0.44061583577712604,0.2739491691104594,-0.5161402056098512,1.3449586957499733,,10000,Percentile donor bootstrap; small-control-cohort limitations apply.,,
bulk_day25,all_donors_batch_adjustment,Spearman,SQSTM1,8,32,0.35714285714285715,-0.3581378299120234,-0.7152806870548806,-1.3635795298548703,0.22859859802520827,,10000,Percentile donor bootstrap; small-control-cohort limitations apply.,,
bulk_day25,all_donors_batch_adjustment,Spearman,SPG11,8,32,-0.35714285714285715,-0.3614369501466275,-0.004294093003770372,-1.1559880663662765,0.7135557852214283,,10000,Percentile donor bootstrap; small-control-cohort limitations apply.,,
bulk_day25,all_donors_batch_adjustment,Spearman,TOLLIP,8,32,0.11904761904761904,0.14626099706744866,0.02721337801982962,-0.8727291693310711,1.1064563938854381,,10000,Percentile donor bootstrap; small-control-cohort limitations apply.,,
bulk_day25,all_donors_batch_adjustment,Spearman,UVRAG,8,32,-0.19047619047619047,-0.25953079178885624,-0.06905460131266578,-0.951217025720893,0.7513397678147412,,10000,Percentile donor bootstrap; small-control-cohort limitations apply.,,
bulk_day25,all_donors_batch_adjustment,Spearman,WDR45,8,32,0.38095238095238093,0.18438416422287388,-0.19656821672950706,-0.8975034332358088,0.8141844259935928,,10000,Percentile donor bootstrap; small-control-cohort limitations apply.,,
bulk_day25,all_donors_batch_adjustment,Spearman,WIPI1,8,32,0.38095238095238093,0.2642961876832844,-0.11665619326909654,-0.8372937067201665,1.022887605545582,,10000,Percentile donor bootstrap; small-control-cohort limitations apply.,,
bulk_day25,all_donors_batch_adjustment,Spearman,WIPI2,8,32,0.38095238095238093,0.06561583577712608,-0.31533654517525483,-1.044103510187345,0.8294534714046715,,10000,Percentile donor bootstrap; small-control-cohort limitations apply.,,
bulk_day25,all_donors_batch_adjustment,Spearman,ZFYVE21,8,32,0.21428571428571427,0.4017595307917888,0.1874738165060745,-0.591113969940536,1.181185262696936,,10000,Percentile donor bootstrap; small-control-cohort limitations apply.,,
bulk_day25,all_donors_batch_adjustment,pooled_nuisance_residualized,ATG10,8,32,0.1955848748653052,-0.1624193337834239,-0.3580042086487291,-1.1203880098712455,0.6206588468593325,,10000,Percentile donor bootstrap. Pooled-residual sensitivity conditions on the fitted nuisance adjustment; not a fully refitted adjusted CI.,,
bulk_day25,all_donors_batch_adjustment,pooled_nuisance_residualized,ATG12,8,32,-0.18360260139607137,0.36305173995602324,0.5466543413520946,-0.18511166693996126,1.1823757227533844,,10000,Percentile donor bootstrap. Pooled-residual sensitivity conditions on the fitted nuisance adjustment; not a fully refitted adjusted CI.,,
bulk_day25,all_donors_batch_adjustment,pooled_nuisance_residualized,ATG13,8,32,0.4235249069483257,-0.1631904750664934,-0.5867153820148191,-1.3028980198650277,0.5675936427030134,,10000,Percentile donor bootstrap. Pooled-residual sensitivity conditions on the fitted nuisance adjustment; not a fully refitted adjusted CI.,,
bulk_day25,all_donors_batch_adjustment,pooled_nuisance_residualized,ATG16L1,8,32,0.8396345154379494,0.7079754457135874,-0.13165906972436203,-0.47951422537239,0.35294883954724005,,10000,Percentile donor bootstrap. Pooled-residual sensitivity conditions on the fitted nuisance adjustment; not a fully refitted adjusted CI.,,
bulk_day25,all_donors_batch_adjustment,pooled_nuisance_residualized,ATG2A,8,32,-0.5537578882470591,-0.4805068516337997,0.07325103661325938,-1.0939858432426144,0.6109864484214875,,10000,Percentile donor bootstrap. Pooled-residual sensitivity conditions on the fitted nuisance adjustment; not a fully refitted adjusted CI.,,
bulk_day25,all_donors_batch_adjustment,pooled_nuisance_residualized,ATG2B,8,32,0.1801820758033641,0.30759267303963794,0.12741059723627385,-0.9003254706588136,0.9865206549467374,,10000,Percentile donor bootstrap. Pooled-residual sensitivity conditions on the fitted nuisance adjustment; not a fully refitted adjusted CI.,,
bulk_day25,all_donors_batch_adjustment,pooled_nuisance_residualized,ATG3,8,32,0.07206746277121696,0.1826545404427516,0.11058707767153463,-0.6049153019659022,1.2319504039000115,,10000,Percentile donor bootstrap. Pooled-residual sensitivity conditions on the fitted nuisance adjustment; not a fully refitted adjusted CI.,,
bulk_day25,all_donors_batch_adjustment,pooled_nuisance_residualized,ATG4B,8,32,-0.11727413167939045,0.04981474126738747,0.16708887294677793,-0.6373829419097358,0.9241313886710603,,10000,Percentile donor bootstrap. Pooled-residual sensitivity conditions on the fitted nuisance adjustment; not a fully refitted adjusted CI.,,
bulk_day25,all_donors_batch_adjustment,pooled_nuisance_residualized,ATG4C,8,32,-0.7257013396195352,-0.6119688926718182,0.113732446947717,-0.49931455359942106,0.6240642106434575,,10000,Percentile donor bootstrap. Pooled-residual sensitivity conditions on the fitted nuisance adjustment; not a fully refitted adjusted CI.,,
bulk_day25,all_donors_batch_adjustment,pooled_nuisance_residualized,ATG5,8,32,0.2235051716513081,0.24593789998655152,0.02243272833524343,-0.6871714119965955,1.2805723712343278,,10000,Percentile donor bootstrap. Pooled-residual sensitivity conditions on the fitted nuisance adjustment; not a fully refitted adjusted CI.,,
bulk_day25,all_donors_batch_adjustment,pooled_nuisance_residualized,ATG7,8,32,-0.40334573077232416,-0.5029657050901628,-0.09961997431783864,-0.6965844083858923,0.46004666132007976,,10000,Percentile donor bootstrap. Pooled-residual sensitivity conditions on the fitted nuisance adjustment; not a fully refitted adjusted CI.,,
bulk_day25,all_donors_batch_adjustment,pooled_nuisance_residualized,ATG9B,8,32,-0.279247105207047,0.23068748934426056,0.5099345945513075,-0.703144420378724,1.163912064017898,,10000,Percentile donor bootstrap. Pooled-residual sensitivity conditions on the fitted nuisance adjustment; not a fully refitted adjusted CI.,,
bulk_day25,all_donors_batch_adjustment,pooled_nuisance_residualized,ATG101,8,32,0.8675987235657241,0.2600133560451525,-0.6075853675205716,-1.0346432582060552,0.08349265563280624,,10000,Percentile donor bootstrap. Pooled-residual sensitivity conditions on the fitted nuisance adjustment; not a fully refitted adjusted CI.,,
bulk_day25,all_donors_batch_adjustment,pooled_nuisance_residualized,BCL2,8,32,-0.7355221004237186,-0.5378196280579263,0.1977024723657923,-0.514239586952003,0.585503788046559,,10000,Percentile donor bootstrap. Pooled-residual sensitivity conditions on the fitted nuisance adjustment; not a fully refitted adjusted CI.,,
bulk_day25,all_donors_batch_adjustment,pooled_nuisance_residualized,BECN1,8,32,0.023809995394742364,-0.12315427762093183,-0.1469642730156742,-0.8683569067345114,0.7382500899077721,,10000,Percentile donor bootstrap. Pooled-residual sensitivity conditions on the fitted nuisance adjustment; not a fully refitted adjusted CI.,,
bulk_day25,all_donors_batch_adjustment,pooled_nuisance_residualized,CALCOCO2,8,32,-0.5403351185478027,-0.5744677648124434,-0.03413264626464074,-1.129517569838354,0.5425009861967754,,10000,Percentile donor bootstrap. Pooled-residual sensitivity conditions on the fitted nuisance adjustment; not a fully refitted adjusted CI.,,
bulk_day25,all_donors_batch_adjustment,pooled_nuisance_residualized,CLEC16A,8,32,0.8120938939633452,0.3757830922509172,-0.436310801712428,-0.8295673618316677,0.0024486540272010754,,10000,Percentile donor bootstrap. Pooled-residual sensitivity conditions on the fitted nuisance adjustment; not a fully refitted adjusted CI.,,
bulk_day25,all_donors_batch_adjustment,pooled_nuisance_residualized,CTNS,8,32,0.4172258980696587,-0.07606183881170163,-0.49328773688136035,-1.053767687420594,0.36116796512440125,,10000,Percentile donor bootstrap. Pooled-residual sensitivity conditions on the fitted nuisance adjustment; not a fully refitted adjusted CI.,,
bulk_day25,all_donors_batch_adjustment,pooled_nuisance_residualized,EPG5,8,32,-0.19775519886512663,-0.16735440018157322,0.030400798683553415,-0.9022195578447811,0.7213244180025931,,10000,Percentile donor bootstrap. Pooled-residual sensitivity conditions on the fitted nuisance adjustment; not a fully refitted adjusted CI.,,
bulk_day25,all_donors_batch_adjustment,pooled_nuisance_residualized,GRN,8,32,0.2590913471811993,-0.1941548172734863,-0.4532461644546856,-1.0323466560240215,0.4051761552480652,,10000,Percentile donor bootstrap. Pooled-residual sensitivity conditions on the fitted nuisance adjustment; not a fully refitted adjusted CI.,,
bulk_day25,all_donors_batch_adjustment,pooled_nuisance_residualized,GABARAP,8,32,-0.33222019949952675,-0.40411620985006314,-0.07189601035053639,-1.0319344374625907,0.6061962567341536,,10000,Percentile donor bootstrap. Pooled-residual sensitivity conditions on the fitted nuisance adjustment; not a fully refitted adjusted CI.,,
bulk_day25,all_donors_batch_adjustment,pooled_nuisance_residualized,GABARAPL1,8,32,0.8566640392616328,0.7765874141198758,-0.08007662514175706,-0.33211081562437006,0.7508262794265564,,10000,Percentile donor bootstrap. Pooled-residual sensitivity conditions on the fitted nuisance adjustment; not a fully refitted adjusted CI.,,
bulk_day25,all_donors_batch_adjustment,pooled_nuisance_residualized,GABARAPL2,8,32,-0.1439866053382544,0.23371244668203411,0.37769905202028853,-0.4902995478507517,1.193131089827851,,10000,Percentile donor bootstrap. Pooled-residual sensitivity conditions on the fitted nuisance adjustment; not a fully refitted adjusted CI.,,
bulk_day25,all_donors_batch_adjustment,pooled_nuisance_residualized,LAMP2,8,32,0.3779020110462967,-0.015335674175580924,-0.39323768522187763,-0.9469615759363458,0.3807358054493083,,10000,Percentile donor bootstrap. Pooled-residual sensitivity conditions on the fitted nuisance adjustment; not a fully refitted adjusted CI.,,
bulk_day25,all_donors_batch_adjustment,pooled_nuisance_residualized,MAP1LC3A,8,32,0.4834821681729241,0.33667861492924417,-0.14680355324367994,-0.7365181382849193,0.44294308959394463,,10000,Percentile donor bootstrap. Pooled-residual sensitivity conditions on the fitted nuisance adjustment; not a fully refitted adjusted CI.,,
bulk_day25,all_donors_batch_adjustment,pooled_nuisance_residualized,MAP1LC3B,8,32,0.7828081856820656,0.5050266196179051,-0.2777815660641605,-0.7018422545640693,0.9727566602269916,,10000,Percentile donor bootstrap. Pooled-residual sensitivity conditions on the fitted nuisance adjustment; not a fully refitted adjusted CI.,,
bulk_day25,all_donors_batch_adjustment,pooled_nuisance_residualized,NBR1,8,32,-0.685265916964369,-0.43198230912051183,0.2532836078438572,-0.9063085964390555,0.8051300541888374,,10000,Percentile donor bootstrap. Pooled-residual sensitivity conditions on the fitted nuisance adjustment; not a fully refitted adjusted CI.,,
bulk_day25,all_donors_batch_adjustment,pooled_nuisance_residualized,OPTN,8,32,0.797075108976382,0.6158459225683484,-0.18122918640803365,-0.4808060546257748,0.2784871657988787,,10000,Percentile donor bootstrap. Pooled-residual sensitivity conditions on the fitted nuisance adjustment; not a fully refitted adjusted CI.,,
bulk_day25,all_donors_batch_adjustment,pooled_nuisance_residualized,PRKN,8,32,-0.3744467945854173,-0.3146080204040457,0.05983877418137162,-1.0403684408679883,0.848022348349477,,10000,Percentile donor bootstrap. Pooled-residual sensitivity conditions on the fitted nuisance adjustment; not a fully refitted adjusted CI.,,
bulk_day25,all_donors_batch_adjustment,pooled_nuisance_residualized,PIK3R4,8,32,-0.5295823210131105,-0.2911930654105506,0.2383892556025599,-0.5915873823144439,0.7827661228247532,,10000,Percentile donor bootstrap. Pooled-residual sensitivity conditions on the fitted nuisance adjustment; not a fully refitted adjusted CI.,,
bulk_day25,all_donors_batch_adjustment,pooled_nuisance_residualized,PINK1,8,32,0.40915926835338995,0.09624653363166875,-0.3129127347217212,-0.8550194661784238,0.5184293022998488,,10000,Percentile donor bootstrap. Pooled-residual sensitivity conditions on the fitted nuisance adjustment; not a fully refitted adjusted CI.,,
bulk_day25,all_donors_batch_adjustment,pooled_nuisance_residualized,RB1CC1,8,32,0.6558288719414503,0.6162112932967334,-0.03961757864471693,-0.42275446664566924,1.2084936415916436,,10000,Percentile donor bootstrap. Pooled-residual sensitivity conditions on the fitted nuisance adjustment; not a fully refitted adjusted CI.,,
bulk_day25,all_donors_batch_adjustment,pooled_nuisance_residualized,SNX14,8,32,0.0048267033449682735,-0.010960399056819064,-0.015787102401787337,-0.7211461903471649,0.8364188879598916,,10000,Percentile donor bootstrap. Pooled-residual sensitivity conditions on the fitted nuisance adjustment; not a fully refitted adjusted CI.,,
bulk_day25,all_donors_batch_adjustment,pooled_nuisance_residualized,SNX30,8,32,-0.4035453249173064,0.11797194828070792,0.5215172731980143,-0.6885152804884422,1.2257382459321475,,10000,Percentile donor bootstrap. Pooled-residual sensitivity conditions on the fitted nuisance adjustment; not a fully refitted adjusted CI.,,
bulk_day25,all_donors_batch_adjustment,pooled_nuisance_residualized,SNX4,8,32,0.06228786573651055,0.384913651284706,0.32262578554819543,-0.43159058263775674,1.3978479896269045,,10000,Percentile donor bootstrap. Pooled-residual sensitivity conditions on the fitted nuisance adjustment; not a fully refitted adjusted CI.,,
bulk_day25,all_donors_batch_adjustment,pooled_nuisance_residualized,SQSTM1,8,32,0.301661829100304,-0.3403925182365233,-0.6420543473368272,-1.2531829117586553,0.5212089306953407,,10000,Percentile donor bootstrap. Pooled-residual sensitivity conditions on the fitted nuisance adjustment; not a fully refitted adjusted CI.,,
bulk_day25,all_donors_batch_adjustment,pooled_nuisance_residualized,SPG11,8,32,-0.5906414020609343,-0.425954916323976,0.16468648573695832,-0.7588606497347374,0.6451776470279836,,10000,Percentile donor bootstrap. Pooled-residual sensitivity conditions on the fitted nuisance adjustment; not a fully refitted adjusted CI.,,
bulk_day25,all_donors_batch_adjustment,pooled_nuisance_residualized,TOLLIP,8,32,0.3147847797790699,0.0038395939514637677,-0.3109451858276061,-0.9779856715881289,0.8901607736097296,,10000,Percentile donor bootstrap. Pooled-residual sensitivity conditions on the fitted nuisance adjustment; not a fully refitted adjusted CI.,,
bulk_day25,all_donors_batch_adjustment,pooled_nuisance_residualized,UVRAG,8,32,0.08208949494110533,-0.09001988040487423,-0.17210937534597956,-1.0365003617515647,0.664611455783795,,10000,Percentile donor bootstrap. Pooled-residual sensitivity conditions on the fitted nuisance adjustment; not a fully refitted adjusted CI.,,
bulk_day25,all_donors_batch_adjustment,pooled_nuisance_residualized,WDR45,8,32,0.6698434600513328,0.20813585317841563,-0.4617076068729171,-0.9209363660442441,0.41300538642281037,,10000,Percentile donor bootstrap. Pooled-residual sensitivity conditions on the fitted nuisance adjustment; not a fully refitted adjusted CI.,,
bulk_day25,all_donors_batch_adjustment,pooled_nuisance_residualized,WIPI1,8,32,0.4870663943113349,0.13029405064061703,-0.35677234367071786,-0.951497470169326,1.0620464070965872,,10000,Percentile donor bootstrap. Pooled-residual sensitivity conditions on the fitted nuisance adjustment; not a fully refitted adjusted CI.,,
bulk_day25,all_donors_batch_adjustment,pooled_nuisance_residualized,WIPI2,8,32,0.5219038410315954,0.06130912722573872,-0.46059471380585665,-1.0818436295033784,0.9469483057425239,,10000,Percentile donor bootstrap. Pooled-residual sensitivity conditions on the fitted nuisance adjustment; not a fully refitted adjusted CI.,,
bulk_day25,all_donors_batch_adjustment,pooled_nuisance_residualized,ZFYVE21,8,32,0.5831119864852617,0.28039463950687005,-0.3027173469783917,-0.8222146280252324,0.5764623317336166,,10000,Percentile donor bootstrap. Pooled-residual sensitivity conditions on the fitted nuisance adjustment; not a fully refitted adjusted CI.,,
bulk_day25,reported_sex_subset,Pearson,ATG10,8,28,-0.13627145078024205,-0.2481772943121243,-0.11190584353188224,-1.043790914432485,0.6504723226860176,0.8122779761707746,10000,Percentile donor bootstrap; small-control-cohort limitations apply.,0.994933343343193,
bulk_day25,reported_sex_subset,Pearson,ATG12,8,28,0.482917732184699,0.2550807463139648,-0.2278369858707342,-0.7392378217526411,0.6341181937741944,0.5872307539357012,10000,Percentile donor bootstrap; small-control-cohort limitations apply.,0.9018186578298268,
bulk_day25,reported_sex_subset,Pearson,ATG13,8,28,0.636272639224288,-0.15562269794045866,-0.7918953371647467,-1.3030685037789302,0.17516509485098974,0.06358961570679302,10000,Percentile donor bootstrap; small-control-cohort limitations apply.,0.4554276055835925,
bulk_day25,reported_sex_subset,Pearson,ATG16L1,8,28,0.712676387077781,0.7142038595154305,0.001527472437649502,-0.44217038213564375,1.129172550052443,0.994933343343193,10000,Percentile donor bootstrap; small-control-cohort limitations apply.,0.994933343343193,
bulk_day25,reported_sex_subset,Pearson,ATG2A,8,28,-0.08168074872262815,-0.5750753107527217,-0.4933945620300935,-1.3290787426992985,0.2850942525931587,0.24197675554222864,10000,Percentile donor bootstrap; small-control-cohort limitations apply.,0.5780555826842129,
bulk_day25,reported_sex_subset,Pearson,ATG2B,8,28,-0.29400715703094615,0.4404553343060778,0.7344624913370239,-0.12050848873232732,1.3671245058594144,0.1133125921628912,10000,Percentile donor bootstrap; small-control-cohort limitations apply.,0.4554276055835925,
bulk_day25,reported_sex_subset,Pearson,ATG3,8,28,0.4594265182853868,0.08546895696514704,-0.3739575613202397,-0.8522092087952436,0.7015854202896807,0.40160475874062396,10000,Percentile donor bootstrap; small-control-cohort limitations apply.,0.744947269957357,
bulk_day25,reported_sex_subset,Pearson,ATG4B,8,28,0.10445923616984298,0.1278326028855938,0.023373366715750826,-0.7446359029539277,0.9464104958888938,0.9614249929131439,10000,Percentile donor bootstrap; small-control-cohort limitations apply.,0.994933343343193,
bulk_day25,reported_sex_subset,Pearson,ATG4C,8,28,-0.5427264459600474,-0.6270787481467758,-0.0843523021867284,-1.1898630639457346,0.4377525791555149,0.792972918897656,10000,Percentile donor bootstrap; small-control-cohort limitations apply.,0.994933343343193,
bulk_day25,reported_sex_subset,Pearson,ATG5,8,28,0.4998988576452902,0.19749875855991708,-0.30240009908537313,-0.9094358629809702,0.9429822402575364,0.4761671354386049,10000,Percentile donor bootstrap; small-control-cohort limitations apply.,0.7875071855330773,
bulk_day25,reported_sex_subset,Pearson,ATG7,8,28,-0.500454609897304,-0.44785821328519854,0.05259639661210541,-0.761344902987091,0.5152657405319725,0.8897747426163962,10000,Percentile donor bootstrap; small-control-cohort limitations apply.,0.994933343343193,
bulk_day25,reported_sex_subset,Pearson,ATG9B,8,28,-0.48936556234319434,0.2357229717900227,0.725088534133217,-0.543232468680608,1.3177215912513085,0.11344104994447389,10000,Percentile donor bootstrap; small-control-cohort limitations apply.,0.4554276055835925,
bulk_day25,reported_sex_subset,Pearson,ATG101,8,28,0.9040931657784512,0.2164755661254595,-0.6876175996529917,-1.1219050465938343,0.03150983549393885,0.0092945832641242,10000,Percentile donor bootstrap; small-control-cohort limitations apply.,0.3996670803573406,
bulk_day25,reported_sex_subset,Pearson,BCL2,8,28,-0.46673440245351316,-0.4995170545049869,-0.03278265205147374,-1.1887976222676073,0.546987011549613,0.9304212425670939,10000,Percentile donor bootstrap; small-control-cohort limitations apply.,0.994933343343193,
bulk_day25,reported_sex_subset,Pearson,BECN1,8,28,0.500558917656231,-0.21633961210385017,-0.7168985297600812,-1.1585409373262558,0.5757805623676162,0.11607138661087472,10000,Percentile donor bootstrap; small-control-cohort limitations apply.,0.4554276055835925,
bulk_day25,reported_sex_subset,Pearson,CALCOCO2,8,28,-0.15398373005374622,-0.5838345562010543,-0.4298508261473081,-1.3784101918436096,0.32449211064142713,0.29498747748334964,10000,Percentile donor bootstrap; small-control-cohort limitations apply.,0.6676032385149492,
bulk_day25,reported_sex_subset,Pearson,CLEC16A,8,28,0.8691412320271977,0.42989328798859294,-0.4392479440386048,-0.7735049569868725,0.4703567150752426,0.07582267638401269,10000,Percentile donor bootstrap; small-control-cohort limitations apply.,0.4554276055835925,
bulk_day25,reported_sex_subset,Pearson,CTNS,8,28,0.6673369939937627,-0.04884914550399551,-0.7161861394977582,-1.1492194410337444,0.19438971619200418,0.08100524718394382,10000,Percentile donor bootstrap; small-control-cohort limitations apply.,0.4554276055835925,
bulk_day25,reported_sex_subset,Pearson,EPG5,8,28,-0.4562251895924336,-0.04575948028622488,0.4104657093062087,-0.5272972918150216,0.9485606156845156,0.361816594130285,10000,Percentile donor bootstrap; small-control-cohort limitations apply.,0.744947269957357,
bulk_day25,reported_sex_subset,Pearson,GRN,8,28,0.5559097500775422,-0.12843314746079412,-0.6843428975383363,-1.1741787532200663,0.006546332848518733,0.12276749157208713,10000,Percentile donor bootstrap; small-control-cohort limitations apply.,0.4554276055835925,
bulk_day25,reported_sex_subset,Pearson,GABARAP,8,28,0.23257787960926854,-0.4279347022152568,-0.6605125818245253,-1.2788439511077876,0.2944174325698781,0.1564272607116769,10000,Percentile donor bootstrap; small-control-cohort limitations apply.,0.4804551579001505,
bulk_day25,reported_sex_subset,Pearson,GABARAPL1,8,28,0.8358845743835028,0.802906168321633,-0.03297840606186986,-0.3005741575772711,1.1550675017611032,0.8372704901318447,10000,Percentile donor bootstrap; small-control-cohort limitations apply.,0.994933343343193,
bulk_day25,reported_sex_subset,Pearson,GABARAPL2,8,28,0.20998566314617903,0.15306292162238053,-0.056922741523798503,-0.7399321133910669,0.9262703841852343,0.9043323633549241,10000,Percentile donor bootstrap; small-control-cohort limitations apply.,0.994933343343193,
bulk_day25,reported_sex_subset,Pearson,LAMP2,8,28,0.3843571168076594,0.021136309115547765,-0.3632208076921116,-0.9658666241019583,0.8473940098030138,0.43310887788218433,10000,Percentile donor bootstrap; small-control-cohort limitations apply.,0.744947269957357,
bulk_day25,reported_sex_subset,Pearson,MAP1LC3A,8,28,0.6054259662453085,0.2938843513865467,-0.3115416148587618,-0.8377191198602464,1.1473030426834219,0.41555217519126075,10000,Percentile donor bootstrap; small-control-cohort limitations apply.,0.744947269957357,
bulk_day25,reported_sex_subset,Pearson,MAP1LC3B,8,28,0.801800231761509,0.4338886919447867,-0.36791153981672237,-0.8261366373865889,1.067029652532682,0.19214395988652,10000,Percentile donor bootstrap; small-control-cohort limitations apply.,0.4884671936535072,
bulk_day25,reported_sex_subset,Pearson,NBR1,8,28,-0.3538150021063248,-0.5328808247371845,-0.17906582263085963,-1.3190400432596543,0.42310933036680853,0.6469691445867207,10000,Percentile donor bootstrap; small-control-cohort limitations apply.,0.9592990764561722,
bulk_day25,reported_sex_subset,Pearson,OPTN,8,28,0.8317694106580648,0.6613179860403113,-0.17045142461775342,-0.4354167704040729,0.8920625193309065,0.4157365557487197,10000,Percentile donor bootstrap; small-control-cohort limitations apply.,0.744947269957357,
bulk_day25,reported_sex_subset,Pearson,PRKN,8,28,-0.5186727490963906,-0.18053971132206462,0.338133037774326,-0.8834769668095416,0.9989530430483667,0.42363577725746915,10000,Percentile donor bootstrap; small-control-cohort limitations apply.,0.744947269957357,
bulk_day25,reported_sex_subset,Pearson,PIK3R4,8,28,-0.2558057929892122,-0.20768530786454054,0.04812048512467165,-0.9695152309661609,0.7444493805779254,0.917307267099303,10000,Percentile donor bootstrap; small-control-cohort limitations apply.,0.994933343343193,
bulk_day25,reported_sex_subset,Pearson,PINK1,8,28,0.7137723891641613,0.05727299890962816,-0.6564993902545332,-1.0663292105081814,0.6167301563672922,0.0873522549026516,10000,Percentile donor bootstrap; small-control-cohort limitations apply.,0.4554276055835925,
bulk_day25,reported_sex_subset,Pearson,RB1CC1,8,28,0.7570669453689676,0.5969397530329076,-0.16012719233606,-0.5243801085540246,1.1217171384651097,0.5390384889211989,10000,Percentile donor bootstrap; small-control-cohort limitations apply.,0.8584687045782056,
bulk_day25,reported_sex_subset,Pearson,SNX14,8,28,-0.16661030833304405,0.028675057235563794,0.19528536556860784,-0.8902142641638422,1.0056563370367284,0.6878010620962429,10000,Percentile donor bootstrap; small-control-cohort limitations apply.,0.9858481890046149,
bulk_day25,reported_sex_subset,Pearson,SNX30,8,28,0.0845392304532254,0.09549152257128919,0.010952292118063797,-0.6937502412760259,0.8732065214893037,0.9820178949321381,10000,Percentile donor bootstrap; small-control-cohort limitations apply.,0.994933343343193,
bulk_day25,reported_sex_subset,Pearson,SNX4,8,28,0.4231433261477629,0.2656947234376612,-0.1574486027101017,-0.7067623360417931,1.1044957013708254,0.7143859503336158,10000,Percentile donor bootstrap; small-control-cohort limitations apply.,0.990922447236951,
bulk_day25,reported_sex_subset,Pearson,SQSTM1,8,28,0.5437847796653265,-0.4042034828387902,-0.9479882625041167,-1.371407328036682,-0.27401956089095547,0.03407611162264651,10000,Percentile donor bootstrap; small-control-cohort limitations apply.,0.4554276055835925,
bulk_day25,reported_sex_subset,Pearson,SPG11,8,28,-0.5406567050920256,-0.4406856762526436,0.09997102883938197,-1.0167007917542483,0.63197722231313,0.7875854945640253,10000,Percentile donor bootstrap; small-control-cohort limitations apply.,0.994933343343193,
bulk_day25,reported_sex_subset,Pearson,TOLLIP,8,28,0.5912897136188784,-0.05887620787056799,-0.6501659214894464,-1.1134690032579757,0.6223987425717663,0.13164595220568628,10000,Percentile donor bootstrap; small-control-cohort limitations apply.,0.4554276055835925,
bulk_day25,reported_sex_subset,Pearson,UVRAG,8,28,-0.028589488972103786,-0.12694619414421612,-0.09835670517211234,-0.7476558017620083,0.6853638118777288,0.8397920574097992,10000,Percentile donor bootstrap; small-control-cohort limitations apply.,0.994933343343193,
bulk_day25,reported_sex_subset,Pearson,WDR45,8,28,0.6388173601198508,0.11805738693970193,-0.5207599731801489,-1.0175423392731517,0.5905010751944496,0.19311493702580518,10000,Percentile donor bootstrap; small-control-cohort limitations apply.,0.4884671936535072,
bulk_day25,reported_sex_subset,Pearson,WIPI1,8,28,0.6704294911605331,0.14901604223516107,-0.521413448925372,-0.9476946528669096,0.621121108593903,0.17699853055181647,10000,Percentile donor bootstrap; small-control-cohort limitations apply.,0.4884671936535072,
bulk_day25,reported_sex_subset,Pearson,WIPI2,8,28,0.6653777377989893,0.04527059582397464,-0.6201071419750147,-1.149909758907091,0.3178777982817019,0.1222433166529465,10000,Percentile donor bootstrap; small-control-cohort limitations apply.,0.4554276055835925,
bulk_day25,reported_sex_subset,Pearson,ZFYVE21,8,28,0.7574602104711029,0.25709620819006507,-0.5003640022810378,-0.8728429060331947,0.9122179264816432,0.13768741564155124,10000,Percentile donor bootstrap; small-control-cohort limitations apply.,0.4554276055835925,
bulk_day25,reported_sex_subset,Spearman,ATG10,8,28,0.21428571428571427,-0.30651340996168586,-0.5207991242474002,-1.358479772367666,0.5193971551542479,,10000,Percentile donor bootstrap; small-control-cohort limitations apply.,,
bulk_day25,reported_sex_subset,Spearman,ATG12,8,28,0.2857142857142857,0.30979748221127534,0.024083196496989645,-0.7233534865846656,0.9067199132526417,,10000,Percentile donor bootstrap; small-control-cohort limitations apply.,,
bulk_day25,reported_sex_subset,Spearman,ATG13,8,28,0.30952380952380953,-0.09852216748768475,-0.40804597701149425,-1.257731039759427,0.6733657790829338,,10000,Percentile donor bootstrap; small-control-cohort limitations apply.,,
bulk_day25,reported_sex_subset,Spearman,ATG16L1,8,28,0.5952380952380952,0.5911330049261084,-0.004105090311986803,-0.5923670166738892,0.9335109166942139,,10000,Percentile donor bootstrap; small-control-cohort limitations apply.,,
bulk_day25,reported_sex_subset,Spearman,ATG2A,8,28,-0.11904761904761904,-0.4980842911877395,-0.3790366721401205,-1.2686943863459301,0.5846633929221299,,10000,Percentile donor bootstrap; small-control-cohort limitations apply.,,
bulk_day25,reported_sex_subset,Spearman,ATG2B,8,28,-0.07142857142857142,0.40065681444991796,0.47208538587848936,-0.4927124422780539,1.3005584282589995,,10000,Percentile donor bootstrap; small-control-cohort limitations apply.,,
bulk_day25,reported_sex_subset,Spearman,ATG3,8,28,0.23809523809523808,0.14340448823207447,-0.09469074986316361,-0.9006134742855052,0.8645936095225568,,10000,Percentile donor bootstrap; small-control-cohort limitations apply.,,
bulk_day25,reported_sex_subset,Spearman,ATG4B,8,28,-0.19047619047619047,0.09085933223864259,0.2813355227148331,-0.6775714897843533,1.130149987379087,,10000,Percentile donor bootstrap; small-control-cohort limitations apply.,,
bulk_day25,reported_sex_subset,Spearman,ATG4C,8,28,-0.47619047619047616,-0.6453201970443351,-0.1691297208538589,-1.2236393410277264,0.4840077709725073,,10000,Percentile donor bootstrap; small-control-cohort limitations apply.,,
bulk_day25,reported_sex_subset,Spearman,ATG5,8,28,0.23809523809523808,0.2780514504652436,0.03995621237000552,-0.8085305377366898,1.0140047463203636,,10000,Percentile donor bootstrap; small-control-cohort limitations apply.,,
bulk_day25,reported_sex_subset,Spearman,ATG7,8,28,-0.4523809523809524,-0.4926108374384237,-0.040229885057471326,-0.8700190518042397,0.5309251764311532,,10000,Percentile donor bootstrap; small-control-cohort limitations apply.,,
bulk_day25,reported_sex_subset,Spearman,ATG9B,8,28,-0.35714285714285715,0.3557744937055282,0.7129173508483854,-0.4105858161412237,1.3994566852119914,,10000,Percentile donor bootstrap; small-control-cohort limitations apply.,,
bulk_day25,reported_sex_subset,Spearman,ATG101,8,28,0.5476190476190477,0.2052545155993432,-0.34236453201970446,-1.005836612167881,0.7642334621720943,,10000,Percentile donor bootstrap; small-control-cohort limitations apply.,,
bulk_day25,reported_sex_subset,Spearman,BCL2,8,28,-0.4523809523809524,-0.5238095238095238,-0.07142857142857145,-1.1285743396514782,0.5811628348886141,,10000,Percentile donor bootstrap; small-control-cohort limitations apply.,,
bulk_day25,reported_sex_subset,Spearman,BECN1,8,28,0.2619047619047619,-0.16694033935413247,-0.4288451012588944,-1.1812494587532445,0.7596872483301802,,10000,Percentile donor bootstrap; small-control-cohort limitations apply.,,
bulk_day25,reported_sex_subset,Spearman,CALCOCO2,8,28,-0.2857142857142857,-0.4116037219485496,-0.1258894362342639,-1.119241992127331,0.6907082380733691,,10000,Percentile donor bootstrap; small-control-cohort limitations apply.,,
bulk_day25,reported_sex_subset,Spearman,CLEC16A,8,28,0.4523809523809524,0.3858784893267652,-0.06650246305418717,-0.7634885557464591,0.9324599090508705,,10000,Percentile donor bootstrap; small-control-cohort limitations apply.,,
bulk_day25,reported_sex_subset,Spearman,CTNS,8,28,0.3333333333333333,-0.09852216748768475,-0.4318555008210181,-1.1388128707511522,0.653521701113025,,10000,Percentile donor bootstrap; small-control-cohort limitations apply.,,
bulk_day25,reported_sex_subset,Spearman,EPG5,8,28,-0.14285714285714285,-0.1242474001094691,0.018609742747673755,-0.899866348783319,0.8856384920822079,,10000,Percentile donor bootstrap; small-control-cohort limitations apply.,,
bulk_day25,reported_sex_subset,Spearman,GRN,8,28,0.2857142857142857,-0.22441160372194857,-0.5101258894362343,-1.1815437374012767,0.5493666288659369,,10000,Percentile donor bootstrap; small-control-cohort limitations apply.,,
bulk_day25,reported_sex_subset,Spearman,GABARAP,8,28,0.023809523809523808,-0.5265462506841818,-0.5503557744937057,-1.371729255510683,0.40913693463396605,,10000,Percentile donor bootstrap; small-control-cohort limitations apply.,,
bulk_day25,reported_sex_subset,Spearman,GABARAPL1,8,28,0.5,0.7624521072796936,0.2624521072796936,-0.31688277567753104,1.2469198970321496,,10000,Percentile donor bootstrap; small-control-cohort limitations apply.,,
bulk_day25,reported_sex_subset,Spearman,GABARAPL2,8,28,0.047619047619047616,0.21620142309797485,0.16858237547892724,-0.7597549344938749,1.111056293077218,,10000,Percentile donor bootstrap; small-control-cohort limitations apply.,,
bulk_day25,reported_sex_subset,Spearman,LAMP2,8,28,0.023809523809523808,-0.01477832512315271,-0.03858784893267652,-0.9122892286456911,0.9384816851304792,,10000,Percentile donor bootstrap; small-control-cohort limitations apply.,,
bulk_day25,reported_sex_subset,Spearman,MAP1LC3A,8,28,0.21428571428571427,0.32402846195949647,0.1097427476737822,-0.65336213910722,1.1824375558416302,,10000,Percentile donor bootstrap; small-control-cohort limitations apply.,,
bulk_day25,reported_sex_subset,Spearman,MAP1LC3B,8,28,0.2857142857142857,0.4865900383141763,0.2008757525998906,-0.5789800781130872,1.4032004166958731,,10000,Percentile donor bootstrap; small-control-cohort limitations apply.,,
bulk_day25,reported_sex_subset,Spearman,NBR1,8,28,-0.42857142857142855,-0.45703338806787086,-0.028461959496442313,-1.0764959028025924,0.637024949524893,,10000,Percentile donor bootstrap; small-control-cohort limitations apply.,,
bulk_day25,reported_sex_subset,Spearman,OPTN,8,28,0.6190476190476191,0.671592775041051,0.0525451559934319,-0.4506516111513611,0.8224130209623446,,10000,Percentile donor bootstrap; small-control-cohort limitations apply.,,
bulk_day25,reported_sex_subset,Spearman,PRKN,8,28,-0.42857142857142855,-0.1395730706075534,0.2889983579638752,-0.8308911117007682,1.0189461117059924,,10000,Percentile donor bootstrap; small-control-cohort limitations apply.,,
bulk_day25,reported_sex_subset,Spearman,PIK3R4,8,28,-0.3333333333333333,-0.21620142309797485,0.11713191023535846,-0.9019195943577389,0.9100025558893242,,10000,Percentile donor bootstrap; small-control-cohort limitations apply.,,
bulk_day25,reported_sex_subset,Spearman,PINK1,8,28,0.35714285714285715,0.1510673234811166,-0.20607553366174056,-0.9541880315783402,0.8944054307536213,,10000,Percentile donor bootstrap; small-control-cohort limitations apply.,,
bulk_day25,reported_sex_subset,Spearman,RB1CC1,8,28,0.3333333333333333,0.6442255062944718,0.3108921729611385,-0.4628402801051132,1.3540945419737234,,10000,Percentile donor bootstrap; small-control-cohort limitations apply.,,
bulk_day25,reported_sex_subset,Spearman,SNX14,8,28,-0.047619047619047616,-0.05199781061850028,-0.004378762999452661,-0.9117164970990046,0.9384828512696967,,10000,Percentile donor bootstrap; small-control-cohort limitations apply.,,
bulk_day25,reported_sex_subset,Spearman,SNX30,8,28,-0.023809523809523808,0.20744389709906955,0.23125342090859335,-0.6813156540082262,1.080227334461298,,10000,Percentile donor bootstrap; small-control-cohort limitations apply.,,
bulk_day25,reported_sex_subset,Spearman,SNX4,8,28,0.16666666666666666,0.40065681444991796,0.2339901477832513,-0.5783521537082714,1.312891755254106,,10000,Percentile donor bootstrap; small-control-cohort limitations apply.,,
bulk_day25,reported_sex_subset,Spearman,SQSTM1,8,28,0.35714285714285715,-0.48166392993979207,-0.8388067870826492,-1.4665940492256282,0.08139066593729906,,10000,Percentile donor bootstrap; small-control-cohort limitations apply.,,
bulk_day25,reported_sex_subset,Spearman,SPG11,8,28,-0.35714285714285715,-0.374384236453202,-0.017241379310344862,-1.1862557561804827,0.7284810288311444,,10000,Percentile donor bootstrap; small-control-cohort limitations apply.,,
bulk_day25,reported_sex_subset,Spearman,TOLLIP,8,28,0.11904761904761904,0.04871373836891079,-0.07033388067870824,-0.9829598153672366,1.0227544834615183,,10000,Percentile donor bootstrap; small-control-cohort limitations apply.,,
bulk_day25,reported_sex_subset,Spearman,UVRAG,8,28,-0.19047619047619047,-0.2266009852216749,-0.03612479474548444,-0.9137973939945732,0.7962296002294325,,10000,Percentile donor bootstrap; small-control-cohort limitations apply.,,
bulk_day25,reported_sex_subset,Spearman,WDR45,8,28,0.38095238095238093,0.11603721948549536,-0.26491516146688554,-0.9649852220204912,0.7651981537393087,,10000,Percentile donor bootstrap; small-control-cohort limitations apply.,,
bulk_day25,reported_sex_subset,Spearman,WIPI1,8,28,0.38095238095238093,0.23371647509578547,-0.14723590585659546,-0.8743169083575247,1.0128991911036533,,10000,Percentile donor bootstrap; small-control-cohort limitations apply.,,
bulk_day25,reported_sex_subset,Spearman,WIPI2,8,28,0.38095238095238093,0.004378762999452655,-0.37657361795292826,-1.1118145032693716,0.7561146081568418,,10000,Percentile donor bootstrap; small-control-cohort limitations apply.,,
bulk_day25,reported_sex_subset,Spearman,ZFYVE21,8,28,0.21428571428571427,0.34701696770662294,0.13273125342090866,-0.673928125088947,1.1565939797087879,,10000,Percentile donor bootstrap; small-control-cohort limitations apply.,,
bulk_day25,reported_sex_subset,pooled_nuisance_residualized,ATG10,8,28,0.30225138088783793,-0.2203460163831137,-0.5225973972709517,-1.2165195312260788,0.6704439811953814,,10000,Percentile donor bootstrap. Pooled-residual sensitivity conditions on the fitted nuisance adjustment; not a fully refitted adjusted CI.,,
bulk_day25,reported_sex_subset,pooled_nuisance_residualized,ATG12,8,28,-0.15906623364167394,0.35087666067566176,0.5099428943173356,-0.3651278367051395,1.1818645723391537,,10000,Percentile donor bootstrap. Pooled-residual sensitivity conditions on the fitted nuisance adjustment; not a fully refitted adjusted CI.,,
bulk_day25,reported_sex_subset,pooled_nuisance_residualized,ATG13,8,28,0.36664992886914527,-0.11486115021258853,-0.4815110790817338,-1.1842842694527917,0.7164637218832495,,10000,Percentile donor bootstrap. Pooled-residual sensitivity conditions on the fitted nuisance adjustment; not a fully refitted adjusted CI.,,
bulk_day25,reported_sex_subset,pooled_nuisance_residualized,ATG16L1,8,28,0.830683169169722,0.7620469170480981,-0.06863625212162383,-0.3686030266870494,0.4102737320294239,,10000,Percentile donor bootstrap. Pooled-residual sensitivity conditions on the fitted nuisance adjustment; not a fully refitted adjusted CI.,,
bulk_day25,reported_sex_subset,pooled_nuisance_residualized,ATG2A,8,28,-0.4967145851327472,-0.5822373928195831,-0.0855228076868359,-1.0747106267554605,0.4797504962756074,,10000,Percentile donor bootstrap. Pooled-residual sensitivity conditions on the fitted nuisance adjustment; not a fully refitted adjusted CI.,,
bulk_day25,reported_sex_subset,pooled_nuisance_residualized,ATG2B,8,28,0.3062505631241529,0.40614057034798823,0.09989000722383534,-0.8327671225018113,1.033226086490914,,10000,Percentile donor bootstrap. Pooled-residual sensitivity conditions on the fitted nuisance adjustment; not a fully refitted adjusted CI.,,
bulk_day25,reported_sex_subset,pooled_nuisance_residualized,ATG3,8,28,0.0057244351518046304,0.17186225750156975,0.16613782234976512,-0.5842660424030706,1.1802307040921272,,10000,Percentile donor bootstrap. Pooled-residual sensitivity conditions on the fitted nuisance adjustment; not a fully refitted adjusted CI.,,
bulk_day25,reported_sex_subset,pooled_nuisance_residualized,ATG4B,8,28,-0.20791793021970997,0.1788820978552909,0.3868000280750009,-0.4044712150982867,1.1045131898079128,,10000,Percentile donor bootstrap. Pooled-residual sensitivity conditions on the fitted nuisance adjustment; not a fully refitted adjusted CI.,,
bulk_day25,reported_sex_subset,pooled_nuisance_residualized,ATG4C,8,28,-0.6975697983624067,-0.5997076542311077,0.09786214413129901,-0.5503990867763977,0.6373701263023742,,10000,Percentile donor bootstrap. Pooled-residual sensitivity conditions on the fitted nuisance adjustment; not a fully refitted adjusted CI.,,
bulk_day25,reported_sex_subset,pooled_nuisance_residualized,ATG5,8,28,0.09587229111202913,0.2559933337523759,0.16012104264034674,-0.6164516642334164,1.2525350163497726,,10000,Percentile donor bootstrap. Pooled-residual sensitivity conditions on the fitted nuisance adjustment; not a fully refitted adjusted CI.,,
bulk_day25,reported_sex_subset,pooled_nuisance_residualized,ATG7,8,28,-0.2840179774889587,-0.4876108768503055,-0.20359289936134684,-0.8719903336870359,0.42983396144211866,,10000,Percentile donor bootstrap. Pooled-residual sensitivity conditions on the fitted nuisance adjustment; not a fully refitted adjusted CI.,,
bulk_day25,reported_sex_subset,pooled_nuisance_residualized,ATG9B,8,28,-0.17229378465130413,0.2366035653470806,0.40889734999838473,-0.6199785856243872,1.1716228135403244,,10000,Percentile donor bootstrap. Pooled-residual sensitivity conditions on the fitted nuisance adjustment; not a fully refitted adjusted CI.,,
bulk_day25,reported_sex_subset,pooled_nuisance_residualized,ATG101,8,28,0.8748645551871448,0.25289490492713695,-0.6219696502600078,-1.0849862349749766,-0.0505164463354088,,10000,Percentile donor bootstrap. Pooled-residual sensitivity conditions on the fitted nuisance adjustment; not a fully refitted adjusted CI.,,
bulk_day25,reported_sex_subset,pooled_nuisance_residualized,BCL2,8,28,-0.6424240029021937,-0.5713720987525194,0.07105190414967433,-0.7290670401212205,0.5462659590524637,,10000,Percentile donor bootstrap. Pooled-residual sensitivity conditions on the fitted nuisance adjustment; not a fully refitted adjusted CI.,,
bulk_day25,reported_sex_subset,pooled_nuisance_residualized,BECN1,8,28,-0.15444331965390942,-0.14593008474228208,0.008513234911627338,-0.750180762864498,0.8018405188832003,,10000,Percentile donor bootstrap. Pooled-residual sensitivity conditions on the fitted nuisance adjustment; not a fully refitted adjusted CI.,,
bulk_day25,reported_sex_subset,pooled_nuisance_residualized,CALCOCO2,8,28,-0.5048628881153249,-0.6038333077093281,-0.09897041959400321,-1.1734934928057357,0.5199225562901817,,10000,Percentile donor bootstrap. Pooled-residual sensitivity conditions on the fitted nuisance adjustment; not a fully refitted adjusted CI.,,
bulk_day25,reported_sex_subset,pooled_nuisance_residualized,CLEC16A,8,28,0.7670377472239392,0.46603450044800115,-0.3010032467759381,-0.6917273424636748,0.16616305006694213,,10000,Percentile donor bootstrap. Pooled-residual sensitivity conditions on the fitted nuisance adjustment; not a fully refitted adjusted CI.,,
bulk_day25,reported_sex_subset,pooled_nuisance_residualized,CTNS,8,28,0.5377719395995492,-0.10891853184593164,-0.6466904714454809,-1.1970066518061455,0.10740013344836237,,10000,Percentile donor bootstrap. Pooled-residual sensitivity conditions on the fitted nuisance adjustment; not a fully refitted adjusted CI.,,
bulk_day25,reported_sex_subset,pooled_nuisance_residualized,EPG5,8,28,-0.009148647822940562,-0.11345102234213297,-0.10430237451919241,-0.9363018049563073,0.7268951473996631,,10000,Percentile donor bootstrap. Pooled-residual sensitivity conditions on the fitted nuisance adjustment; not a fully refitted adjusted CI.,,
bulk_day25,reported_sex_subset,pooled_nuisance_residualized,GRN,8,28,0.3315939119222365,-0.24806448127434816,-0.5796583931965846,-1.1791760845379333,0.4153808473404353,,10000,Percentile donor bootstrap. Pooled-residual sensitivity conditions on the fitted nuisance adjustment; not a fully refitted adjusted CI.,,
bulk_day25,reported_sex_subset,pooled_nuisance_residualized,GABARAP,8,28,-0.39639749288861864,-0.46312715959712614,-0.0667296667085075,-1.0916178504441951,0.5558566705361039,,10000,Percentile donor bootstrap. Pooled-residual sensitivity conditions on the fitted nuisance adjustment; not a fully refitted adjusted CI.,,
bulk_day25,reported_sex_subset,pooled_nuisance_residualized,GABARAPL1,8,28,0.8132727939779963,0.8315039857675883,0.018231191789591983,-0.2619008529591157,0.6775796627512662,,10000,Percentile donor bootstrap. Pooled-residual sensitivity conditions on the fitted nuisance adjustment; not a fully refitted adjusted CI.,,
bulk_day25,reported_sex_subset,pooled_nuisance_residualized,GABARAPL2,8,28,-0.3820594197314588,0.1972437755241157,0.5793031952555745,-0.35493349593522167,1.3253045353377628,,10000,Percentile donor bootstrap. Pooled-residual sensitivity conditions on the fitted nuisance adjustment; not a fully refitted adjusted CI.,,
bulk_day25,reported_sex_subset,pooled_nuisance_residualized,LAMP2,8,28,0.3683708982377825,-0.037760006082532604,-0.4061309043203151,-0.9697957810388806,0.4132508214587505,,10000,Percentile donor bootstrap. Pooled-residual sensitivity conditions on the fitted nuisance adjustment; not a fully refitted adjusted CI.,,
bulk_day25,reported_sex_subset,pooled_nuisance_residualized,MAP1LC3A,8,28,0.3837181900478812,0.34007245635458705,-0.043645733693294164,-0.7388680686266276,0.6591388884231741,,10000,Percentile donor bootstrap. Pooled-residual sensitivity conditions on the fitted nuisance adjustment; not a fully refitted adjusted CI.,,
bulk_day25,reported_sex_subset,pooled_nuisance_residualized,MAP1LC3B,8,28,0.7969911308573053,0.5010124154335012,-0.29597871542380416,-0.7611945653258914,0.9951581965288709,,10000,Percentile donor bootstrap. Pooled-residual sensitivity conditions on the fitted nuisance adjustment; not a fully refitted adjusted CI.,,
bulk_day25,reported_sex_subset,pooled_nuisance_residualized,NBR1,8,28,-0.6696538641736718,-0.4959021934647828,0.17375167070888897,-0.8778881761748466,0.7178812859018725,,10000,Percentile donor bootstrap. Pooled-residual sensitivity conditions on the fitted nuisance adjustment; not a fully refitted adjusted CI.,,
bulk_day25,reported_sex_subset,pooled_nuisance_residualized,OPTN,8,28,0.6993219086311461,0.6789801045406201,-0.020341804090525994,-0.3935940350961221,0.5167382035605764,,10000,Percentile donor bootstrap. Pooled-residual sensitivity conditions on the fitted nuisance adjustment; not a fully refitted adjusted CI.,,
bulk_day25,reported_sex_subset,pooled_nuisance_residualized,PRKN,8,28,-0.4023098311613307,-0.2962245159552661,0.10608531520606457,-0.9793141000128324,0.8827157254062094,,10000,Percentile donor bootstrap. Pooled-residual sensitivity conditions on the fitted nuisance adjustment; not a fully refitted adjusted CI.,,
bulk_day25,reported_sex_subset,pooled_nuisance_residualized,PIK3R4,8,28,-0.388329578470806,-0.30404468240831517,0.08428489606249084,-0.7687744232870403,0.727443138157356,,10000,Percentile donor bootstrap. Pooled-residual sensitivity conditions on the fitted nuisance adjustment; not a fully refitted adjusted CI.,,
bulk_day25,reported_sex_subset,pooled_nuisance_residualized,PINK1,8,28,0.19935580358621513,0.08086359502264619,-0.11849220856356894,-0.7725556430039783,0.6744447134611462,,10000,Percentile donor bootstrap. Pooled-residual sensitivity conditions on the fitted nuisance adjustment; not a fully refitted adjusted CI.,,
bulk_day25,reported_sex_subset,pooled_nuisance_residualized,RB1CC1,8,28,0.4610904749583445,0.6320757620659153,0.17098528710757083,-0.3553643326606831,1.3896661536209576,,10000,Percentile donor bootstrap. Pooled-residual sensitivity conditions on the fitted nuisance adjustment; not a fully refitted adjusted CI.,,
bulk_day25,reported_sex_subset,pooled_nuisance_residualized,SNX14,8,28,0.10482728293775821,-0.029206981211674924,-0.13403426414943315,-0.8316193952922311,0.8028704607122865,,10000,Percentile donor bootstrap. Pooled-residual sensitivity conditions on the fitted nuisance adjustment; not a fully refitted adjusted CI.,,
bulk_day25,reported_sex_subset,pooled_nuisance_residualized,SNX30,8,28,-0.4992981170597239,0.08904992751158855,0.5883480445713124,-0.7003815094566761,1.2184536752885833,,10000,Percentile donor bootstrap. Pooled-residual sensitivity conditions on the fitted nuisance adjustment; not a fully refitted adjusted CI.,,
bulk_day25,reported_sex_subset,pooled_nuisance_residualized,SNX4,8,28,0.07899920737384385,0.35739565543585355,0.2783964480620097,-0.46737163771713475,1.4412436133447273,,10000,Percentile donor bootstrap. Pooled-residual sensitivity conditions on the fitted nuisance adjustment; not a fully refitted adjusted CI.,,
bulk_day25,reported_sex_subset,pooled_nuisance_residualized,SQSTM1,8,28,0.36170533014178524,-0.40527521374508785,-0.7669805438868731,-1.3390171041535028,0.30373559636666086,,10000,Percentile donor bootstrap. Pooled-residual sensitivity conditions on the fitted nuisance adjustment; not a fully refitted adjusted CI.,,
bulk_day25,reported_sex_subset,pooled_nuisance_residualized,SPG11,8,28,-0.4498262900918053,-0.42513182650272346,0.02469446358908184,-0.8952335273866153,0.6106040804890386,,10000,Percentile donor bootstrap. Pooled-residual sensitivity conditions on the fitted nuisance adjustment; not a fully refitted adjusted CI.,,
bulk_day25,reported_sex_subset,pooled_nuisance_residualized,TOLLIP,8,28,0.18002928879269245,-0.033416426324753494,-0.21344571511744595,-0.9551859769152437,1.0063497681640812,,10000,Percentile donor bootstrap. Pooled-residual sensitivity conditions on the fitted nuisance adjustment; not a fully refitted adjusted CI.,,
bulk_day25,reported_sex_subset,pooled_nuisance_residualized,UVRAG,8,28,-0.17920533411731965,-0.04333165240689416,0.1358736817104255,-0.7621925537183307,0.7948207627715804,,10000,Percentile donor bootstrap. Pooled-residual sensitivity conditions on the fitted nuisance adjustment; not a fully refitted adjusted CI.,,
bulk_day25,reported_sex_subset,pooled_nuisance_residualized,WDR45,8,28,0.6827530082305311,0.17563584695164466,-0.5071171612788864,-0.9640720660335791,0.38578986532369425,,10000,Percentile donor bootstrap. Pooled-residual sensitivity conditions on the fitted nuisance adjustment; not a fully refitted adjusted CI.,,
bulk_day25,reported_sex_subset,pooled_nuisance_residualized,WIPI1,8,28,0.27292466281580935,0.1545074631120521,-0.11841719970375725,-0.9133848889900279,1.0601914563371464,,10000,Percentile donor bootstrap. Pooled-residual sensitivity conditions on the fitted nuisance adjustment; not a fully refitted adjusted CI.,,
bulk_day25,reported_sex_subset,pooled_nuisance_residualized,WIPI2,8,28,0.44276493522611354,0.07047389768232144,-0.3722910375437921,-1.0422211744553125,0.8864271782740728,,10000,Percentile donor bootstrap. Pooled-residual sensitivity conditions on the fitted nuisance adjustment; not a fully refitted adjusted CI.,,
bulk_day25,reported_sex_subset,pooled_nuisance_residualized,ZFYVE21,8,28,0.44369940912286165,0.28282587433995315,-0.1608735347829085,-0.810212213958194,0.7463771104234259,,10000,Percentile donor bootstrap. Pooled-residual sensitivity conditions on the fitted nuisance adjustment; not a fully refitted adjusted CI.,,
