scenario,context,method,test,n_HC,n_PD,design,gene,status,effect_z,ci_low,ci_high,se_hc3,t_hc3,df,max_leverage,p_wild,p_hc3_t,mean_value_HC,mean_value_PD,q_BH_planned_edges
published_primary,DA,rna_qc_library,panel,8,5,intercept + female + age_per_10_years + bank_Umaryland + PD,ATG10,tested,0.03079507718497758,-0.04312326618672063,0.10471342055667579,0.03205473149363131,0.9607030148137724,8.0,0.6049802273850715,0.22555,0.3648345099205169,-0.026535469810300534,0.009459047235690873,1.0
published_primary,DA,rna_qc_library,panel,8,5,intercept + female + age_per_10_years + bank_Umaryland + PD,ATG12,tested,0.034482210057086515,-0.13817151897571117,0.2071359390898842,0.07487138744020475,0.4605525720306088,8.0,0.6049802273850715,0.57555,0.6573801332782622,-0.014548865967101325,-0.0028336019335345576,1.0
published_primary,DA,rna_qc_library,panel,8,5,intercept + female + age_per_10_years + bank_Umaryland + PD,ATG13,tested,0.03014413199752886,-0.16375948603728452,0.22404775003234223,0.08408641384851956,0.3584899226625727,8.0,0.6049802273850715,0.66935,0.7292527154326222,-0.01668904878329274,0.0038938535092234833,1.0
published_primary,DA,rna_qc_library,panel,8,5,intercept + female + age_per_10_years + bank_Umaryland + PD,ATG16L1,tested,-0.04836013600826983,-0.2299255961845856,0.13320532416804595,0.07873596470098625,-0.6142064327518688,8.0,0.6049802273850715,0.4487,0.556138675289499,-0.012705425312402107,-0.08767940647757605,1.0
published_primary,DA,rna_qc_library,panel,8,5,intercept + female + age_per_10_years + bank_Umaryland + PD,ATG2A,tested,-0.05716463272219665,-0.222048425928337,0.1077191604839437,0.07150195036565028,-0.7994835445727742,8.0,0.6049802273850715,0.471,0.44709590177550207,-0.00199575690824926,-0.02127003226766509,1.0
published_primary,DA,rna_qc_library,panel,8,5,intercept + female + age_per_10_years + bank_Umaryland + PD,ATG2B,tested,-0.11708368505493574,-0.26012149258146744,0.02595412247159598,0.06202842629528147,-1.8875810986654413,8.0,0.6049802273850715,0.0327,0.09578182788512404,0.007829212736195874,-0.07180645078035558,0.8936780487804877
published_primary,DA,rna_qc_library,panel,8,5,intercept + female + age_per_10_years + bank_Umaryland + PD,ATG3,tested,-0.020657592413186203,-0.11302722198486637,0.07171203715849397,0.04005614221083931,-0.5157159744553783,8.0,0.6049802273850715,0.49715,0.6199988040993141,-0.01592111894079883,-0.022535141571814084,1.0
published_primary,DA,rna_qc_library,panel,8,5,intercept + female + age_per_10_years + bank_Umaryland + PD,ATG4B,tested,0.04396916848582012,-0.02572513214468025,0.1136634691163205,0.030222972965090467,1.4548260535655253,8.0,0.6049802273850715,0.0885,0.18380235803667347,-0.036213945060327636,-0.016803049780037577,1.0
published_primary,DA,rna_qc_library,panel,8,5,intercept + female + age_per_10_years + bank_Umaryland + PD,ATG4C,tested,0.04703149175808721,-0.06082848226866566,0.1548914657848401,0.04677353886236289,1.0055149322030856,8.0,0.6049802273850715,0.22155,0.3440899460448305,-0.005377505144852063,0.014600330673553614,1.0
published_primary,DA,rna_qc_library,panel,8,5,intercept + female + age_per_10_years + bank_Umaryland + PD,ATG5,tested,-0.05728781219479048,-0.22582905568677505,0.11125343129719409,0.07308800575483165,-0.7838196103880333,8.0,0.6049802273850715,0.3966,0.45572378048655904,0.01954535389709115,0.007109181662594032,1.0
published_primary,DA,rna_qc_library,panel,8,5,intercept + female + age_per_10_years + bank_Umaryland + PD,ATG7,tested,0.022177033936735566,-0.14000912351330574,0.18436319138677687,0.07033211909123237,0.31531872241711206,8.0,0.6049802273850715,0.657,0.7605879037158377,0.060438351445417274,0.1151880897031425,1.0
published_primary,DA,rna_qc_library,panel,8,5,intercept + female + age_per_10_years + bank_Umaryland + PD,ATG9B,tested,-0.0924588071787685,-0.3330180581949146,0.14810044383737758,0.10431865553123344,-0.8863113381583599,8.0,0.6049802273850715,0.3902,0.4013066304076399,0.007202218808056342,-0.07393477281190455,1.0
published_primary,DA,rna_qc_library,panel,8,5,intercept + female + age_per_10_years + bank_Umaryland + PD,BCL2,tested,0.08871635100484901,-0.08052479955716499,0.25795750156686303,0.07339152085239643,1.2088092735300249,8.0,0.6049802273850715,0.1839,0.2612483810003332,-0.09584237949918531,-0.09830930366097336,1.0
published_primary,DA,rna_qc_library,panel,8,5,intercept + female + age_per_10_years + bank_Umaryland + PD,BECN1,tested,-0.0102503138881382,-0.09558110669327044,0.07508047891699404,0.03700374665802471,-0.27700746043009933,8.0,0.6049802273850715,0.7421,0.7887972322711068,-0.003326170172155345,-0.012114357332407455,1.0
published_primary,DA,rna_qc_library,panel,8,5,intercept + female + age_per_10_years + bank_Umaryland + PD,CALCOCO2,tested,-0.012700953814157864,-0.0824344012940962,0.05703249366578046,0.030239949018534266,-0.42000579453270126,8.0,0.6049802273850715,0.56725,0.6855344602655624,0.00703734573883982,-0.05132643136537786,1.0
published_primary,DA,rna_qc_library,panel,8,5,intercept + female + age_per_10_years + bank_Umaryland + PD,CLEC16A,tested,-0.01828915890957104,-0.18611212638647193,0.14953380856732987,0.07277652495383419,-0.2513057462028144,8.0,0.6049802273850715,0.7923,0.8079125147932584,-0.011221881894071667,0.011843774271915098,1.0
published_primary,DA,rna_qc_library,panel,8,5,intercept + female + age_per_10_years + bank_Umaryland + PD,CTNS,tested,0.01613376006951925,-0.19139313699815932,0.22366065713719782,0.08999415652161241,0.17927564069834545,8.0,0.6049802273850715,0.82455,0.862178607912047,-0.012885001795034708,-0.039013574982246155,1.0
published_primary,DA,rna_qc_library,panel,8,5,intercept + female + age_per_10_years + bank_Umaryland + PD,EPG5,tested,0.001743273623598482,-0.2592319190979018,0.26271846634509877,0.11317204022174213,0.015403748312594012,8.0,0.6049802273850715,0.9875,0.988087301200244,0.007242808421367258,-0.009366138326717502,1.0
published_primary,DA,rna_qc_library,panel,8,5,intercept + female + age_per_10_years + bank_Umaryland + PD,GABARAP,tested,-0.056333656188806744,-0.17499626895129927,0.06232895657368577,0.051458109272113396,-1.0947478829995712,8.0,0.6049802273850715,0.2764,0.3054889741162698,0.0372813283538224,-0.020798346026217385,1.0
published_primary,DA,rna_qc_library,panel,8,5,intercept + female + age_per_10_years + bank_Umaryland + PD,GABARAPL1,tested,0.16306670788514063,-0.3054352006175124,0.6315686163877937,0.2031661181283499,0.8026274724711897,8.0,0.6049802273850715,0.5961,0.445377651207957,-0.0207263022917587,0.07212550409256832,1.0
published_primary,DA,rna_qc_library,panel,8,5,intercept + female + age_per_10_years + bank_Umaryland + PD,GABARAPL2,tested,-0.029542717901756395,-0.23003855037361,0.17095311457009724,0.08694513137503643,-0.3397857641312238,8.0,0.6049802273850715,0.65275,0.7427666441016552,-0.013714612619262845,0.0020897526990999865,1.0
published_primary,DA,rna_qc_library,panel,8,5,intercept + female + age_per_10_years + bank_Umaryland + PD,GRN,tested,-0.01602025834340741,-0.24405369203820398,0.21201317535138914,0.09888682775128531,-0.16200598914650877,8.0,0.6049802273850715,0.84045,0.8753181558560804,0.007222328732391143,0.024738925296964205,1.0
published_primary,DA,rna_qc_library,panel,8,5,intercept + female + age_per_10_years + bank_Umaryland + PD,LAMP2,tested,-0.01062408363875304,-0.1009437859774538,0.07969561869994772,0.03916719010453715,-0.2712495742073246,8.0,0.6049802273850715,0.6991,0.793066895846635,0.0013779610181024818,0.031799370944609086,1.0
published_primary,DA,rna_qc_library,panel,8,5,intercept + female + age_per_10_years + bank_Umaryland + PD,MAP1LC3A,tested,-0.06486432554233407,-0.19650483165647264,0.06677618057180451,0.05708598007879703,-1.1362566684989976,8.0,0.6049802273850715,0.23315,0.2887387778008605,-0.011448333848396327,-0.04227058096291634,1.0
published_primary,DA,rna_qc_library,panel,8,5,intercept + female + age_per_10_years + bank_Umaryland + PD,MAP1LC3B,tested,0.0961719386836773,-0.1453142710659411,0.33765814843329567,0.10472063171132337,0.918366678199462,8.0,0.6049802273850715,0.3695,0.38527852565226417,-0.028271740802944673,0.04714912186234854,1.0
published_primary,DA,rna_qc_library,panel,8,5,intercept + female + age_per_10_years + bank_Umaryland + PD,NBR1,tested,-0.08673140180799109,-0.20889373173684328,0.035430928120861085,0.05297576360464087,-1.6371902150437925,8.0,0.6049802273850715,0.0033,0.1402263957322968,0.0032778857732368785,-0.04989156328415667,0.45000000000000007
published_primary,DA,rna_qc_library,panel,8,5,intercept + female + age_per_10_years + bank_Umaryland + PD,OPTN,tested,0.008975314614763707,-0.21244491481259659,0.23039554404212398,0.096019007972922,0.09347435267499124,8.0,0.6049802273850715,0.93115,0.927825341055516,-0.003907398752694989,0.054254558020984334,1.0
published_primary,DA,rna_qc_library,panel,8,5,intercept + female + age_per_10_years + bank_Umaryland + PD,PIK3R4,tested,-0.13066494869245412,-0.3458208760977375,0.08449097871282923,0.09330248985098624,-1.4004443922251122,8.0,0.6049802273850715,0.07055,0.19895120496170185,0.029889144672581858,-0.019153692479212475,1.0
published_primary,DA,rna_qc_library,panel,8,5,intercept + female + age_per_10_years + bank_Umaryland + PD,PINK1,tested,0.0998248641368067,-0.1888982624412372,0.3885479907148506,0.12520494746375022,0.7972916898168769,8.0,0.6049802273850715,0.55415,0.4482964813854279,-0.04122402686948667,-0.03397954747118026,1.0
published_primary,DA,rna_qc_library,panel,8,5,intercept + female + age_per_10_years + bank_Umaryland + PD,PRKN,tested,0.07321848013102869,-0.09089945637520425,0.23733641663726163,0.07116983617371439,1.028785284152037,8.0,0.6049802273850715,0.2202,0.33367817671386996,0.01952743573125287,0.08184786868481429,1.0
published_primary,DA,rna_qc_library,panel,8,5,intercept + female + age_per_10_years + bank_Umaryland + PD,RB1CC1,tested,0.006416440627696347,-0.08497737058968749,0.09781025184508019,0.03963297802848965,0.16189650505404798,8.0,0.6049802273850715,0.8202,0.8754015925842407,0.004721056189954999,-0.007696971170203559,1.0
published_primary,DA,rna_qc_library,panel,8,5,intercept + female + age_per_10_years + bank_Umaryland + PD,SNX14,tested,0.045828811535934495,-0.1734340169188942,0.2650916399907632,0.09508344981855625,0.4819851574946817,8.0,0.6049802273850715,0.73625,0.6427261690191385,-0.0012772320520737712,0.011914466350720878,1.0
published_primary,DA,rna_qc_library,panel,8,5,intercept + female + age_per_10_years + bank_Umaryland + PD,SNX30,tested,-0.11305844069176908,-0.5103027600422593,0.28418587865872114,0.1722652242099044,-0.6563044933201834,8.0,0.6049802273850715,0.74345,0.5300488325062492,0.05930784775229295,0.01597264654505456,1.0
published_primary,DA,rna_qc_library,panel,8,5,intercept + female + age_per_10_years + bank_Umaryland + PD,SNX4,tested,-0.018833413540461513,-0.10434383111482981,0.06667700403390678,0.03708164104099963,-0.507890508935087,8.0,0.6049802273850715,0.4449,0.6252341771778684,-0.013369184852182702,-0.07301098282047278,1.0
published_primary,DA,rna_qc_library,panel,8,5,intercept + female + age_per_10_years + bank_Umaryland + PD,SPG11,tested,-0.06502477787320457,-0.3385106904424693,0.20846113469606012,0.11859732097371416,-0.5482820129437547,8.0,0.6049802273850715,0.57875,0.5984605726036971,0.01905236315180879,-0.023292813679035806,1.0
published_primary,DA,rna_qc_library,panel,8,5,intercept + female + age_per_10_years + bank_Umaryland + PD,SQSTM1,tested,-0.01552768517220069,-0.18074312539502455,0.14968775505062318,0.0716457692823838,-0.21672857068503312,8.0,0.6049802273850715,0.86175,0.8338446012020487,-0.0008306215210699928,0.06356312299113981,1.0
published_primary,DA,rna_qc_library,panel,8,5,intercept + female + age_per_10_years + bank_Umaryland + PD,TOLLIP,tested,0.03543259295487676,-0.004960748120634212,0.07582593403038773,0.017516595248831344,2.022801375012688,8.0,0.6049802273850715,0.0869,0.07772022947406666,-0.002473705341740833,0.008786282826742941,1.0
published_primary,DA,rna_qc_library,panel,8,5,intercept + female + age_per_10_years + bank_Umaryland + PD,UVRAG,tested,-0.16007130620679433,-0.7414994455103268,0.4213568330967381,0.2521366421119269,-0.634859355887418,8.0,0.6049802273850715,0.74835,0.5432458813859202,0.026981674504757296,-0.021066091612005344,1.0
published_primary,DA,rna_qc_library,panel,8,5,intercept + female + age_per_10_years + bank_Umaryland + PD,WDR45,tested,0.13185474999306826,-0.294867951450408,0.5585774514365445,0.18504854131031342,0.7125414178324004,8.0,0.6049802273850715,0.7837,0.49638282680039014,-0.059516249349478245,-0.017747292593644503,1.0
published_primary,DA,rna_qc_library,panel,8,5,intercept + female + age_per_10_years + bank_Umaryland + PD,WIPI1,tested,-0.0016183285030189083,-0.11522831510358601,0.1119916580975482,0.04926703507360495,-0.03284810016679765,8.0,0.6049802273850715,0.95485,0.9746004821750638,0.013571606490923156,0.05789913958526831,1.0
published_primary,DA,rna_qc_library,panel,8,5,intercept + female + age_per_10_years + bank_Umaryland + PD,WIPI2,tested,0.01468460087354597,-0.1429950682872261,0.17236427003431806,0.06837787789070478,0.2147566044242824,8.0,0.6049802273850715,0.75445,0.8353304169234338,-0.0314085598906078,-0.0740121185975486,1.0
published_primary,DA,rna_qc_library,panel,8,5,intercept + female + age_per_10_years + bank_Umaryland + PD,ZFYVE21,tested,0.026211893169510572,-0.0913871987514367,0.14381098509045784,0.0509969128564661,0.5139898025452155,8.0,0.6049802273850715,0.5734,0.6211516779198876,-0.022395581552212142,0.010359097850271476,1.0
published_PMI,DA,rna_qc_library,panel,8,5,intercept + female + age_per_10_years + bank_Umaryland + PMI_per_10_hours + PD,ATG10,tested,0.017630010579974195,-0.07554679667169861,0.110806817831647,0.03940448771590771,0.447411236686549,7.0,0.6691010890576756,0.48145,0.6680950837581079,-0.026535469810300534,0.009459047235690873,1.0
published_PMI,DA,rna_qc_library,panel,8,5,intercept + female + age_per_10_years + bank_Umaryland + PMI_per_10_hours + PD,ATG12,tested,0.017245131585814224,-0.15792584860471878,0.19241611177634724,0.07407983746918362,0.23279116389784205,7.0,0.6691010890576756,0.7212,0.8225837446593532,-0.014548865967101325,-0.0028336019335345576,1.0
published_PMI,DA,rna_qc_library,panel,8,5,intercept + female + age_per_10_years + bank_Umaryland + PMI_per_10_hours + PD,ATG13,tested,0.011239223300500272,-0.17870662956200364,0.2011850761630042,0.08032813364801976,0.1399164002707704,7.0,0.6691010890576756,0.85385,0.8926668094894925,-0.01668904878329274,0.0038938535092234833,1.0
published_PMI,DA,rna_qc_library,panel,8,5,intercept + female + age_per_10_years + bank_Umaryland + PMI_per_10_hours + PD,ATG16L1,tested,-0.03241668630171822,-0.20025129897175242,0.13541792636831596,0.07097728639056539,-0.4567191555244804,7.0,0.6691010890576756,0.5434,0.6617074170510828,-0.012705425312402107,-0.08767940647757605,1.0
published_PMI,DA,rna_qc_library,panel,8,5,intercept + female + age_per_10_years + bank_Umaryland + PMI_per_10_hours + PD,ATG2A,tested,-0.03417572371666934,-0.18058812935666602,0.11223668192332732,0.06191783137529826,-0.5519528536056503,7.0,0.6691010890576756,0.5968,0.5981522017419678,-0.00199575690824926,-0.02127003226766509,1.0
published_PMI,DA,rna_qc_library,panel,8,5,intercept + female + age_per_10_years + bank_Umaryland + PMI_per_10_hours + PD,ATG2B,tested,-0.08320928705582553,-0.20548337518853646,0.0390648010768854,0.05170973277486629,-1.609161033921833,7.0,0.6691010890576756,0.0025,0.1516164851755017,0.007829212736195874,-0.07180645078035558,0.45000000000000007
published_PMI,DA,rna_qc_library,panel,8,5,intercept + female + age_per_10_years + bank_Umaryland + PMI_per_10_hours + PD,ATG3,tested,-0.018319599592510616,-0.12831435522390183,0.09167515603888059,0.046516800960827207,-0.3938275894754229,7.0,0.6691010890576756,0.56675,0.7054294933418194,-0.01592111894079883,-0.022535141571814084,1.0
published_PMI,DA,rna_qc_library,panel,8,5,intercept + female + age_per_10_years + bank_Umaryland + PMI_per_10_hours + PD,ATG4B,tested,0.04811096988892656,-0.032062731287466215,0.12828467106531932,0.033905471933707056,1.4189736094219394,7.0,0.6691010890576756,0.07765,0.19886281700073638,-0.036213945060327636,-0.016803049780037577,1.0
published_PMI,DA,rna_qc_library,panel,8,5,intercept + female + age_per_10_years + bank_Umaryland + PMI_per_10_hours + PD,ATG4C,tested,0.038366113819402706,-0.0703045838352831,0.1470368114740885,0.045956856616122255,0.834828938364409,7.0,0.6691010890576756,0.2383,0.43137992372400735,-0.005377505144852063,0.014600330673553614,1.0
published_PMI,DA,rna_qc_library,panel,8,5,intercept + female + age_per_10_years + bank_Umaryland + PMI_per_10_hours + PD,ATG5,tested,-0.06234112493384176,-0.24013971362363046,0.11545746375594695,0.07519105355272544,-0.8291029582412612,7.0,0.6691010890576756,0.30915,0.43440355007480735,0.01954535389709115,0.007109181662594032,1.0
published_PMI,DA,rna_qc_library,panel,8,5,intercept + female + age_per_10_years + bank_Umaryland + PMI_per_10_hours + PD,ATG7,tested,0.0017438820636093131,-0.2026994918025548,0.20618725592977344,0.08645913775891223,0.020170014515667006,7.0,0.6691010890576756,0.9809,0.9844706370759502,0.060438351445417274,0.1151880897031425,1.0
published_PMI,DA,rna_qc_library,panel,8,5,intercept + female + age_per_10_years + bank_Umaryland + PMI_per_10_hours + PD,ATG9B,tested,-0.09468977630731872,-0.3739917176169374,0.18461216500229993,0.11811683872830338,-0.8016619588433751,7.0,0.6691010890576756,0.35405,0.4491015068704066,0.007202218808056342,-0.07393477281190455,1.0
published_PMI,DA,rna_qc_library,panel,8,5,intercept + female + age_per_10_years + bank_Umaryland + PMI_per_10_hours + PD,BCL2,tested,0.10323502180372002,-0.11665302759838422,0.3231230712058243,0.09299069368342806,1.110165089800998,7.0,0.6691010890576756,0.11895,0.3036024575009353,-0.09584237949918531,-0.09830930366097336,1.0
published_PMI,DA,rna_qc_library,panel,8,5,intercept + female + age_per_10_years + bank_Umaryland + PMI_per_10_hours + PD,BECN1,tested,-0.005876185707030926,-0.09481174642908816,0.0830593750150263,0.037610863833464875,-0.15623639310837883,7.0,0.6691010890576756,0.8254,0.8802570678765731,-0.003326170172155345,-0.012114357332407455,1.0
published_PMI,DA,rna_qc_library,panel,8,5,intercept + female + age_per_10_years + bank_Umaryland + PMI_per_10_hours + PD,CALCOCO2,tested,0.020489053922404816,-0.06457714931710042,0.10555525716191004,0.03597451189260205,0.5695436253192993,7.0,0.6691010890576756,0.50705,0.586790833125251,0.00703734573883982,-0.05132643136537786,1.0
published_PMI,DA,rna_qc_library,panel,8,5,intercept + female + age_per_10_years + bank_Umaryland + PMI_per_10_hours + PD,CLEC16A,tested,-0.00016218980744290632,-0.20636133820400618,0.20603695858912038,0.087201655107979,-0.0018599395532352212,7.0,0.6691010890576756,1.0,0.9985678792895445,-0.011221881894071667,0.011843774271915098,1.0
published_PMI,DA,rna_qc_library,panel,8,5,intercept + female + age_per_10_years + bank_Umaryland + PMI_per_10_hours + PD,CTNS,tested,0.034931318940328346,-0.18210580411821364,0.2519684419988703,0.09178503644535135,0.3805774916385896,7.0,0.6691010890576756,0.6641,0.7148025960504502,-0.012885001795034708,-0.039013574982246155,1.0
published_PMI,DA,rna_qc_library,panel,8,5,intercept + female + age_per_10_years + bank_Umaryland + PMI_per_10_hours + PD,EPG5,tested,0.022537321282850294,-0.28281128417284723,0.32788592673854783,0.12913197744852511,0.17452935925057117,7.0,0.6691010890576756,0.82895,0.8663900192052215,0.007242808421367258,-0.009366138326717502,1.0
published_PMI,DA,rna_qc_library,panel,8,5,intercept + female + age_per_10_years + bank_Umaryland + PMI_per_10_hours + PD,GABARAP,tested,-0.03921637002040822,-0.18767278639270718,0.10924004635189073,0.0627822438634257,-0.6246411024384242,7.0,0.6691010890576756,0.39395,0.5520144306703307,0.0372813283538224,-0.020798346026217385,1.0
published_PMI,DA,rna_qc_library,panel,8,5,intercept + female + age_per_10_years + bank_Umaryland + PMI_per_10_hours + PD,GABARAPL1,tested,0.15264287847612165,-0.3125583287591922,0.6178440857114356,0.19673367006895662,0.7758858888903927,7.0,0.6691010890576756,0.48525,0.46321954659332265,-0.0207263022917587,0.07212550409256832,1.0
published_PMI,DA,rna_qc_library,panel,8,5,intercept + female + age_per_10_years + bank_Umaryland + PMI_per_10_hours + PD,GABARAPL2,tested,-0.011859763726710777,-0.21321810239244265,0.1894985749390211,0.0851544758452428,-0.13927352154999295,7.0,0.6691010890576756,0.8688,0.8931563412218012,-0.013714612619262845,0.0020897526990999865,1.0
published_PMI,DA,rna_qc_library,panel,8,5,intercept + female + age_per_10_years + bank_Umaryland + PMI_per_10_hours + PD,GRN,tested,1.2952674375142631e-05,-0.23102188647504032,0.23104779182379062,0.09770467297318147,0.0001325696507750244,7.0,0.6691010890576756,1.0,0.9998979236359653,0.007222328732391143,0.024738925296964205,1.0
published_PMI,DA,rna_qc_library,panel,8,5,intercept + female + age_per_10_years + bank_Umaryland + PMI_per_10_hours + PD,LAMP2,tested,-0.0019749408772449426,-0.09120250515955218,0.0872526234050623,0.03773435218901449,-0.052338009338342435,7.0,0.6691010890576756,0.92915,0.9597216421762187,0.0013779610181024818,0.031799370944609086,1.0
published_PMI,DA,rna_qc_library,panel,8,5,intercept + female + age_per_10_years + bank_Umaryland + PMI_per_10_hours + PD,MAP1LC3A,tested,-0.056700724395841874,-0.1969282997413074,0.08352685094962367,0.05930226558640448,-0.9561308296599206,7.0,0.6691010890576756,0.2201,0.3708527727443304,-0.011448333848396327,-0.04227058096291634,1.0
published_PMI,DA,rna_qc_library,panel,8,5,intercept + female + age_per_10_years + bank_Umaryland + PMI_per_10_hours + PD,MAP1LC3B,tested,0.09975388282850967,-0.14398773157503397,0.3434954972320533,0.10307837040045734,0.9677479614876321,7.0,0.6691010890576756,0.2087,0.3654089531689143,-0.028271740802944673,0.04714912186234854,1.0
published_PMI,DA,rna_qc_library,panel,8,5,intercept + female + age_per_10_years + bank_Umaryland + PMI_per_10_hours + PD,NBR1,tested,-0.09202026374965938,-0.23536103533668745,0.05132050783736869,0.06061883680918222,-1.5180143432861226,7.0,0.6691010890576756,0.01105,0.1728022458571794,0.0032778857732368785,-0.04989156328415667,0.6188000000000001
published_PMI,DA,rna_qc_library,panel,8,5,intercept + female + age_per_10_years + bank_Umaryland + PMI_per_10_hours + PD,OPTN,tested,0.03196831011070287,-0.18976231507714442,0.25369893529855014,0.09376991929821898,0.3409228711078784,7.0,0.6691010890576756,0.632,0.7431653595090745,-0.003907398752694989,0.054254558020984334,1.0
published_PMI,DA,rna_qc_library,panel,8,5,intercept + female + age_per_10_years + bank_Umaryland + PMI_per_10_hours + PD,PIK3R4,tested,-0.1256276059844439,-0.35038333934745935,0.0991281273785716,0.09504923806265934,-1.3217108158365916,7.0,0.6691010890576756,0.02255,0.22782044988718683,0.029889144672581858,-0.019153692479212475,0.8474666666666668
published_PMI,DA,rna_qc_library,panel,8,5,intercept + female + age_per_10_years + bank_Umaryland + PMI_per_10_hours + PD,PINK1,tested,0.11527154322547771,-0.2048698141090039,0.43541290055995935,0.1353878347469791,0.8514172890120008,7.0,0.6691010890576756,0.341,0.4227050024554059,-0.04122402686948667,-0.03397954747118026,1.0
published_PMI,DA,rna_qc_library,panel,8,5,intercept + female + age_per_10_years + bank_Umaryland + PMI_per_10_hours + PD,PRKN,tested,0.06612530641662302,-0.11727010697025046,0.2495207198034965,0.07755795167393582,0.8525922228403195,7.0,0.6691010890576756,0.2963,0.42209534260393455,0.01952743573125287,0.08184786868481429,1.0
published_PMI,DA,rna_qc_library,panel,8,5,intercept + female + age_per_10_years + bank_Umaryland + PMI_per_10_hours + PD,RB1CC1,tested,0.015283798012099906,-0.09403934022453445,0.12460693624873426,0.04623277384976721,0.33058362584439355,7.0,0.6691010890576756,0.64785,0.7506335415560687,0.004721056189954999,-0.007696971170203559,1.0
published_PMI,DA,rna_qc_library,panel,8,5,intercept + female + age_per_10_years + bank_Umaryland + PMI_per_10_hours + PD,SNX14,tested,0.02216779111174638,-0.1741886697979392,0.21852425202143197,0.08303918088710761,0.2669558017664415,7.0,0.6691010890576756,0.74655,0.7971968274922321,-0.0012772320520737712,0.011914466350720878,1.0
published_PMI,DA,rna_qc_library,panel,8,5,intercept + female + age_per_10_years + bank_Umaryland + PMI_per_10_hours + PD,SNX30,tested,-0.07952025816062154,-0.4441569671222149,0.28511645080097187,0.15420492655685158,-0.5156791027120937,7.0,0.6691010890576756,0.75005,0.6219612054034087,0.05930784775229295,0.01597264654505456,1.0
published_PMI,DA,rna_qc_library,panel,8,5,intercept + female + age_per_10_years + bank_Umaryland + PMI_per_10_hours + PD,SNX4,tested,-0.012352072415403686,-0.11654340816657364,0.09183926333576627,0.04406253370134964,-0.2803305070726185,7.0,0.6691010890576756,0.64345,0.7873277232384222,-0.013369184852182702,-0.07301098282047278,1.0
published_PMI,DA,rna_qc_library,panel,8,5,intercept + female + age_per_10_years + bank_Umaryland + PMI_per_10_hours + PD,SPG11,tested,-0.03939718361627766,-0.2869418288066546,0.20814746157409925,0.10468667277036174,-0.37633427993932345,7.0,0.6691010890576756,0.64135,0.7178155284781186,0.01905236315180879,-0.023292813679035806,1.0
published_PMI,DA,rna_qc_library,panel,8,5,intercept + female + age_per_10_years + bank_Umaryland + PMI_per_10_hours + PD,SQSTM1,tested,-0.000697757460894588,-0.18074128694374245,0.17934577202195326,0.07614043939789725,-0.009164085030403146,7.0,0.6691010890576756,0.99245,0.992943924087909,-0.0008306215210699928,0.06356312299113981,1.0
published_PMI,DA,rna_qc_library,panel,8,5,intercept + female + age_per_10_years + bank_Umaryland + PMI_per_10_hours + PD,TOLLIP,tested,0.04066488323421361,-0.0038012699966265273,0.08513103646505375,0.018804743803097563,2.1624800454614648,7.0,0.6691010890576756,0.04825,0.06736081687062279,-0.002473705341740833,0.008786282826742941,0.9595764705882354
published_PMI,DA,rna_qc_library,panel,8,5,intercept + female + age_per_10_years + bank_Umaryland + PMI_per_10_hours + PD,UVRAG,tested,-0.13921372115079117,-0.7068635343933196,0.4284360920917372,0.2400592030636566,-0.5799141185763073,7.0,0.6691010890576756,0.667,0.5801506302887174,0.026981674504757296,-0.021066091612005344,1.0
published_PMI,DA,rna_qc_library,panel,8,5,intercept + female + age_per_10_years + bank_Umaryland + PMI_per_10_hours + PD,WDR45,tested,0.11797233973596659,-0.29800973680200876,0.5339544162739419,0.17591889128272478,0.670606430473516,7.0,0.6691010890576756,0.68015,0.5239725803101599,-0.059516249349478245,-0.017747292593644503,1.0
published_PMI,DA,rna_qc_library,panel,8,5,intercept + female + age_per_10_years + bank_Umaryland + PMI_per_10_hours + PD,WIPI1,tested,0.00467436747057545,-0.14821105296420922,0.15755978790536013,0.06465527043861768,0.07229677393451155,7.0,0.6691010890576756,0.89685,0.9443880797499058,0.013571606490923156,0.05789913958526831,1.0
published_PMI,DA,rna_qc_library,panel,8,5,intercept + female + age_per_10_years + bank_Umaryland + PMI_per_10_hours + PD,WIPI2,tested,0.03278289807295166,-0.12897567714340163,0.194541473289305,0.06840772911266602,0.47922798341922673,7.0,0.6691010890576756,0.4867,0.6463855724065499,-0.0314085598906078,-0.0740121185975486,1.0
published_PMI,DA,rna_qc_library,panel,8,5,intercept + female + age_per_10_years + bank_Umaryland + PMI_per_10_hours + PD,ZFYVE21,tested,0.03016685484510084,-0.09655199238130707,0.15688570207150876,0.053589422155450935,0.5629255482097482,7.0,0.6691010890576756,0.50635,0.5910508639354688,-0.022395581552212142,0.010359097850271476,1.0
GEO_clinical_fields,DA,rna_qc_library,panel,8,5,intercept + female + age_per_10_years + bank_Umaryland + PMI_per_10_hours + PD,ATG10,tested,0.01934790242174163,-0.07498311356769662,0.11367891841117987,0.03989260278842813,0.4849997510654779,7.0,0.6550717319430754,0.45075,0.6424857595722748,-0.026535469810300534,0.009459047235690873,1.0
GEO_clinical_fields,DA,rna_qc_library,panel,8,5,intercept + female + age_per_10_years + bank_Umaryland + PMI_per_10_hours + PD,ATG12,tested,0.01848890298904029,-0.1518245107577476,0.1888023167358282,0.07202557178969154,0.25669914906092367,7.0,0.6550717319430754,0.6953,0.8047922986227798,-0.014548865967101325,-0.0028336019335345576,1.0
GEO_clinical_fields,DA,rna_qc_library,panel,8,5,intercept + female + age_per_10_years + bank_Umaryland + PMI_per_10_hours + PD,ATG13,tested,0.013221436337900957,-0.17191301862665573,0.19835589130245765,0.07829339265443841,0.1688703974836814,7.0,0.6550717319430754,0.82725,0.8706746791657407,-0.01668904878329274,0.0038938535092234833,1.0
GEO_clinical_fields,DA,rna_qc_library,panel,8,5,intercept + female + age_per_10_years + bank_Umaryland + PMI_per_10_hours + PD,ATG16L1,tested,-0.0335324077765683,-0.2003802930957467,0.1333154775426101,0.07055999922520108,-0.47523254173438156,7.0,0.6550717319430754,0.54,0.6490921821194697,-0.012705425312402107,-0.08767940647757605,1.0
GEO_clinical_fields,DA,rna_qc_library,panel,8,5,intercept + female + age_per_10_years + bank_Umaryland + PMI_per_10_hours + PD,ATG2A,tested,-0.035657165197390484,-0.18094230642762263,0.10962797603284166,0.06144111106369574,-0.5803470116356595,7.0,0.6550717319430754,0.55445,0.5798743906567975,-0.00199575690824926,-0.02127003226766509,1.0
GEO_clinical_fields,DA,rna_qc_library,panel,8,5,intercept + female + age_per_10_years + bank_Umaryland + PMI_per_10_hours + PD,ATG2B,tested,-0.08581300934882528,-0.20542144080879074,0.03379542211114017,0.050582426112251055,-1.6964984866165087,7.0,0.6550717319430754,0.00365,0.1336071463963168,0.007829212736195874,-0.07180645078035558,0.45000000000000007
GEO_clinical_fields,DA,rna_qc_library,panel,8,5,intercept + female + age_per_10_years + bank_Umaryland + PMI_per_10_hours + PD,ATG3,tested,-0.01911821844795334,-0.12798233937924028,0.08974590248333361,0.04603865535286383,-0.41526448375656333,7.0,0.6550717319430754,0.5481,0.6903811500939283,-0.01592111894079883,-0.022535141571814084,1.0
GEO_clinical_fields,DA,rna_qc_library,panel,8,5,intercept + female + age_per_10_years + bank_Umaryland + PMI_per_10_hours + PD,ATG4B,tested,0.04834366637689321,-0.03205859020713885,0.12874592296092527,0.03400212805467073,1.421783551287239,7.0,0.6550717319430754,0.0811,0.198077163798026,-0.036213945060327636,-0.016803049780037577,1.0
GEO_clinical_fields,DA,rna_qc_library,panel,8,5,intercept + female + age_per_10_years + bank_Umaryland + PMI_per_10_hours + PD,ATG4C,tested,0.03805628006887263,-0.0699190598938098,0.14603162003155506,0.04566278972929815,0.833419952974423,7.0,0.6550717319430754,0.23655,0.43212255435035685,-0.005377505144852063,0.014600330673553614,1.0
GEO_clinical_fields,DA,rna_qc_library,panel,8,5,intercept + female + age_per_10_years + bank_Umaryland + PMI_per_10_hours + PD,ATG5,tested,-0.06056112442670851,-0.24027586046529742,0.11915361161188039,0.07600139259411078,-0.7968422993265165,7.0,0.6550717319430754,0.32065,0.4517184125418141,0.01954535389709115,0.007109181662594032,1.0
GEO_clinical_fields,DA,rna_qc_library,panel,8,5,intercept + female + age_per_10_years + bank_Umaryland + PMI_per_10_hours + PD,ATG7,tested,0.003404198441153195,-0.20370305531187416,0.21051145219418055,0.08758569301847412,0.0388670606332379,7.0,0.6550717319430754,0.96245,0.9700816363511093,0.060438351445417274,0.1151880897031425,1.0
GEO_clinical_fields,DA,rna_qc_library,panel,8,5,intercept + female + age_per_10_years + bank_Umaryland + PMI_per_10_hours + PD,ATG9B,tested,-0.09572717385531071,-0.3758532613789871,0.1843989136683657,0.1184653703031215,-0.8080603944458219,7.0,0.6550717319430754,0.34375,0.4456437019010435,0.007202218808056342,-0.07393477281190455,1.0
GEO_clinical_fields,DA,rna_qc_library,panel,8,5,intercept + female + age_per_10_years + bank_Umaryland + PMI_per_10_hours + PD,BCL2,tested,0.10345774861530015,-0.105146567140235,0.3120620643708353,0.08821880079526705,1.1727403646689638,7.0,0.6550717319430754,0.0909,0.2792584191571251,-0.09584237949918531,-0.09830930366097336,1.0
GEO_clinical_fields,DA,rna_qc_library,panel,8,5,intercept + female + age_per_10_years + bank_Umaryland + PMI_per_10_hours + PD,BECN1,tested,-0.006749361072309045,-0.09729482809368703,0.08379610594906894,0.038291693482671474,-0.1762617544027767,7.0,0.6550717319430754,0.7983,0.8650792985021787,-0.003326170172155345,-0.012114357332407455,1.0
GEO_clinical_fields,DA,rna_qc_library,panel,8,5,intercept + female + age_per_10_years + bank_Umaryland + PMI_per_10_hours + PD,CALCOCO2,tested,0.018012673737700397,-0.06997775018485251,0.1060030976602533,0.03721116531937727,0.4840663704858636,7.0,0.6550717319430754,0.58265,0.6431156028879731,0.00703734573883982,-0.05132643136537786,1.0
GEO_clinical_fields,DA,rna_qc_library,panel,8,5,intercept + female + age_per_10_years + bank_Umaryland + PMI_per_10_hours + PD,CLEC16A,tested,-0.001943054772353555,-0.19203994168887234,0.18815383214416526,0.08039200597528288,-0.024169751068917993,7.0,0.6550717319430754,0.97335,0.9813917754809862,-0.011221881894071667,0.011843774271915098,1.0
GEO_clinical_fields,DA,rna_qc_library,panel,8,5,intercept + female + age_per_10_years + bank_Umaryland + PMI_per_10_hours + PD,CTNS,tested,0.032011528933116255,-0.1880176544744607,0.2520407123406932,0.09305037927847024,0.3440236265702466,7.0,0.6550717319430754,0.6987,0.7409313631854398,-0.012885001795034708,-0.039013574982246155,1.0
GEO_clinical_fields,DA,rna_qc_library,panel,8,5,intercept + female + age_per_10_years + bank_Umaryland + PMI_per_10_hours + PD,EPG5,tested,0.02062612916386578,-0.267797816339123,0.3090500746668546,0.12197453586114496,0.16910192785932332,7.0,0.6550717319430754,0.8324,0.8704992843715649,0.007242808421367258,-0.009366138326717502,1.0
GEO_clinical_fields,DA,rna_qc_library,panel,8,5,intercept + female + age_per_10_years + bank_Umaryland + PMI_per_10_hours + PD,GABARAP,tested,-0.040834154180540524,-0.19035835048544375,0.10869004212436269,0.0632338081794679,-0.6457645894842599,7.0,0.6550717319430754,0.38185,0.5390160087137085,0.0372813283538224,-0.020798346026217385,1.0
GEO_clinical_fields,DA,rna_qc_library,panel,8,5,intercept + female + age_per_10_years + bank_Umaryland + PMI_per_10_hours + PD,GABARAPL1,tested,0.15341944902471746,-0.314631869861164,0.621470767910599,0.1979389827732266,0.7750845582574607,7.0,0.6550717319430754,0.4871,0.46366327355511994,-0.0207263022917587,0.07212550409256832,1.0
GEO_clinical_fields,DA,rna_qc_library,panel,8,5,intercept + female + age_per_10_years + bank_Umaryland + PMI_per_10_hours + PD,GABARAPL2,tested,-0.01337861766765588,-0.21399098737073985,0.18723375203542808,0.0848390054434108,-0.15769418320892112,7.0,0.6550717319430754,0.8459,0.8791502596566063,-0.013714612619262845,0.0020897526990999865,1.0
GEO_clinical_fields,DA,rna_qc_library,panel,8,5,intercept + female + age_per_10_years + bank_Umaryland + PMI_per_10_hours + PD,GRN,tested,-0.0005666935589356682,-0.23141642992193728,0.23028304280406597,0.09762639297316254,-0.0058047167541204975,7.0,0.6550717319430754,0.9942,0.9955304960357765,0.007222328732391143,0.024738925296964205,1.0
GEO_clinical_fields,DA,rna_qc_library,panel,8,5,intercept + female + age_per_10_years + bank_Umaryland + PMI_per_10_hours + PD,LAMP2,tested,-0.0020785163912811146,-0.09118663298696943,0.08702960020440718,0.03768383774192299,-0.055156706849121696,7.0,0.6550717319430754,0.9193,0.9575548730720589,0.0013779610181024818,0.031799370944609086,1.0
GEO_clinical_fields,DA,rna_qc_library,panel,8,5,intercept + female + age_per_10_years + bank_Umaryland + PMI_per_10_hours + PD,MAP1LC3A,tested,-0.05727489363867514,-0.1975413485306251,0.08299156125327484,0.05931870775325946,-0.9655452016405058,7.0,0.6550717319430754,0.21605,0.36643645549941983,-0.011448333848396327,-0.04227058096291634,1.0
GEO_clinical_fields,DA,rna_qc_library,panel,8,5,intercept + female + age_per_10_years + bank_Umaryland + PMI_per_10_hours + PD,MAP1LC3B,tested,0.09923856457672499,-0.14699098339740585,0.34546811255085585,0.10413051793278694,0.9530209447414872,7.0,0.6550717319430754,0.2149,0.3723204981434479,-0.028271740802944673,0.04714912186234854,1.0
GEO_clinical_fields,DA,rna_qc_library,panel,8,5,intercept + female + age_per_10_years + bank_Umaryland + PMI_per_10_hours + PD,NBR1,tested,-0.092922936344653,-0.23710894005537508,0.0512630673660691,0.0609762856187903,-1.5239192647053939,7.0,0.6550717319430754,0.00555,0.17135124946406236,0.0032778857732368785,-0.04989156328415667,0.45000000000000007
GEO_clinical_fields,DA,rna_qc_library,panel,8,5,intercept + female + age_per_10_years + bank_Umaryland + PMI_per_10_hours + PD,OPTN,tested,0.029299222809195224,-0.18802844937648294,0.2466268949948734,0.0919079097208885,0.31878891488418004,7.0,0.6550717319430754,0.652,0.7591881242087681,-0.003907398752694989,0.054254558020984334,1.0
GEO_clinical_fields,DA,rna_qc_library,panel,8,5,intercept + female + age_per_10_years + bank_Umaryland + PMI_per_10_hours + PD,PIK3R4,tested,-0.1265013031131075,-0.35152426278572446,0.09852165655950945,0.09516224811467387,-1.3293223480877518,7.0,0.6550717319430754,0.03485,0.225427541637002,0.029889144672581858,-0.019153692479212475,0.8936780487804877
GEO_clinical_fields,DA,rna_qc_library,panel,8,5,intercept + female + age_per_10_years + bank_Umaryland + PMI_per_10_hours + PD,PINK1,tested,0.11344358876995303,-0.21055343727786396,0.43744061481777,0.13701839770500002,0.8279442080048006,7.0,0.6550717319430754,0.35585,0.4350172549149577,-0.04122402686948667,-0.03397954747118026,1.0
GEO_clinical_fields,DA,rna_qc_library,panel,8,5,intercept + female + age_per_10_years + bank_Umaryland + PMI_per_10_hours + PD,PRKN,tested,0.06850777331880403,-0.12198960730172764,0.2590051539393357,0.08056137483117691,0.8503798931233211,7.0,0.6550717319430754,0.29945,0.423243820724037,0.01952743573125287,0.08184786868481429,1.0
GEO_clinical_fields,DA,rna_qc_library,panel,8,5,intercept + female + age_per_10_years + bank_Umaryland + PMI_per_10_hours + PD,RB1CC1,tested,0.014875831351384271,-0.09340236419974071,0.12315402690250926,0.045790867409425624,0.32486458966536674,7.0,0.6550717319430754,0.65675,0.7547768926210147,0.004721056189954999,-0.007696971170203559,1.0
GEO_clinical_fields,DA,rna_qc_library,panel,8,5,intercept + female + age_per_10_years + bank_Umaryland + PMI_per_10_hours + PD,SNX14,tested,0.0238907379202633,-0.17124626917368452,0.21902774501421113,0.08252347365995863,0.2895023301940254,7.0,0.6550717319430754,0.7366,0.7805839105441943,-0.0012772320520737712,0.011914466350720878,1.0
GEO_clinical_fields,DA,rna_qc_library,panel,8,5,intercept + female + age_per_10_years + bank_Umaryland + PMI_per_10_hours + PD,SNX30,tested,-0.08187971580387655,-0.44771121513224205,0.28395178352448897,0.15471020360721663,-0.5292457374806091,7.0,0.6550717319430754,0.73985,0.6129973132508024,0.05930784775229295,0.01597264654505456,1.0
GEO_clinical_fields,DA,rna_qc_library,panel,8,5,intercept + female + age_per_10_years + bank_Umaryland + PMI_per_10_hours + PD,SNX4,tested,-0.012744290909838377,-0.11726246627310757,0.09177388445343082,0.044200754229181745,-0.28832745350359834,7.0,0.6550717319430754,0.63695,0.7814466523104745,-0.013369184852182702,-0.07301098282047278,1.0
GEO_clinical_fields,DA,rna_qc_library,panel,8,5,intercept + female + age_per_10_years + bank_Umaryland + PMI_per_10_hours + PD,SPG11,tested,-0.042167841528327164,-0.2904260454863215,0.20609036242966716,0.1049884368951746,-0.401642721573515,7.0,0.6550717319430754,0.6173,0.6999265514628095,0.01905236315180879,-0.023292813679035806,1.0
GEO_clinical_fields,DA,rna_qc_library,panel,8,5,intercept + female + age_per_10_years + bank_Umaryland + PMI_per_10_hours + PD,SQSTM1,tested,-0.001389249392306452,-0.1784863491719761,0.1757078503873632,0.07489439377271205,-0.018549444388621626,7.0,0.6550717319430754,0.9888,0.9857181809996649,-0.0008306215210699928,0.06356312299113981,1.0
GEO_clinical_fields,DA,rna_qc_library,panel,8,5,intercept + female + age_per_10_years + bank_Umaryland + PMI_per_10_hours + PD,TOLLIP,tested,0.0409212642442954,-0.003546821781334808,0.08538935026992561,0.018805561182344707,2.1760193087305293,7.0,0.6550717319430754,0.04855,0.06602762133979118,-0.002473705341740833,0.008786282826742941,0.9595764705882354
GEO_clinical_fields,DA,rna_qc_library,panel,8,5,intercept + female + age_per_10_years + bank_Umaryland + PMI_per_10_hours + PD,UVRAG,tested,-0.14055688586215911,-0.7106837041746816,0.42956993245036346,0.24110672893121712,-0.5829654215177759,7.0,0.6550717319430754,0.6674,0.5782051333736538,0.026981674504757296,-0.021066091612005344,1.0
GEO_clinical_fields,DA,rna_qc_library,panel,8,5,intercept + female + age_per_10_years + bank_Umaryland + PMI_per_10_hours + PD,WDR45,tested,0.11781009987403365,-0.30056911286277965,0.536189312610847,0.17693264059101924,0.665847180489169,7.0,0.6550717319430754,0.6983,0.5268340983833926,-0.059516249349478245,-0.017747292593644503,1.0
GEO_clinical_fields,DA,rna_qc_library,panel,8,5,intercept + female + age_per_10_years + bank_Umaryland + PMI_per_10_hours + PD,WIPI1,tested,0.004465625631068288,-0.1477427539450892,0.15667400520722577,0.06436894974375974,0.06937546206431942,7.0,0.6550717319430754,0.898,0.9466310010119487,0.013571606490923156,0.05789913958526831,1.0
GEO_clinical_fields,DA,rna_qc_library,panel,8,5,intercept + female + age_per_10_years + bank_Umaryland + PMI_per_10_hours + PD,WIPI2,tested,0.03308965526265936,-0.1258569160109227,0.19203622653624142,0.06721853216453787,0.4922698279346882,7.0,0.6550717319430754,0.47555,0.6375907462908963,-0.0314085598906078,-0.0740121185975486,1.0
GEO_clinical_fields,DA,rna_qc_library,panel,8,5,intercept + female + age_per_10_years + bank_Umaryland + PMI_per_10_hours + PD,ZFYVE21,tested,0.030346590916617303,-0.09576787982703304,0.15646106166026763,0.05333383123757071,0.5689932677335924,7.0,0.6550717319430754,0.51015,0.5871444305261075,-0.022395581552212142,0.010359097850271476,1.0
GEO_diagnosis,DA,rna_qc_library,panel,8,4,,ATG10,Fewer than five independent donors in an arm,,,,,,,,,,,,
GEO_diagnosis,DA,rna_qc_library,panel,8,4,,ATG12,Fewer than five independent donors in an arm,,,,,,,,,,,,
GEO_diagnosis,DA,rna_qc_library,panel,8,4,,ATG13,Fewer than five independent donors in an arm,,,,,,,,,,,,
GEO_diagnosis,DA,rna_qc_library,panel,8,4,,ATG16L1,Fewer than five independent donors in an arm,,,,,,,,,,,,
GEO_diagnosis,DA,rna_qc_library,panel,8,4,,ATG2A,Fewer than five independent donors in an arm,,,,,,,,,,,,
GEO_diagnosis,DA,rna_qc_library,panel,8,4,,ATG2B,Fewer than five independent donors in an arm,,,,,,,,,,,,
GEO_diagnosis,DA,rna_qc_library,panel,8,4,,ATG3,Fewer than five independent donors in an arm,,,,,,,,,,,,
GEO_diagnosis,DA,rna_qc_library,panel,8,4,,ATG4B,Fewer than five independent donors in an arm,,,,,,,,,,,,
GEO_diagnosis,DA,rna_qc_library,panel,8,4,,ATG4C,Fewer than five independent donors in an arm,,,,,,,,,,,,
GEO_diagnosis,DA,rna_qc_library,panel,8,4,,ATG5,Fewer than five independent donors in an arm,,,,,,,,,,,,
GEO_diagnosis,DA,rna_qc_library,panel,8,4,,ATG7,Fewer than five independent donors in an arm,,,,,,,,,,,,
GEO_diagnosis,DA,rna_qc_library,panel,8,4,,ATG9B,Fewer than five independent donors in an arm,,,,,,,,,,,,
GEO_diagnosis,DA,rna_qc_library,panel,8,4,,BCL2,Fewer than five independent donors in an arm,,,,,,,,,,,,
GEO_diagnosis,DA,rna_qc_library,panel,8,4,,BECN1,Fewer than five independent donors in an arm,,,,,,,,,,,,
GEO_diagnosis,DA,rna_qc_library,panel,8,4,,CALCOCO2,Fewer than five independent donors in an arm,,,,,,,,,,,,
GEO_diagnosis,DA,rna_qc_library,panel,8,4,,CLEC16A,Fewer than five independent donors in an arm,,,,,,,,,,,,
GEO_diagnosis,DA,rna_qc_library,panel,8,4,,CTNS,Fewer than five independent donors in an arm,,,,,,,,,,,,
GEO_diagnosis,DA,rna_qc_library,panel,8,4,,EPG5,Fewer than five independent donors in an arm,,,,,,,,,,,,
GEO_diagnosis,DA,rna_qc_library,panel,8,4,,GABARAP,Fewer than five independent donors in an arm,,,,,,,,,,,,
GEO_diagnosis,DA,rna_qc_library,panel,8,4,,GABARAPL1,Fewer than five independent donors in an arm,,,,,,,,,,,,
GEO_diagnosis,DA,rna_qc_library,panel,8,4,,GABARAPL2,Fewer than five independent donors in an arm,,,,,,,,,,,,
GEO_diagnosis,DA,rna_qc_library,panel,8,4,,GRN,Fewer than five independent donors in an arm,,,,,,,,,,,,
GEO_diagnosis,DA,rna_qc_library,panel,8,4,,LAMP2,Fewer than five independent donors in an arm,,,,,,,,,,,,
GEO_diagnosis,DA,rna_qc_library,panel,8,4,,MAP1LC3A,Fewer than five independent donors in an arm,,,,,,,,,,,,
GEO_diagnosis,DA,rna_qc_library,panel,8,4,,MAP1LC3B,Fewer than five independent donors in an arm,,,,,,,,,,,,
GEO_diagnosis,DA,rna_qc_library,panel,8,4,,NBR1,Fewer than five independent donors in an arm,,,,,,,,,,,,
GEO_diagnosis,DA,rna_qc_library,panel,8,4,,OPTN,Fewer than five independent donors in an arm,,,,,,,,,,,,
GEO_diagnosis,DA,rna_qc_library,panel,8,4,,PIK3R4,Fewer than five independent donors in an arm,,,,,,,,,,,,
GEO_diagnosis,DA,rna_qc_library,panel,8,4,,PINK1,Fewer than five independent donors in an arm,,,,,,,,,,,,
GEO_diagnosis,DA,rna_qc_library,panel,8,4,,PRKN,Fewer than five independent donors in an arm,,,,,,,,,,,,
GEO_diagnosis,DA,rna_qc_library,panel,8,4,,RB1CC1,Fewer than five independent donors in an arm,,,,,,,,,,,,
GEO_diagnosis,DA,rna_qc_library,panel,8,4,,SNX14,Fewer than five independent donors in an arm,,,,,,,,,,,,
GEO_diagnosis,DA,rna_qc_library,panel,8,4,,SNX30,Fewer than five independent donors in an arm,,,,,,,,,,,,
GEO_diagnosis,DA,rna_qc_library,panel,8,4,,SNX4,Fewer than five independent donors in an arm,,,,,,,,,,,,
GEO_diagnosis,DA,rna_qc_library,panel,8,4,,SPG11,Fewer than five independent donors in an arm,,,,,,,,,,,,
GEO_diagnosis,DA,rna_qc_library,panel,8,4,,SQSTM1,Fewer than five independent donors in an arm,,,,,,,,,,,,
GEO_diagnosis,DA,rna_qc_library,panel,8,4,,TOLLIP,Fewer than five independent donors in an arm,,,,,,,,,,,,
GEO_diagnosis,DA,rna_qc_library,panel,8,4,,UVRAG,Fewer than five independent donors in an arm,,,,,,,,,,,,
GEO_diagnosis,DA,rna_qc_library,panel,8,4,,WDR45,Fewer than five independent donors in an arm,,,,,,,,,,,,
GEO_diagnosis,DA,rna_qc_library,panel,8,4,,WIPI1,Fewer than five independent donors in an arm,,,,,,,,,,,,
GEO_diagnosis,DA,rna_qc_library,panel,8,4,,WIPI2,Fewer than five independent donors in an arm,,,,,,,,,,,,
GEO_diagnosis,DA,rna_qc_library,panel,8,4,,ZFYVE21,Fewer than five independent donors in an arm,,,,,,,,,,,,
exclude_4775,DA,rna_qc_library,panel,8,4,,ATG10,Fewer than five independent donors in an arm,,,,,,,,,,,,
exclude_4775,DA,rna_qc_library,panel,8,4,,ATG12,Fewer than five independent donors in an arm,,,,,,,,,,,,
exclude_4775,DA,rna_qc_library,panel,8,4,,ATG13,Fewer than five independent donors in an arm,,,,,,,,,,,,
exclude_4775,DA,rna_qc_library,panel,8,4,,ATG16L1,Fewer than five independent donors in an arm,,,,,,,,,,,,
exclude_4775,DA,rna_qc_library,panel,8,4,,ATG2A,Fewer than five independent donors in an arm,,,,,,,,,,,,
exclude_4775,DA,rna_qc_library,panel,8,4,,ATG2B,Fewer than five independent donors in an arm,,,,,,,,,,,,
exclude_4775,DA,rna_qc_library,panel,8,4,,ATG3,Fewer than five independent donors in an arm,,,,,,,,,,,,
exclude_4775,DA,rna_qc_library,panel,8,4,,ATG4B,Fewer than five independent donors in an arm,,,,,,,,,,,,
exclude_4775,DA,rna_qc_library,panel,8,4,,ATG4C,Fewer than five independent donors in an arm,,,,,,,,,,,,
exclude_4775,DA,rna_qc_library,panel,8,4,,ATG5,Fewer than five independent donors in an arm,,,,,,,,,,,,
exclude_4775,DA,rna_qc_library,panel,8,4,,ATG7,Fewer than five independent donors in an arm,,,,,,,,,,,,
exclude_4775,DA,rna_qc_library,panel,8,4,,ATG9B,Fewer than five independent donors in an arm,,,,,,,,,,,,
exclude_4775,DA,rna_qc_library,panel,8,4,,BCL2,Fewer than five independent donors in an arm,,,,,,,,,,,,
exclude_4775,DA,rna_qc_library,panel,8,4,,BECN1,Fewer than five independent donors in an arm,,,,,,,,,,,,
exclude_4775,DA,rna_qc_library,panel,8,4,,CALCOCO2,Fewer than five independent donors in an arm,,,,,,,,,,,,
exclude_4775,DA,rna_qc_library,panel,8,4,,CLEC16A,Fewer than five independent donors in an arm,,,,,,,,,,,,
exclude_4775,DA,rna_qc_library,panel,8,4,,CTNS,Fewer than five independent donors in an arm,,,,,,,,,,,,
exclude_4775,DA,rna_qc_library,panel,8,4,,EPG5,Fewer than five independent donors in an arm,,,,,,,,,,,,
exclude_4775,DA,rna_qc_library,panel,8,4,,GABARAP,Fewer than five independent donors in an arm,,,,,,,,,,,,
exclude_4775,DA,rna_qc_library,panel,8,4,,GABARAPL1,Fewer than five independent donors in an arm,,,,,,,,,,,,
exclude_4775,DA,rna_qc_library,panel,8,4,,GABARAPL2,Fewer than five independent donors in an arm,,,,,,,,,,,,
exclude_4775,DA,rna_qc_library,panel,8,4,,GRN,Fewer than five independent donors in an arm,,,,,,,,,,,,
exclude_4775,DA,rna_qc_library,panel,8,4,,LAMP2,Fewer than five independent donors in an arm,,,,,,,,,,,,
exclude_4775,DA,rna_qc_library,panel,8,4,,MAP1LC3A,Fewer than five independent donors in an arm,,,,,,,,,,,,
exclude_4775,DA,rna_qc_library,panel,8,4,,MAP1LC3B,Fewer than five independent donors in an arm,,,,,,,,,,,,
exclude_4775,DA,rna_qc_library,panel,8,4,,NBR1,Fewer than five independent donors in an arm,,,,,,,,,,,,
exclude_4775,DA,rna_qc_library,panel,8,4,,OPTN,Fewer than five independent donors in an arm,,,,,,,,,,,,
exclude_4775,DA,rna_qc_library,panel,8,4,,PIK3R4,Fewer than five independent donors in an arm,,,,,,,,,,,,
exclude_4775,DA,rna_qc_library,panel,8,4,,PINK1,Fewer than five independent donors in an arm,,,,,,,,,,,,
exclude_4775,DA,rna_qc_library,panel,8,4,,PRKN,Fewer than five independent donors in an arm,,,,,,,,,,,,
exclude_4775,DA,rna_qc_library,panel,8,4,,RB1CC1,Fewer than five independent donors in an arm,,,,,,,,,,,,
exclude_4775,DA,rna_qc_library,panel,8,4,,SNX14,Fewer than five independent donors in an arm,,,,,,,,,,,,
exclude_4775,DA,rna_qc_library,panel,8,4,,SNX30,Fewer than five independent donors in an arm,,,,,,,,,,,,
exclude_4775,DA,rna_qc_library,panel,8,4,,SNX4,Fewer than five independent donors in an arm,,,,,,,,,,,,
exclude_4775,DA,rna_qc_library,panel,8,4,,SPG11,Fewer than five independent donors in an arm,,,,,,,,,,,,
exclude_4775,DA,rna_qc_library,panel,8,4,,SQSTM1,Fewer than five independent donors in an arm,,,,,,,,,,,,
exclude_4775,DA,rna_qc_library,panel,8,4,,TOLLIP,Fewer than five independent donors in an arm,,,,,,,,,,,,
exclude_4775,DA,rna_qc_library,panel,8,4,,UVRAG,Fewer than five independent donors in an arm,,,,,,,,,,,,
exclude_4775,DA,rna_qc_library,panel,8,4,,WDR45,Fewer than five independent donors in an arm,,,,,,,,,,,,
exclude_4775,DA,rna_qc_library,panel,8,4,,WIPI1,Fewer than five independent donors in an arm,,,,,,,,,,,,
exclude_4775,DA,rna_qc_library,panel,8,4,,WIPI2,Fewer than five independent donors in an arm,,,,,,,,,,,,
exclude_4775,DA,rna_qc_library,panel,8,4,,ZFYVE21,Fewer than five independent donors in an arm,,,,,,,,,,,,
Sepulveda_only,DA,rna_qc_library,panel,6,5,intercept + female + age_per_10_years + PD,ATG10,tested,0.025034864596194865,-0.051428517902942325,0.10149824709533205,0.0323363775307928,0.7742012713809715,7.0,0.5589707492569996,0.3385,0.4641527189770406,-0.0289934430812601,0.009459047235690873,1.0
Sepulveda_only,DA,rna_qc_library,panel,6,5,intercept + female + age_per_10_years + PD,ATG12,tested,0.03731677409962408,-0.1397057658784309,0.21433931407767906,0.07486286241986273,0.49846843806660446,7.0,0.5589707492569996,0.54225,0.6334324077113055,-0.02616754602626484,-0.0028336019335345576,1.0
Sepulveda_only,DA,rna_qc_library,panel,6,5,intercept + female + age_per_10_years + PD,ATG13,tested,0.028564835080489726,-0.1903336818003863,0.24746335196136576,0.09257222021103369,0.3085681105559687,7.0,0.5589707492569996,0.7354,0.7666305758827257,-0.019279348717225045,0.0038938535092234833,1.0
Sepulveda_only,DA,rna_qc_library,panel,6,5,intercept + female + age_per_10_years + PD,ATG16L1,tested,-0.0506015660150407,-0.24244201780038635,0.14123888577030494,0.0811293598563834,-0.623714597337098,7.0,0.5589707492569996,0.4694,0.5525888615771299,-0.03732793798776705,-0.08767940647757605,1.0
Sepulveda_only,DA,rna_qc_library,panel,6,5,intercept + female + age_per_10_years + PD,ATG2A,tested,-0.060709892608067285,-0.23877566447788548,0.11735587926175092,0.0753040453652366,-0.8061969621102644,7.0,0.5589707492569996,0.46525,0.44664880441357946,0.0008263782904108459,-0.02127003226766509,1.0
Sepulveda_only,DA,rna_qc_library,panel,6,5,intercept + female + age_per_10_years + PD,ATG2B,tested,-0.12052900584215248,-0.2792761613459357,0.0382181496616307,0.06713419920139851,-1.795344359148052,7.0,0.5589707492569996,0.0262,0.11566982421283983,0.0030114671860982673,-0.07180645078035558,0.8936780487804877
Sepulveda_only,DA,rna_qc_library,panel,6,5,intercept + female + age_per_10_years + PD,ATG3,tested,-0.017878426665762236,-0.11961569875438194,0.08385884542285746,0.043024709758919144,-0.41553857692336876,7.0,0.5589707492569996,0.5711,0.690189691410067,-0.030477709909217453,-0.022535141571814084,1.0
Sepulveda_only,DA,rna_qc_library,panel,6,5,intercept + female + age_per_10_years + PD,ATG4B,tested,0.04014965074607301,-0.02280423003367927,0.1031035315258253,0.026623206944128598,1.5080696638211533,7.0,0.5589707492569996,0.1341,0.17527132528770453,-0.04486015457709283,-0.016803049780037577,1.0
Sepulveda_only,DA,rna_qc_library,panel,6,5,intercept + female + age_per_10_years + PD,ATG4C,tested,0.051281823725003436,-0.07401863549355474,0.1765822829435616,0.05298958562444872,0.9677717445924441,7.0,0.5589707492569996,0.167,0.36539787130620416,-0.014976074384335186,0.014600330673553614,1.0
Sepulveda_only,DA,rna_qc_library,panel,6,5,intercept + female + age_per_10_years + PD,ATG5,tested,-0.06902981983124566,-0.2207444086883218,0.08268476902583048,0.06416012556424354,-1.0758990763215714,7.0,0.5589707492569996,0.27095,0.31765031284945006,0.027709734203157425,0.007109181662594032,1.0
Sepulveda_only,DA,rna_qc_library,panel,6,5,intercept + female + age_per_10_years + PD,ATG7,tested,0.01882978731824053,-0.1473941095421863,0.18505368417866735,0.0702961143993202,0.26786384253441214,7.0,0.5589707492569996,0.7081,0.7965255061995294,0.07493057352689732,0.1151880897031425,1.0
Sepulveda_only,DA,rna_qc_library,panel,6,5,intercept + female + age_per_10_years + PD,ATG9B,tested,-0.08754312944037042,-0.3870513513092178,0.211965092428477,0.126662078231195,-0.6911550060040768,7.0,0.5589707492569996,0.7685,0.5117303999822418,0.006998362911614432,-0.07393477281190455,1.0
Sepulveda_only,DA,rna_qc_library,panel,6,5,intercept + female + age_per_10_years + PD,BCL2,tested,0.08720097384257586,-0.08652887634052248,0.2609308240256742,0.07347038334266903,1.1868860604124898,7.0,0.5589707492569996,0.1548,0.2739855575936597,-0.11891459554555929,-0.09830930366097336,1.0
Sepulveda_only,DA,rna_qc_library,panel,6,5,intercept + female + age_per_10_years + PD,BECN1,tested,-0.006342301280853316,-0.08564178313812182,0.07295718057641518,0.03353576443419598,-0.18912052216069822,7.0,0.5589707492569996,0.7932,0.8553649428647951,-0.0007070728825325397,-0.012114357332407455,1.0
Sepulveda_only,DA,rna_qc_library,panel,6,5,intercept + female + age_per_10_years + PD,CALCOCO2,tested,-0.013013262355721363,-0.0873196015197236,0.06129307680828086,0.031424163535603775,-0.414116427983111,7.0,0.5589707492569996,0.53305,0.6911833503444165,-0.013481627860001752,-0.05132643136537786,1.0
Sepulveda_only,DA,rna_qc_library,panel,6,5,intercept + female + age_per_10_years + PD,CLEC16A,tested,-0.02490002285172021,-0.18761631427841566,0.13781626857497523,0.06881274746174745,-0.36185189183969096,7.0,0.5589707492569996,0.7611,0.7281392123311053,-0.016105546870067326,0.011843774271915098,1.0
Sepulveda_only,DA,rna_qc_library,panel,6,5,intercept + female + age_per_10_years + PD,CTNS,tested,0.02467238949143886,-0.17214536541391348,0.22149014439679118,0.08323426219673626,0.2964210751712088,7.0,0.5589707492569996,0.7457,0.775510060432962,-0.036165218967490524,-0.039013574982246155,1.0
Sepulveda_only,DA,rna_qc_library,panel,6,5,intercept + female + age_per_10_years + PD,EPG5,tested,0.0032563446772920952,-0.2673513333060805,0.2738640226606647,0.11444003328129361,0.028454593938189443,7.0,0.5589707492569996,0.9622,0.9780938275357764,5.107088930913327e-05,-0.009366138326717502,1.0
Sepulveda_only,DA,rna_qc_library,panel,6,5,intercept + female + age_per_10_years + PD,GABARAP,tested,-0.05044922498272191,-0.18504544461883762,0.08414699465339379,0.05692076429420391,-0.886306176810402,7.0,0.5589707492569996,0.41375,0.40487093867861296,0.03700960127448399,-0.020798346026217385,1.0
Sepulveda_only,DA,rna_qc_library,panel,6,5,intercept + female + age_per_10_years + PD,GABARAPL1,tested,0.16631451434652939,-0.3726718677921041,0.7053008964851628,0.2279374331496213,0.7296498519282624,7.0,0.5589707492569996,0.69155,0.4892946965155619,-0.04006138920061728,0.07212550409256832,1.0
Sepulveda_only,DA,rna_qc_library,panel,6,5,intercept + female + age_per_10_years + PD,GABARAPL2,tested,-0.03199263145993521,-0.2469293650148482,0.1829441020949778,0.09089678136519155,-0.35196660409129316,7.0,0.5589707492569996,0.66495,0.7352209566734293,-0.02066377859078407,0.0020897526990999865,1.0
Sepulveda_only,DA,rna_qc_library,panel,6,5,intercept + female + age_per_10_years + PD,GRN,tested,-0.020981475466927184,-0.267668043683066,0.22570509274921163,0.10432379187126266,-0.20111879649484637,7.0,0.5589707492569996,0.795,0.8463248168331683,0.01855892279241547,0.024738925296964205,1.0
Sepulveda_only,DA,rna_qc_library,panel,6,5,intercept + female + age_per_10_years + PD,LAMP2,tested,-0.014735335861067284,-0.11585275070908635,0.08638207898695177,0.04276257202590055,-0.3445848825964525,7.0,0.5589707492569996,0.61615,0.7405272814585644,0.008951567260294615,0.031799370944609086,1.0
Sepulveda_only,DA,rna_qc_library,panel,6,5,intercept + female + age_per_10_years + PD,MAP1LC3A,tested,-0.06296488352216728,-0.20806861979022498,0.08213885274589042,0.06136439487417982,-1.0260817148326657,7.0,0.5589707492569996,0.25305,0.3389978518832978,-0.0025188655786236983,-0.04227058096291634,1.0
Sepulveda_only,DA,rna_qc_library,panel,6,5,intercept + female + age_per_10_years + PD,MAP1LC3B,tested,0.10040910055306698,-0.16651888914246457,0.3673370902485985,0.11288389247529922,0.8894900623225593,7.0,0.5589707492569996,0.43085,0.40327121147188205,-0.03666413710044968,0.04714912186234854,1.0
Sepulveda_only,DA,rna_qc_library,panel,6,5,intercept + female + age_per_10_years + PD,NBR1,tested,-0.0809927424868164,-0.2230456995931353,0.061060214619502506,0.06007421984513013,-1.3482113075394688,7.0,0.5589707492569996,0.03305,0.2195839743175222,0.003253072560493214,-0.04989156328415667,0.8936780487804877
Sepulveda_only,DA,rna_qc_library,panel,6,5,intercept + female + age_per_10_years + PD,OPTN,tested,0.01204421172325679,-0.21226514165307236,0.23635356509958594,0.09486046388997817,0.1269676662895725,7.0,0.5589707492569996,0.89595,0.9025362277235861,-0.016308480345728318,0.054254558020984334,1.0
Sepulveda_only,DA,rna_qc_library,panel,6,5,intercept + female + age_per_10_years + PD,PIK3R4,tested,-0.13096502092350826,-0.3834005833614647,0.1214705415144482,0.10675504251049692,-1.2267806545122293,7.0,0.5589707492569996,0.15895,0.2595625678733228,0.03402147405682517,-0.019153692479212475,1.0
Sepulveda_only,DA,rna_qc_library,panel,6,5,intercept + female + age_per_10_years + PD,PINK1,tested,0.11132864064906497,-0.17453498161482914,0.39719226291295906,0.12089177472562807,0.9208950807590734,7.0,0.5589707492569996,0.2721,0.387740715882164,-0.05980684969552874,-0.03397954747118026,1.0
Sepulveda_only,DA,rna_qc_library,panel,6,5,intercept + female + age_per_10_years + PD,PRKN,tested,0.06109013734659005,-0.11882816472657454,0.24100843941975464,0.07608748070493376,0.8028934166383664,7.0,0.5589707492569996,0.3846,0.44843456234097445,0.03247184074205143,0.08184786868481429,1.0
Sepulveda_only,DA,rna_qc_library,panel,6,5,intercept + female + age_per_10_years + PD,RB1CC1,tested,0.0070507377566044254,-0.10193035212562364,0.11603182763883248,0.04608812154221342,0.1529838387999054,7.0,0.5589707492569996,0.8095,0.8827275587145447,0.004882773642488247,-0.007696971170203559,1.0
Sepulveda_only,DA,rna_qc_library,panel,6,5,intercept + female + age_per_10_years + PD,SNX14,tested,0.0489152567463661,-0.19059931675496394,0.28842983024769614,0.10129075408027134,0.4829192673163586,7.0,0.5589707492569996,0.7471,0.6438900968673589,-0.008472464728326825,0.011914466350720878,1.0
Sepulveda_only,DA,rna_qc_library,panel,6,5,intercept + female + age_per_10_years + PD,SNX30,tested,-0.11694107702567388,-0.5688085037029893,0.3349263496516415,0.1910948119914834,-0.6119531755309278,7.0,0.5589707492569996,0.80435,0.5599120766567842,0.07772912882813875,0.01597264654505456,1.0
Sepulveda_only,DA,rna_qc_library,panel,6,5,intercept + female + age_per_10_years + PD,SNX4,tested,-0.01464050862576356,-0.09792918136934947,0.06864816411782235,0.03522279394199748,-0.415654381360904,7.0,0.5589707492569996,0.5112,0.6901088073716332,-0.009387994452467947,-0.07301098282047278,1.0
Sepulveda_only,DA,rna_qc_library,panel,6,5,intercept + female + age_per_10_years + PD,SPG11,tested,-0.06279471970093936,-0.38068551675089535,0.2550960773490166,0.13443607241790542,-0.46709724980462747,7.0,0.5589707492569996,0.6539,0.6546207978342012,0.017513423151161247,-0.023292813679035806,1.0
Sepulveda_only,DA,rna_qc_library,panel,6,5,intercept + female + age_per_10_years + PD,SQSTM1,tested,-0.021434360551835455,-0.18392355692150453,0.14105483581783362,0.06871670892330764,-0.311923561062239,7.0,0.5589707492569996,0.8081,0.7641842875480818,0.003293385908238484,0.06356312299113981,1.0
Sepulveda_only,DA,rna_qc_library,panel,6,5,intercept + female + age_per_10_years + PD,TOLLIP,tested,0.0349249541005982,-0.007720252781555748,0.07757016098275214,0.018034665280935665,1.936545733261662,7.0,0.5589707492569996,0.07145,0.09401196541256852,-0.007426504031923617,0.008786282826742941,1.0
Sepulveda_only,DA,rna_qc_library,panel,6,5,intercept + female + age_per_10_years + PD,UVRAG,tested,-0.17160811084742517,-0.8030687396876863,0.45985251799283605,0.26704480788880774,-0.6426191626945222,7.0,0.5589707492569996,0.7935,0.5409395967102937,0.024699675110264763,-0.021066091612005344,1.0
Sepulveda_only,DA,rna_qc_library,panel,6,5,intercept + female + age_per_10_years + PD,WDR45,tested,0.144795180683796,-0.29936783282350576,0.5889581941910977,0.1878366143447656,0.7708570620743355,7.0,0.5589707492569996,0.7073,0.46600899935823303,-0.06958990270169184,-0.017747292593644503,1.0
Sepulveda_only,DA,rna_qc_library,panel,6,5,intercept + female + age_per_10_years + PD,WIPI1,tested,-0.008933740381739283,-0.10855536132231038,0.0906878805588318,0.0421300005267252,-0.2120517510098809,7.0,0.5589707492569996,0.662,0.8381088765395844,0.016378005243490486,0.05789913958526831,1.0
Sepulveda_only,DA,rna_qc_library,panel,6,5,intercept + female + age_per_10_years + PD,WIPI2,tested,0.010136801137690608,-0.15721202503051854,0.17748562730589976,0.07077184719589524,0.1432321119107167,7.0,0.5589707492569996,0.8404,0.8901428021185098,-0.03675903372699401,-0.0740121185975486,1.0
Sepulveda_only,DA,rna_qc_library,panel,6,5,intercept + female + age_per_10_years + PD,ZFYVE21,tested,0.02528952134276007,-0.10727129972869277,0.15785034241421292,0.056059993893243495,0.45111530677151984,7.0,0.5589707492569996,0.642,0.6655495493613359,-0.01290463955808441,0.010359097850271476,1.0
published_primary,DA_minus_NonDA,rna_qc_library,panel,8,5,intercept + female + age_per_10_years + bank_Umaryland + PD,ATG10,tested,0.042286765017060135,-0.053557416616108466,0.13813094665022874,0.04156288368137798,1.0174165330113147,8.0,0.6049802273850715,0.1874,0.33873418634262203,-0.00510886528427028,0.013266851570191918,1.0
published_primary,DA_minus_NonDA,rna_qc_library,panel,8,5,intercept + female + age_per_10_years + bank_Umaryland + PD,ATG12,tested,0.022968320412313992,-0.1467026632095067,0.1926393040341347,0.07357791820237364,0.31216322741206654,8.0,0.6049802273850715,0.6419,0.7628976845105646,-0.033409784897371286,-0.02790876266950564,1.0
published_primary,DA_minus_NonDA,rna_qc_library,panel,8,5,intercept + female + age_per_10_years + bank_Umaryland + PD,ATG13,tested,0.03608742195205967,-0.1500603154194893,0.22223515932360863,0.08072307180353569,0.44705213944149025,8.0,0.6049802273850715,0.60325,0.6666928495855081,-0.025888698857606262,-0.0033000408627842925,1.0
published_primary,DA_minus_NonDA,rna_qc_library,panel,8,5,intercept + female + age_per_10_years + bank_Umaryland + PD,ATG16L1,tested,-0.053340169294775565,-0.26541600668867793,0.15873566809912681,0.09196680707202348,-0.579993706348883,8.0,0.6049802273850715,0.5667,0.5778840574908002,-0.0059397551575933565,-0.08496469506364027,1.0
published_primary,DA_minus_NonDA,rna_qc_library,panel,8,5,intercept + female + age_per_10_years + bank_Umaryland + PD,ATG2A,tested,-0.0199981566253664,-0.1307308121988896,0.09073449894815679,0.04801927884310613,-0.41646099456650687,8.0,0.6049802273850715,0.74,0.6880217360860987,-0.006685876313070745,-0.02427954926868215,1.0
published_primary,DA_minus_NonDA,rna_qc_library,panel,8,5,intercept + female + age_per_10_years + bank_Umaryland + PD,ATG2B,tested,-0.0957025302186097,-0.2215598412911085,0.030154780853889118,0.05457809427157749,-1.753497103478904,8.0,0.6049802273850715,0.04025,0.11760531095153522,-0.0011426061591465943,-0.07270628695936934,0.9435348837209302
published_primary,DA_minus_NonDA,rna_qc_library,panel,8,5,intercept + female + age_per_10_years + bank_Umaryland + PD,ATG3,tested,-0.027190608932962244,-0.1344896991913873,0.08010848132546283,0.046530311298367356,-0.5843633574382792,8.0,0.6049802273850715,0.6222,0.5750801889037196,-0.022976189708291815,-0.03550117996009407,1.0
published_primary,DA_minus_NonDA,rna_qc_library,panel,8,5,intercept + female + age_per_10_years + bank_Umaryland + PD,ATG4B,tested,0.08225609119762892,0.012690149647541893,0.15182203274771594,0.03016730997712644,2.726663108510418,8.0,0.6049802273850715,0.0524,0.025979537805511366,-0.03846544862314736,-0.013230050682360333,0.9695127272727273
published_primary,DA_minus_NonDA,rna_qc_library,panel,8,5,intercept + female + age_per_10_years + bank_Umaryland + PD,ATG4C,tested,0.05222364581203125,-0.10886177000335977,0.21330906162742225,0.06985478185756155,0.7476030190534223,8.0,0.6049802273850715,0.3367,0.47609790623374504,0.01669738097683652,0.028444991063961266,1.0
published_primary,DA_minus_NonDA,rna_qc_library,panel,8,5,intercept + female + age_per_10_years + bank_Umaryland + PD,ATG5,tested,-0.040561710397993084,-0.21386700904778755,0.13274358825180138,0.07515394097386843,-0.5397150152391433,8.0,0.6049802273850715,0.50625,0.6040871189068455,0.023043541538817526,0.01631755860618046,1.0
published_primary,DA_minus_NonDA,rna_qc_library,panel,8,5,intercept + female + age_per_10_years + bank_Umaryland + PD,ATG7,tested,0.034120567058129006,-0.1389128057974413,0.2071539399136993,0.07503602019909922,0.4547225048395972,8.0,0.6049802273850715,0.5437,0.6613940842392825,0.08507081198830226,0.13644848904161044,1.0
published_primary,DA_minus_NonDA,rna_qc_library,panel,8,5,intercept + female + age_per_10_years + bank_Umaryland + PD,ATG9B,tested,-0.019671873234685784,-0.19810560893905946,0.1587618624696879,0.07737789060893924,-0.25423119032936203,8.0,0.6049802273850715,0.7934,0.8057295409972063,-0.00393130215270456,-0.0671977271901073,1.0
published_primary,DA_minus_NonDA,rna_qc_library,panel,8,5,intercept + female + age_per_10_years + bank_Umaryland + PD,BCL2,tested,0.04748665429901858,-0.20874151074491135,0.3037148193429485,0.11111348897916092,0.42737074261005875,8.0,0.6049802273850715,0.73195,0.6803797570301859,-0.01899933500946132,-0.07393130830380536,1.0
published_primary,DA_minus_NonDA,rna_qc_library,panel,8,5,intercept + female + age_per_10_years + bank_Umaryland + PD,BECN1,tested,0.026803971400087823,-0.1264454443660567,0.18005338716623237,0.06645669599544185,0.40332988269423237,8.0,0.6049802273850715,0.73405,0.6972704778940395,-0.01753581117958486,-0.014055637869535245,1.0
published_primary,DA_minus_NonDA,rna_qc_library,panel,8,5,intercept + female + age_per_10_years + bank_Umaryland + PD,CALCOCO2,tested,-0.027672893595488936,-0.09181983365867619,0.03647404646769831,0.02781735691131316,-0.9948067202687589,8.0,0.6049802273850715,0.25935,0.3489637076993555,0.006978938086323847,-0.058336126143574404,1.0
published_primary,DA_minus_NonDA,rna_qc_library,panel,8,5,intercept + female + age_per_10_years + bank_Umaryland + PD,CLEC16A,tested,0.0035134485046505563,-0.1674480270949763,0.1744749241042774,0.074137540779888,0.047390950221587104,8.0,0.6049802273850715,0.93915,0.9633633591771931,0.03774911589186579,0.06430992208851652,1.0
published_primary,DA_minus_NonDA,rna_qc_library,panel,8,5,intercept + female + age_per_10_years + bank_Umaryland + PD,CTNS,tested,0.04841949786491741,-0.159561231808028,0.2564002275378628,0.09019096128807925,0.5368553253386503,8.0,0.6049802273850715,0.5906,0.6059715930550055,-0.014894446473565907,-0.031184151599889947,1.0
published_primary,DA_minus_NonDA,rna_qc_library,panel,8,5,intercept + female + age_per_10_years + bank_Umaryland + PD,EPG5,tested,0.005249887032280555,-0.2407874580292776,0.2512872320938387,0.1066942341185341,0.049204974154911575,8.0,0.6049802273850715,0.96405,0.9619622362424702,0.0387332226723751,0.006620418862019991,1.0
published_primary,DA_minus_NonDA,rna_qc_library,panel,8,5,intercept + female + age_per_10_years + bank_Umaryland + PD,GABARAP,tested,-0.06459420180254022,-0.22854803925314549,0.09935963564806505,0.07109867452524436,-0.9085148525463065,8.0,0.6049802273850715,0.35635,0.39015418972083926,0.04540617935779263,-0.024533068257605622,1.0
published_primary,DA_minus_NonDA,rna_qc_library,panel,8,5,intercept + female + age_per_10_years + bank_Umaryland + PD,GABARAPL1,tested,0.12272816742175402,-0.2827814680985061,0.5282378029420141,0.17584948325098815,0.697915996981267,8.0,0.6049802273850715,0.65515,0.5050054559587295,-0.03653217731020876,0.058669118508254646,1.0
published_primary,DA_minus_NonDA,rna_qc_library,panel,8,5,intercept + female + age_per_10_years + bank_Umaryland + PD,GABARAPL2,tested,-0.06739512990228681,-0.3520063955466727,0.21721613574209908,0.12342183663962392,-0.546055153101246,8.0,0.6049802273850715,0.61035,0.5999203688445132,-0.03730181939452877,-0.03395556759686001,1.0
published_primary,DA_minus_NonDA,rna_qc_library,panel,8,5,intercept + female + age_per_10_years + bank_Umaryland + PD,GRN,tested,-0.03004420634753028,-0.30419292772895085,0.24410451503389027,0.11888474839072798,-0.2527170789711953,8.0,0.6049802273850715,0.8487,0.8068591498074512,0.012089354014264371,0.0003827968148869189,1.0
published_primary,DA_minus_NonDA,rna_qc_library,panel,8,5,intercept + female + age_per_10_years + bank_Umaryland + PD,LAMP2,tested,-0.02474380217842398,-0.12172818061035078,0.07224057625350282,0.04205733066932394,-0.5883350603720502,8.0,0.6049802273850715,0.38585,0.5725383627122692,0.005614547590223536,0.013090646093599468,1.0
published_primary,DA_minus_NonDA,rna_qc_library,panel,8,5,intercept + female + age_per_10_years + bank_Umaryland + PD,MAP1LC3A,tested,-0.08432578716547594,-0.23851795082406008,0.06986637649310819,0.06686551915326587,-1.2611251394338014,8.0,0.6049802273850715,0.19935,0.2427958871922,-0.04448387487515933,-0.07568437882930952,1.0
published_primary,DA_minus_NonDA,rna_qc_library,panel,8,5,intercept + female + age_per_10_years + bank_Umaryland + PD,MAP1LC3B,tested,0.06441671783581567,-0.0894382320821198,0.21827166775375112,0.06671928622353013,0.965488713713151,8.0,0.6049802273850715,0.27215,0.36257529612125944,-0.05591028758160767,0.016043551513223918,1.0
published_primary,DA_minus_NonDA,rna_qc_library,panel,8,5,intercept + female + age_per_10_years + bank_Umaryland + PD,NBR1,tested,-0.09452919338676455,-0.21587700439231555,0.026818617618786456,0.052622547011952764,-1.7963629423960237,8.0,0.6049802273850715,0.00895,0.11016359662485642,0.008331688687704354,-0.053672566795576325,0.56385
published_primary,DA_minus_NonDA,rna_qc_library,panel,8,5,intercept + female + age_per_10_years + bank_Umaryland + PD,OPTN,tested,0.04097673540992422,-0.24439853322550995,0.32635200404535836,0.12375314696966251,0.33111671430844075,8.0,0.6049802273850715,0.7095,0.7490627989848755,-0.07255178635787513,-0.004467119587300633,1.0
published_primary,DA_minus_NonDA,rna_qc_library,panel,8,5,intercept + female + age_per_10_years + bank_Umaryland + PD,PIK3R4,tested,-0.1651904549390709,-0.4342340085838782,0.10385309870573642,0.11667088950858016,-1.4158669367727974,8.0,0.6049802273850715,0.0529,0.19454755355926043,0.045741800135228765,-0.02327826505707296,0.9695127272727273
published_primary,DA_minus_NonDA,rna_qc_library,panel,8,5,intercept + female + age_per_10_years + bank_Umaryland + PD,PINK1,tested,0.08703243935432242,-0.233908320869745,0.40797319957838984,0.13917614255250374,0.6253402182165648,8.0,0.6049802273850715,0.6886,0.5491661320291281,-0.08685033131748032,-0.07929265138193853,1.0
published_primary,DA_minus_NonDA,rna_qc_library,panel,8,5,intercept + female + age_per_10_years + bank_Umaryland + PD,PRKN,tested,0.07784939165409843,-0.21860095252327555,0.3742997358314724,0.12855585975481523,0.6055685972041619,8.0,0.6049802273850715,0.4649,0.5615835689055049,0.09257335875955375,0.1095625266252852,1.0
published_primary,DA_minus_NonDA,rna_qc_library,panel,8,5,intercept + female + age_per_10_years + bank_Umaryland + PD,RB1CC1,tested,-0.02062784133330532,-0.1587368317346358,0.11748114906802516,0.05989104195571266,-0.34442281616270576,8.0,0.6049802273850715,0.69485,0.7394072485035261,0.029150727132642752,-0.006949534237642346,1.0
published_primary,DA_minus_NonDA,rna_qc_library,panel,8,5,intercept + female + age_per_10_years + bank_Umaryland + PD,SNX14,tested,0.015202350621739701,-0.22971618343027456,0.26012088467375394,0.10620906109020052,0.1431360984241142,8.0,0.6049802273850715,0.94135,0.8897222892485317,0.03355181443299644,0.01298132770995009,1.0
published_primary,DA_minus_NonDA,rna_qc_library,panel,8,5,intercept + female + age_per_10_years + bank_Umaryland + PD,SNX30,tested,-0.1272120555356017,-0.5362883280271069,0.2818642169559036,0.17739615739482856,-0.7171071651369951,8.0,0.6049802273850715,0.7085,0.49371035511962547,0.09571277213147984,0.03176806731538294,1.0
published_primary,DA_minus_NonDA,rna_qc_library,panel,8,5,intercept + female + age_per_10_years + bank_Umaryland + PD,SNX4,tested,-0.03699626243832295,-0.12533822783261067,0.051345702955964787,0.03830954335778298,-0.965719222826674,8.0,0.6049802273850715,0.1995,0.3624667432434645,-0.010423482863004607,-0.08529178171907272,1.0
published_primary,DA_minus_NonDA,rna_qc_library,panel,8,5,intercept + female + age_per_10_years + bank_Umaryland + PD,SPG11,tested,-0.02812985109127378,-0.2767503824363588,0.22049068025381122,0.10781443431431105,-0.2609098797408418,8.0,0.6049802273850715,0.7596,0.8007527035547111,0.02418635369376559,-0.00249221293029319,1.0
published_primary,DA_minus_NonDA,rna_qc_library,panel,8,5,intercept + female + age_per_10_years + bank_Umaryland + PD,SQSTM1,tested,-0.021466882533185266,-0.18573346851494238,0.14279970344857185,0.07123429810301705,-0.3013559914935985,8.0,0.6049802273850715,0.77,0.7708274746647559,0.010400424327873692,0.04889581014213139,1.0
published_primary,DA_minus_NonDA,rna_qc_library,panel,8,5,intercept + female + age_per_10_years + bank_Umaryland + PD,TOLLIP,tested,0.05641337284133546,0.019652712015135257,0.09317403366753567,0.015941281400030205,3.5388229732415724,8.0,0.6049802273850715,0.01425,0.007632967610350167,-0.026397956636861508,0.013802833390670654,0.6735272727272728
published_primary,DA_minus_NonDA,rna_qc_library,panel,8,5,intercept + female + age_per_10_years + bank_Umaryland + PD,UVRAG,tested,-0.12694593961783054,-0.7430219155966414,0.4891300363609804,0.2671616961215447,-0.47516519568762106,8.0,0.6049802273850715,0.8418,0.6473715293923819,0.013536233320708656,-0.017744467806940313,1.0
published_primary,DA_minus_NonDA,rna_qc_library,panel,8,5,intercept + female + age_per_10_years + bank_Umaryland + PD,WDR45,tested,0.13499630962082299,-0.3162196588623886,0.5862122781040346,0.19567006044275026,0.6899180657243197,8.0,0.6049802273850715,0.7312,0.5097604876207449,-0.08753462078664723,-0.011410560903129594,1.0
published_primary,DA_minus_NonDA,rna_qc_library,panel,8,5,intercept + female + age_per_10_years + bank_Umaryland + PD,WIPI1,tested,0.07922228612052765,-0.09718570395183757,0.25563027619289286,0.07649942486760215,1.0355932251469597,8.0,0.6049802273850715,0.26395,0.33067846510039256,-0.07823288049149543,0.035731991363349945,1.0
published_primary,DA_minus_NonDA,rna_qc_library,panel,8,5,intercept + female + age_per_10_years + bank_Umaryland + PD,WIPI2,tested,-0.008691210666215561,-0.16630938147100935,0.14892696013857823,0.06835120909378287,-0.1271551854231369,8.0,0.6049802273850715,0.85755,0.9019555680942781,-0.04828365918744873,-0.10814053523627906,1.0
published_primary,DA_minus_NonDA,rna_qc_library,panel,8,5,intercept + female + age_per_10_years + bank_Umaryland + PD,ZFYVE21,tested,0.044986429938550586,-0.1329538161260059,0.2229266760031071,0.07716388854696546,0.5829984826538361,8.0,0.6049802273850715,0.698,0.5759551594477426,-0.04610314008848031,-0.012528509666711946,1.0
published_PMI,DA_minus_NonDA,rna_qc_library,panel,8,5,intercept + female + age_per_10_years + bank_Umaryland + PMI_per_10_hours + PD,ATG10,tested,0.016852789481802747,-0.08940128868845919,0.12310686765206467,0.04493486782302274,0.37504927238637803,7.0,0.6691010890576756,0.52715,0.7187290265955731,-0.00510886528427028,0.013266851570191918,1.0
published_PMI,DA_minus_NonDA,rna_qc_library,panel,8,5,intercept + female + age_per_10_years + bank_Umaryland + PMI_per_10_hours + PD,ATG12,tested,0.005455782397550987,-0.17335770556340951,0.18426927035851148,0.07562025462800756,0.07214710429618579,7.0,0.6691010890576756,0.90775,0.9445029799603781,-0.033409784897371286,-0.02790876266950564,1.0
published_PMI,DA_minus_NonDA,rna_qc_library,panel,8,5,intercept + female + age_per_10_years + bank_Umaryland + PMI_per_10_hours + PD,ATG13,tested,0.009841456724542431,-0.15922870747599785,0.1789116209250827,0.07149980134404191,0.1376431338205742,7.0,0.6691010890576756,0.85935,0.8943980531904219,-0.025888698857606262,-0.0033000408627842925,1.0
published_PMI,DA_minus_NonDA,rna_qc_library,panel,8,5,intercept + female + age_per_10_years + bank_Umaryland + PMI_per_10_hours + PD,ATG16L1,tested,-0.033995954779830154,-0.23226405990326898,0.1642721503436087,0.08384761555191175,-0.4054492731374403,7.0,0.6691010890576756,0.6286,0.6972531667614241,-0.0059397551575933565,-0.08496469506364027,1.0
published_PMI,DA_minus_NonDA,rna_qc_library,panel,8,5,intercept + female + age_per_10_years + bank_Umaryland + PMI_per_10_hours + PD,ATG2A,tested,-0.01059962431189424,-0.12264153254939587,0.1014422839256074,0.047382542147925234,-0.22370315798597082,7.0,0.6691010890576756,0.8032,0.8293768323429116,-0.006685876313070745,-0.02427954926868215,1.0
published_PMI,DA_minus_NonDA,rna_qc_library,panel,8,5,intercept + female + age_per_10_years + bank_Umaryland + PMI_per_10_hours + PD,ATG2B,tested,-0.051628870091938894,-0.13479219691855474,0.03153445673467695,0.03516978513228215,-1.4679893521598186,7.0,0.6691010890576756,0.0059,0.18555156405040915,-0.0011426061591465943,-0.07270628695936934,0.45000000000000007
published_PMI,DA_minus_NonDA,rna_qc_library,panel,8,5,intercept + female + age_per_10_years + bank_Umaryland + PMI_per_10_hours + PD,ATG3,tested,-0.023994322626380734,-0.13015074172217805,0.08216209646941658,0.0448935677837362,-0.5344712797603327,7.0,0.6691010890576756,0.57065,0.6095633691947462,-0.022976189708291815,-0.03550117996009407,1.0
published_PMI,DA_minus_NonDA,rna_qc_library,panel,8,5,intercept + female + age_per_10_years + bank_Umaryland + PMI_per_10_hours + PD,ATG4B,tested,0.0736159506395021,0.0005553066777583965,0.14667659460124582,0.030897358821609027,2.3825968771161277,7.0,0.6691010890576756,0.0268,0.04869584157096323,-0.03846544862314736,-0.013230050682360333,0.8936780487804877
published_PMI,DA_minus_NonDA,rna_qc_library,panel,8,5,intercept + female + age_per_10_years + bank_Umaryland + PMI_per_10_hours + PD,ATG4C,tested,0.03482527811790025,-0.12355003937791847,0.193200595613719,0.06697694884426224,0.5199591608581264,7.0,0.6691010890576756,0.53875,0.6191257008865543,0.01669738097683652,0.028444991063961266,1.0
published_PMI,DA_minus_NonDA,rna_qc_library,panel,8,5,intercept + female + age_per_10_years + bank_Umaryland + PMI_per_10_hours + PD,ATG5,tested,-0.03731132411864623,-0.22264203577162123,0.14801938753432875,0.07837638964152185,-0.4760531110108652,7.0,0.6691010890576756,0.51095,0.6485358426183949,0.023043541538817526,0.01631755860618046,1.0
published_PMI,DA_minus_NonDA,rna_qc_library,panel,8,5,intercept + female + age_per_10_years + bank_Umaryland + PMI_per_10_hours + PD,ATG7,tested,0.00017567007974008623,-0.20461772236819556,0.20496906252767574,0.08660716067698135,0.0020283551425416516,7.0,0.6691010890576756,0.9987,0.9984382024456606,0.08507081198830226,0.13644848904161044,1.0
published_PMI,DA_minus_NonDA,rna_qc_library,panel,8,5,intercept + female + age_per_10_years + bank_Umaryland + PMI_per_10_hours + PD,ATG9B,tested,-0.02974370249469857,-0.2496940713034718,0.19020666631407465,0.09301704857116228,-0.3197661391281759,7.0,0.6691010890576756,0.71925,0.7584779581417224,-0.00393130215270456,-0.0671977271901073,1.0
published_PMI,DA_minus_NonDA,rna_qc_library,panel,8,5,intercept + female + age_per_10_years + bank_Umaryland + PMI_per_10_hours + PD,BCL2,tested,0.031245799563777727,-0.20684712274401162,0.2693387218715671,0.10068953754748257,0.3103182348915151,7.0,0.6691010890576756,0.6575,0.7653542910018494,-0.01899933500946132,-0.07393130830380536,1.0
published_PMI,DA_minus_NonDA,rna_qc_library,panel,8,5,intercept + female + age_per_10_years + bank_Umaryland + PMI_per_10_hours + PD,BECN1,tested,0.02666375003793035,-0.12978249857105373,0.1831099986469144,0.06616114528223312,0.40301221999992526,7.0,0.6691010890576756,0.6639,0.6989642090038888,-0.01753581117958486,-0.014055637869535245,1.0
published_PMI,DA_minus_NonDA,rna_qc_library,panel,8,5,intercept + female + age_per_10_years + bank_Umaryland + PMI_per_10_hours + PD,CALCOCO2,tested,0.006882470786548456,-0.07095809547762946,0.08472303705072637,0.03291878878046695,0.20907424123187401,7.0,0.6691010890576756,0.8063,0.8403443309888066,0.006978938086323847,-0.058336126143574404,1.0
published_PMI,DA_minus_NonDA,rna_qc_library,panel,8,5,intercept + female + age_per_10_years + bank_Umaryland + PMI_per_10_hours + PD,CLEC16A,tested,0.01384490747108429,-0.2264521039805187,0.2541419189226873,0.10162164722320459,0.13623974664251362,7.0,0.6691010890576756,0.83725,0.8954671348509948,0.03774911589186579,0.06430992208851652,1.0
published_PMI,DA_minus_NonDA,rna_qc_library,panel,8,5,intercept + female + age_per_10_years + bank_Umaryland + PMI_per_10_hours + PD,CTNS,tested,0.06647625550662477,-0.14948979144731772,0.28244230246056723,0.09133207817760887,0.7278522161441653,7.0,0.6691010890576756,0.3884,0.4903278059534494,-0.014894446473565907,-0.031184151599889947,1.0
published_PMI,DA_minus_NonDA,rna_qc_library,panel,8,5,intercept + female + age_per_10_years + bank_Umaryland + PMI_per_10_hours + PD,EPG5,tested,0.032160598142215786,-0.27218394299193327,0.33650513927636483,0.128707358475291,0.24987381081548588,7.0,0.6691010890576756,0.7271,0.8098593570082404,0.0387332226723751,0.006620418862019991,1.0
published_PMI,DA_minus_NonDA,rna_qc_library,panel,8,5,intercept + female + age_per_10_years + bank_Umaryland + PMI_per_10_hours + PD,GABARAP,tested,-0.04977320524669161,-0.22419849569314076,0.12465208519975755,0.0737644851489301,-0.6747583901141556,7.0,0.6691010890576756,0.40975,0.5214841933580842,0.04540617935779263,-0.024533068257605622,1.0
published_PMI,DA_minus_NonDA,rna_qc_library,panel,8,5,intercept + female + age_per_10_years + bank_Umaryland + PMI_per_10_hours + PD,GABARAPL1,tested,0.10691909987336454,-0.2937556328436891,0.5075938325904181,0.16944541296396798,0.6309943597948003,7.0,0.6691010890576756,0.60935,0.5480851315130313,-0.03653217731020876,0.058669118508254646,1.0
published_PMI,DA_minus_NonDA,rna_qc_library,panel,8,5,intercept + female + age_per_10_years + bank_Umaryland + PMI_per_10_hours + PD,GABARAPL2,tested,-0.06856400723650317,-0.35722213103100253,0.22009411655799616,0.12207356990065907,-0.5616613595580038,7.0,0.6691010890576756,0.5312,0.5918665988010259,-0.03730181939452877,-0.03395556759686001,1.0
published_PMI,DA_minus_NonDA,rna_qc_library,panel,8,5,intercept + female + age_per_10_years + bank_Umaryland + PMI_per_10_hours + PD,GRN,tested,-0.015525926160973215,-0.288970739939096,0.2579188876171496,0.11563985849392008,-0.13426102697790407,7.0,0.6691010890576756,0.90125,0.896974892478229,0.012089354014264371,0.0003827968148869189,1.0
published_PMI,DA_minus_NonDA,rna_qc_library,panel,8,5,intercept + female + age_per_10_years + bank_Umaryland + PMI_per_10_hours + PD,LAMP2,tested,-0.020179253027262194,-0.12887752407176564,0.08851901801724124,0.04596851740738998,-0.4389798532858086,7.0,0.6691010890576756,0.44555,0.6739068010429955,0.005614547590223536,0.013090646093599468,1.0
published_PMI,DA_minus_NonDA,rna_qc_library,panel,8,5,intercept + female + age_per_10_years + bank_Umaryland + PMI_per_10_hours + PD,MAP1LC3A,tested,-0.09938934534481128,-0.28964041392713047,0.09086172323750794,0.08045720942810823,-1.2353068923378419,7.0,0.6691010890576756,0.17305,0.2565648041157664,-0.04448387487515933,-0.07568437882930952,1.0
published_PMI,DA_minus_NonDA,rna_qc_library,panel,8,5,intercept + female + age_per_10_years + bank_Umaryland + PMI_per_10_hours + PD,MAP1LC3B,tested,0.06666556269223231,-0.09759911439649638,0.230930239780961,0.06946756002292781,0.9596646646323738,7.0,0.6691010890576756,0.2401,0.36919030850003864,-0.05591028758160767,0.016043551513223918,1.0
published_PMI,DA_minus_NonDA,rna_qc_library,panel,8,5,intercept + female + age_per_10_years + bank_Umaryland + PMI_per_10_hours + PD,NBR1,tested,-0.10015734674216996,-0.23790200872454453,0.03758731524020463,0.058252241100683284,-1.719373278172385,7.0,0.6691010890576756,0.0048,0.1292347846740026,0.008331688687704354,-0.053672566795576325,0.45000000000000007
published_PMI,DA_minus_NonDA,rna_qc_library,panel,8,5,intercept + female + age_per_10_years + bank_Umaryland + PMI_per_10_hours + PD,OPTN,tested,0.05485603028818102,-0.22172240739980553,0.3314344679761676,0.11696506858111468,0.46899498246468896,7.0,0.6691010890576756,0.4966,0.6533290317055475,-0.07255178635787513,-0.004467119587300633,1.0
published_PMI,DA_minus_NonDA,rna_qc_library,panel,8,5,intercept + female + age_per_10_years + bank_Umaryland + PMI_per_10_hours + PD,PIK3R4,tested,-0.15608479501407285,-0.4354390112447559,0.12326942121661022,0.11813894580135824,-1.3211967819360577,7.0,0.6691010890576756,0.0147,0.22798284741645383,0.045741800135228765,-0.02327826505707296,0.6735272727272728
published_PMI,DA_minus_NonDA,rna_qc_library,panel,8,5,intercept + female + age_per_10_years + bank_Umaryland + PMI_per_10_hours + PD,PINK1,tested,0.0991559659151576,-0.25709027050375655,0.4554022023340718,0.15065659428414724,0.6581588173176383,7.0,0.6691010890576756,0.55225,0.5314773695661545,-0.08685033131748032,-0.07929265138193853,1.0
published_PMI,DA_minus_NonDA,rna_qc_library,panel,8,5,intercept + female + age_per_10_years + bank_Umaryland + PMI_per_10_hours + PD,PRKN,tested,0.04852069914667869,-0.24781752694837736,0.3448589252417347,0.12532148647652744,0.3871698342467918,7.0,0.6691010890576756,0.587,0.7101324557386013,0.09257335875955375,0.1095625266252852,1.0
published_PMI,DA_minus_NonDA,rna_qc_library,panel,8,5,intercept + female + age_per_10_years + bank_Umaryland + PMI_per_10_hours + PD,RB1CC1,tested,0.0005447879396083115,-0.1473058179802833,0.1483953938594999,0.06252604651953543,0.008712975950560057,7.0,0.6691010890576756,0.99325,0.9932912545049528,0.029150727132642752,-0.006949534237642346,1.0
published_PMI,DA_minus_NonDA,rna_qc_library,panel,8,5,intercept + female + age_per_10_years + bank_Umaryland + PMI_per_10_hours + PD,SNX14,tested,-0.017423191432703426,-0.22979554263888363,0.19494915977347677,0.08981230363151477,-0.19399559668559377,7.0,0.6691010890576756,0.83175,0.8516889111147673,0.03355181443299644,0.01298132770995009,1.0
published_PMI,DA_minus_NonDA,rna_qc_library,panel,8,5,intercept + female + age_per_10_years + bank_Umaryland + PMI_per_10_hours + PD,SNX30,tested,-0.09847623036274096,-0.4836707169262304,0.28671825620074853,0.16289881421917793,-0.6045239238527708,7.0,0.6691010890576756,0.67045,0.5645674941294878,0.09571277213147984,0.03176806731538294,1.0
published_PMI,DA_minus_NonDA,rna_qc_library,panel,8,5,intercept + female + age_per_10_years + bank_Umaryland + PMI_per_10_hours + PD,SNX4,tested,-0.030898062791194583,-0.14645339205253585,0.08465726647014668,0.04886836849954896,-0.632271216328406,7.0,0.6691010890576756,0.3536,0.5472974827109613,-0.010423482863004607,-0.08529178171907272,1.0
published_PMI,DA_minus_NonDA,rna_qc_library,panel,8,5,intercept + female + age_per_10_years + bank_Umaryland + PMI_per_10_hours + PD,SPG11,tested,-0.0037215458024377995,-0.22769145056172826,0.22024835895685266,0.09471691101180157,-0.03929124971119572,7.0,0.6691010890576756,0.95075,0.9697553028928968,0.02418635369376559,-0.00249221293029319,1.0
published_PMI,DA_minus_NonDA,rna_qc_library,panel,8,5,intercept + female + age_per_10_years + bank_Umaryland + PMI_per_10_hours + PD,SQSTM1,tested,-0.03128597704578164,-0.21850196286953352,0.15593000877797022,0.07917367241064316,-0.3951563201908003,7.0,0.6691010890576756,0.64655,0.7044925352561076,0.010400424327873692,0.04889581014213139,1.0
published_PMI,DA_minus_NonDA,rna_qc_library,panel,8,5,intercept + female + age_per_10_years + bank_Umaryland + PMI_per_10_hours + PD,TOLLIP,tested,0.053417933062062384,-0.008626764518302424,0.11546263064242719,0.02623871321367691,2.035844236226429,7.0,0.6691010890576756,0.04605,0.08120939825748257,-0.026397956636861508,0.013802833390670654,0.9595764705882354
published_PMI,DA_minus_NonDA,rna_qc_library,panel,8,5,intercept + female + age_per_10_years + bank_Umaryland + PMI_per_10_hours + PD,UVRAG,tested,-0.08477522176806995,-0.6800564792867613,0.5105060357506214,0.2517445455718193,-0.33675097736679555,7.0,0.6691010890576756,0.79185,0.746175264886471,0.013536233320708656,-0.017744467806940313,1.0
published_PMI,DA_minus_NonDA,rna_qc_library,panel,8,5,intercept + female + age_per_10_years + bank_Umaryland + PMI_per_10_hours + PD,WDR45,tested,0.11582385309569855,-0.3232557891689617,0.5549034953603588,0.18568685577721744,0.6237590302819344,7.0,0.6691010890576756,0.6595,0.5525613050503261,-0.08753462078664723,-0.011410560903129594,1.0
published_PMI,DA_minus_NonDA,rna_qc_library,panel,8,5,intercept + female + age_per_10_years + bank_Umaryland + PMI_per_10_hours + PD,WIPI1,tested,0.11528006259599916,-0.13708478784831019,0.3676449130403085,0.1067251383962949,1.0801584737040852,7.0,0.6691010890576756,0.2306,0.3158761066467876,-0.07823288049149543,0.035731991363349945,1.0
published_PMI,DA_minus_NonDA,rna_qc_library,panel,8,5,intercept + female + age_per_10_years + bank_Umaryland + PMI_per_10_hours + PD,WIPI2,tested,0.0013703908486348364,-0.16156023052892346,0.16430101222619312,0.06890338763460843,0.019888584519268594,7.0,0.6691010890576756,0.97715,0.9846872836916845,-0.04828365918744873,-0.10814053523627906,1.0
published_PMI,DA_minus_NonDA,rna_qc_library,panel,8,5,intercept + female + age_per_10_years + bank_Umaryland + PMI_per_10_hours + PD,ZFYVE21,tested,0.040770628502091844,-0.1449102275342151,0.22645148453839878,0.07852446576109237,0.5192092439843512,7.0,0.6691010890576756,0.60925,0.6196220147704767,-0.04610314008848031,-0.012528509666711946,1.0
GEO_clinical_fields,DA_minus_NonDA,rna_qc_library,panel,8,5,intercept + female + age_per_10_years + bank_Umaryland + PMI_per_10_hours + PD,ATG10,tested,0.019720910723170525,-0.09676250036318176,0.13620432180952283,0.04926085446200769,0.40033635101437853,7.0,0.6550717319430754,0.51505,0.7008450854187389,-0.00510886528427028,0.013266851570191918,1.0
GEO_clinical_fields,DA_minus_NonDA,rna_qc_library,panel,8,5,intercept + female + age_per_10_years + bank_Umaryland + PMI_per_10_hours + PD,ATG12,tested,0.006684713273214321,-0.16984853173542977,0.1832179582818584,0.07465593949365074,0.08954027393604545,7.0,0.6550717319430754,0.88895,0.9311606270209185,-0.033409784897371286,-0.02790876266950564,1.0
GEO_clinical_fields,DA_minus_NonDA,rna_qc_library,panel,8,5,intercept + female + age_per_10_years + bank_Umaryland + PMI_per_10_hours + PD,ATG13,tested,0.012376325891492136,-0.15236781900533264,0.17712047078831689,0.06967032704093976,0.17764127738656293,7.0,0.6550717319430754,0.82195,0.8640358843880938,-0.025888698857606262,-0.0033000408627842925,1.0
GEO_clinical_fields,DA_minus_NonDA,rna_qc_library,panel,8,5,intercept + female + age_per_10_years + bank_Umaryland + PMI_per_10_hours + PD,ATG16L1,tested,-0.03512108536198304,-0.2317218481915569,0.1614796774675908,0.08314249621079334,-0.4224203862359344,7.0,0.6550717319430754,0.62265,0.6853906347902814,-0.0059397551575933565,-0.08496469506364027,1.0
GEO_clinical_fields,DA_minus_NonDA,rna_qc_library,panel,8,5,intercept + female + age_per_10_years + bank_Umaryland + PMI_per_10_hours + PD,ATG2A,tested,-0.01090868557548995,-0.12150356888063915,0.09968619772965925,0.04677059505665516,-0.23323811814401352,7.0,0.6550717319430754,0.7888,0.82225007122342,-0.006685876313070745,-0.02427954926868215,1.0
GEO_clinical_fields,DA_minus_NonDA,rna_qc_library,panel,8,5,intercept + female + age_per_10_years + bank_Umaryland + PMI_per_10_hours + PD,ATG2B,tested,-0.054806518918256525,-0.13861846231777286,0.029005424481259826,0.035444085191846955,-1.5462810965950229,7.0,0.6550717319430754,0.0054,0.16595698003506004,-0.0011426061591465943,-0.07270628695936934,0.45000000000000007
GEO_clinical_fields,DA_minus_NonDA,rna_qc_library,panel,8,5,intercept + female + age_per_10_years + bank_Umaryland + PMI_per_10_hours + PD,ATG3,tested,-0.02459005301480452,-0.13131165443276516,0.08213154840315612,0.04513258348440063,-0.544840359588626,7.0,0.6550717319430754,0.5625,0.6027805636746522,-0.022976189708291815,-0.03550117996009407,1.0
GEO_clinical_fields,DA_minus_NonDA,rna_qc_library,panel,8,5,intercept + female + age_per_10_years + bank_Umaryland + PMI_per_10_hours + PD,ATG4B,tested,0.07468636071122345,0.0027677564659800424,0.14660496495646685,0.030414390030262004,2.455625795451143,7.0,0.6550717319430754,0.0227,0.043744929661670776,-0.03846544862314736,-0.013230050682360333,0.8474666666666668
GEO_clinical_fields,DA_minus_NonDA,rna_qc_library,panel,8,5,intercept + female + age_per_10_years + bank_Umaryland + PMI_per_10_hours + PD,ATG4C,tested,0.03541968564593273,-0.12366253941526059,0.19450191070712605,0.06727590017450956,0.5264840091928349,7.0,0.6550717319430754,0.5283,0.6148163975304957,0.01669738097683652,0.028444991063961266,1.0
GEO_clinical_fields,DA_minus_NonDA,rna_qc_library,panel,8,5,intercept + female + age_per_10_years + bank_Umaryland + PMI_per_10_hours + PD,ATG5,tested,-0.03625491568383387,-0.220774886017571,0.14826505464990325,0.07803352699901471,-0.46460690780120245,7.0,0.6550717319430754,0.5211,0.6563178725214409,0.023043541538817526,0.01631755860618046,1.0
GEO_clinical_fields,DA_minus_NonDA,rna_qc_library,panel,8,5,intercept + female + age_per_10_years + bank_Umaryland + PMI_per_10_hours + PD,ATG7,tested,0.0030392460472294758,-0.20938916993697068,0.2154676620314296,0.08983601343572405,0.033831043152911036,7.0,0.6550717319430754,0.9673,0.973956352782994,0.08507081198830226,0.13644848904161044,1.0
GEO_clinical_fields,DA_minus_NonDA,rna_qc_library,panel,8,5,intercept + female + age_per_10_years + bank_Umaryland + PMI_per_10_hours + PD,ATG9B,tested,-0.030071110988631876,-0.25025354843472647,0.19011132645746273,0.09311519043755911,-0.32294527721335503,7.0,0.6550717319430754,0.7313,0.7561693549575519,-0.00393130215270456,-0.0671977271901073,1.0
GEO_clinical_fields,DA_minus_NonDA,rna_qc_library,panel,8,5,intercept + female + age_per_10_years + bank_Umaryland + PMI_per_10_hours + PD,BCL2,tested,0.033932777865268805,-0.20093992384447118,0.2688054795750088,0.09932770570605003,0.34162450067747785,7.0,0.6550717319430754,0.63215,0.7426596243122638,-0.01899933500946132,-0.07393130830380536,1.0
GEO_clinical_fields,DA_minus_NonDA,rna_qc_library,panel,8,5,intercept + female + age_per_10_years + bank_Umaryland + PMI_per_10_hours + PD,BECN1,tested,0.025955197424409007,-0.13158712782139675,0.1834975226702148,0.06662467627932638,0.38957333639552555,7.0,0.6550717319430754,0.66795,0.7084330728326662,-0.01753581117958486,-0.014055637869535245,1.0
GEO_clinical_fields,DA_minus_NonDA,rna_qc_library,panel,8,5,intercept + female + age_per_10_years + bank_Umaryland + PMI_per_10_hours + PD,CALCOCO2,tested,0.004466843295255044,-0.0737155254341707,0.08264921202468078,0.033063337101453594,0.13509959026666624,7.0,0.6550717319430754,0.86835,0.896335862453606,0.006978938086323847,-0.058336126143574404,1.0
GEO_clinical_fields,DA_minus_NonDA,rna_qc_library,panel,8,5,intercept + female + age_per_10_years + bank_Umaryland + PMI_per_10_hours + PD,CLEC16A,tested,0.012776880515338377,-0.21332751573361386,0.2388812767642906,0.09561958782768461,0.1336219994836571,7.0,0.6550717319430754,0.84055,0.8974619206600047,0.03774911589186579,0.06430992208851652,1.0
GEO_clinical_fields,DA_minus_NonDA,rna_qc_library,panel,8,5,intercept + female + age_per_10_years + bank_Umaryland + PMI_per_10_hours + PD,CTNS,tested,0.06403227653989992,-0.1541905428682669,0.28225509594806675,0.09228646763431013,0.6938425338114695,7.0,0.6550717319430754,0.4157,0.5101428652966982,-0.014894446473565907,-0.031184151599889947,1.0
GEO_clinical_fields,DA_minus_NonDA,rna_qc_library,panel,8,5,intercept + female + age_per_10_years + bank_Umaryland + PMI_per_10_hours + PD,EPG5,tested,0.03020710841326131,-0.25371207078796487,0.31412628761448746,0.12006946942201073,0.25158026064970557,7.0,0.6550717319430754,0.71835,0.8085915786721988,0.0387332226723751,0.006620418862019991,1.0
GEO_clinical_fields,DA_minus_NonDA,rna_qc_library,panel,8,5,intercept + female + age_per_10_years + bank_Umaryland + PMI_per_10_hours + PD,GABARAP,tested,-0.051226422387226606,-0.22916771374970704,0.12671486897525383,0.07525140253740271,-0.6807371113351035,7.0,0.6550717319430754,0.4072,0.5179141030874588,0.04540617935779263,-0.024533068257605622,1.0
GEO_clinical_fields,DA_minus_NonDA,rna_qc_library,panel,8,5,intercept + female + age_per_10_years + bank_Umaryland + PMI_per_10_hours + PD,GABARAPL1,tested,0.10714239528957482,-0.29385417900353805,0.5081389695826877,0.16958151982150432,0.6318046648145932,7.0,0.6550717319430754,0.61005,0.5475852026287733,-0.03653217731020876,0.058669118508254646,1.0
GEO_clinical_fields,DA_minus_NonDA,rna_qc_library,panel,8,5,intercept + female + age_per_10_years + bank_Umaryland + PMI_per_10_hours + PD,GABARAPL2,tested,-0.06923486603577193,-0.3599054720669773,0.22143573999543342,0.12292464898260884,-0.5632301300739704,7.0,0.6550717319430754,0.53645,0.590854423173356,-0.03730181939452877,-0.03395556759686001,1.0
GEO_clinical_fields,DA_minus_NonDA,rna_qc_library,panel,8,5,intercept + female + age_per_10_years + bank_Umaryland + PMI_per_10_hours + PD,GRN,tested,-0.015386213833735188,-0.29019241314514455,0.2594199854776742,0.1162155886686846,-0.13239371765864616,7.0,0.6550717319430754,0.904,0.8983981758705595,0.012089354014264371,0.0003827968148869189,1.0
GEO_clinical_fields,DA_minus_NonDA,rna_qc_library,panel,8,5,intercept + female + age_per_10_years + bank_Umaryland + PMI_per_10_hours + PD,LAMP2,tested,-0.01976062642493874,-0.12829269373228275,0.08877144088240525,0.04589822981853165,-0.43053134081786054,7.0,0.6550717319430754,0.45795,0.6797543719048217,0.005614547590223536,0.013090646093599468,1.0
GEO_clinical_fields,DA_minus_NonDA,rna_qc_library,panel,8,5,intercept + female + age_per_10_years + bank_Umaryland + PMI_per_10_hours + PD,MAP1LC3A,tested,-0.09912593444952364,-0.28913253383767246,0.09088066493862518,0.08035382336409999,-1.2336181440970555,7.0,0.6550717319430754,0.1866,0.25715620949694135,-0.04448387487515933,-0.07568437882930952,1.0
GEO_clinical_fields,DA_minus_NonDA,rna_qc_library,panel,8,5,intercept + female + age_per_10_years + bank_Umaryland + PMI_per_10_hours + PD,MAP1LC3B,tested,0.06569662102903759,-0.09830427825404131,0.2296975203121165,0.06935600834382401,0.947237630853185,7.0,0.6550717319430754,0.2472,0.3750616814111523,-0.05591028758160767,0.016043551513223918,1.0
GEO_clinical_fields,DA_minus_NonDA,rna_qc_library,panel,8,5,intercept + female + age_per_10_years + bank_Umaryland + PMI_per_10_hours + PD,NBR1,tested,-0.10131108248595287,-0.23960435489216791,0.03698218992026216,0.0584842485427139,-1.7322798020044738,7.0,0.6550717319430754,0.0038,0.12682803877541318,0.008331688687704354,-0.053672566795576325,0.45000000000000007
GEO_clinical_fields,DA_minus_NonDA,rna_qc_library,panel,8,5,intercept + female + age_per_10_years + bank_Umaryland + PMI_per_10_hours + PD,OPTN,tested,0.05273175977945364,-0.2217109148262442,0.3271744343851515,0.11606185400849231,0.45434186994458337,7.0,0.6550717319430754,0.5178,0.6633360153338854,-0.07255178635787513,-0.004467119587300633,1.0
GEO_clinical_fields,DA_minus_NonDA,rna_qc_library,panel,8,5,intercept + female + age_per_10_years + bank_Umaryland + PMI_per_10_hours + PD,PIK3R4,tested,-0.15748587487038995,-0.4378678008037266,0.12289605106294671,0.11857356441030405,-1.3281702009516754,7.0,0.6550717319430754,0.01825,0.2257883372270723,0.045741800135228765,-0.02327826505707296,0.7665
GEO_clinical_fields,DA_minus_NonDA,rna_qc_library,panel,8,5,intercept + female + age_per_10_years + bank_Umaryland + PMI_per_10_hours + PD,PINK1,tested,0.09687745002048623,-0.26447600381316294,0.45823090385413534,0.15281643740195036,0.6339465287079765,7.0,0.6550717319430754,0.55475,0.5462650826038705,-0.08685033131748032,-0.07929265138193853,1.0
GEO_clinical_fields,DA_minus_NonDA,rna_qc_library,panel,8,5,intercept + female + age_per_10_years + bank_Umaryland + PMI_per_10_hours + PD,PRKN,tested,0.05276691113002009,-0.2542575535867278,0.35979137584676796,0.12984069861652223,0.4063973137256788,7.0,0.6550717319430754,0.5731,0.6965880617155309,0.09257335875955375,0.1095625266252852,1.0
GEO_clinical_fields,DA_minus_NonDA,rna_qc_library,panel,8,5,intercept + female + age_per_10_years + bank_Umaryland + PMI_per_10_hours + PD,RB1CC1,tested,-0.0002774445284909886,-0.14577117197132272,0.14521628291434074,0.061529322208663265,-0.004509143259373085,7.0,0.6550717319430754,0.9962,0.9965280502354017,0.029150727132642752,-0.006949534237642346,1.0
GEO_clinical_fields,DA_minus_NonDA,rna_qc_library,panel,8,5,intercept + female + age_per_10_years + bank_Umaryland + PMI_per_10_hours + PD,SNX14,tested,-0.01520088111882194,-0.22705124441927094,0.19664948218162703,0.08959155485694385,-0.1696686829812708,7.0,0.6550717319430754,0.8432,0.8700699745834461,0.03355181443299644,0.01298132770995009,1.0
GEO_clinical_fields,DA_minus_NonDA,rna_qc_library,panel,8,5,intercept + female + age_per_10_years + bank_Umaryland + PMI_per_10_hours + PD,SNX30,tested,-0.10058462791805478,-0.4846164116962896,0.28344715586018004,0.1624071070125222,-0.6193363687606315,7.0,0.6550717319430754,0.66245,0.5553082118428628,0.09571277213147984,0.03176806731538294,1.0
GEO_clinical_fields,DA_minus_NonDA,rna_qc_library,panel,8,5,intercept + female + age_per_10_years + bank_Umaryland + PMI_per_10_hours + PD,SNX4,tested,-0.030976480891929958,-0.14571125104150792,0.083758289257648,0.0485213539109044,-0.6384092444907744,7.0,0.6550717319430754,0.3562,0.5435207471916408,-0.010423482863004607,-0.08529178171907272,1.0
GEO_clinical_fields,DA_minus_NonDA,rna_qc_library,panel,8,5,intercept + female + age_per_10_years + bank_Umaryland + PMI_per_10_hours + PD,SPG11,tested,-0.006325267333986427,-0.23099188777803475,0.21834135311006192,0.09501155219399371,-0.06657366591666194,7.0,0.6550717319430754,0.9282,0.9487826486961815,0.02418635369376559,-0.00249221293029319,1.0
GEO_clinical_fields,DA_minus_NonDA,rna_qc_library,panel,8,5,intercept + female + age_per_10_years + bank_Umaryland + PMI_per_10_hours + PD,SQSTM1,tested,-0.029858403440395757,-0.22091697376327263,0.16120016688248112,0.08079870205223769,-0.3695406322380254,7.0,0.6550717319430754,0.6636,0.7226506338609437,0.010400424327873692,0.04889581014213139,1.0
GEO_clinical_fields,DA_minus_NonDA,rna_qc_library,panel,8,5,intercept + female + age_per_10_years + bank_Umaryland + PMI_per_10_hours + PD,TOLLIP,tested,0.05384361431504443,-0.006783652939302061,0.11447088156939092,0.025639281686484924,2.1000437911420384,7.0,0.6550717319430754,0.04375,0.0738664197882398,-0.026397956636861508,0.013802833390670654,0.9595764705882354
GEO_clinical_fields,DA_minus_NonDA,rna_qc_library,panel,8,5,intercept + female + age_per_10_years + bank_Umaryland + PMI_per_10_hours + PD,UVRAG,tested,-0.08703669429867895,-0.6823835473596408,0.5083101587622828,0.25177228593785944,-0.3456960879330488,7.0,0.6550717319430754,0.78135,0.73972751753808,0.013536233320708656,-0.017744467806940313,1.0
GEO_clinical_fields,DA_minus_NonDA,rna_qc_library,panel,8,5,intercept + female + age_per_10_years + bank_Umaryland + PMI_per_10_hours + PD,WDR45,tested,0.11530695313279853,-0.32534166994017155,0.5559555762057686,0.18635037802927903,0.6187642566235186,7.0,0.6550717319430754,0.65625,0.5556641465907757,-0.08753462078664723,-0.011410560903129594,1.0
GEO_clinical_fields,DA_minus_NonDA,rna_qc_library,panel,8,5,intercept + female + age_per_10_years + bank_Umaryland + PMI_per_10_hours + PD,WIPI1,tested,0.1125670969393288,-0.13613957835645168,0.3612737722351093,0.10517809550059344,1.0702522840289845,7.0,0.6550717319430754,0.23725,0.320014745708463,-0.07823288049149543,0.035731991363349945,1.0
GEO_clinical_fields,DA_minus_NonDA,rna_qc_library,panel,8,5,intercept + female + age_per_10_years + bank_Umaryland + PMI_per_10_hours + PD,WIPI2,tested,0.001917122390673504,-0.15810193116476245,0.16193617594610948,0.06767208510488164,0.028329589485860385,7.0,0.6550717319430754,0.97075,0.978190034502699,-0.04828365918744873,-0.10814053523627906,1.0
GEO_clinical_fields,DA_minus_NonDA,rna_qc_library,panel,8,5,intercept + female + age_per_10_years + bank_Umaryland + PMI_per_10_hours + PD,ZFYVE21,tested,0.04140805608601472,-0.14369503402232175,0.2265111461943512,0.07828012845138085,0.5289727662076197,7.0,0.6550717319430754,0.61415,0.6131769830260079,-0.04610314008848031,-0.012528509666711946,1.0
GEO_diagnosis,DA_minus_NonDA,rna_qc_library,panel,8,4,,ATG10,Fewer than five independent donors in an arm,,,,,,,,,,,,
GEO_diagnosis,DA_minus_NonDA,rna_qc_library,panel,8,4,,ATG12,Fewer than five independent donors in an arm,,,,,,,,,,,,
GEO_diagnosis,DA_minus_NonDA,rna_qc_library,panel,8,4,,ATG13,Fewer than five independent donors in an arm,,,,,,,,,,,,
GEO_diagnosis,DA_minus_NonDA,rna_qc_library,panel,8,4,,ATG16L1,Fewer than five independent donors in an arm,,,,,,,,,,,,
GEO_diagnosis,DA_minus_NonDA,rna_qc_library,panel,8,4,,ATG2A,Fewer than five independent donors in an arm,,,,,,,,,,,,
GEO_diagnosis,DA_minus_NonDA,rna_qc_library,panel,8,4,,ATG2B,Fewer than five independent donors in an arm,,,,,,,,,,,,
GEO_diagnosis,DA_minus_NonDA,rna_qc_library,panel,8,4,,ATG3,Fewer than five independent donors in an arm,,,,,,,,,,,,
GEO_diagnosis,DA_minus_NonDA,rna_qc_library,panel,8,4,,ATG4B,Fewer than five independent donors in an arm,,,,,,,,,,,,
GEO_diagnosis,DA_minus_NonDA,rna_qc_library,panel,8,4,,ATG4C,Fewer than five independent donors in an arm,,,,,,,,,,,,
GEO_diagnosis,DA_minus_NonDA,rna_qc_library,panel,8,4,,ATG5,Fewer than five independent donors in an arm,,,,,,,,,,,,
GEO_diagnosis,DA_minus_NonDA,rna_qc_library,panel,8,4,,ATG7,Fewer than five independent donors in an arm,,,,,,,,,,,,
GEO_diagnosis,DA_minus_NonDA,rna_qc_library,panel,8,4,,ATG9B,Fewer than five independent donors in an arm,,,,,,,,,,,,
GEO_diagnosis,DA_minus_NonDA,rna_qc_library,panel,8,4,,BCL2,Fewer than five independent donors in an arm,,,,,,,,,,,,
GEO_diagnosis,DA_minus_NonDA,rna_qc_library,panel,8,4,,BECN1,Fewer than five independent donors in an arm,,,,,,,,,,,,
GEO_diagnosis,DA_minus_NonDA,rna_qc_library,panel,8,4,,CALCOCO2,Fewer than five independent donors in an arm,,,,,,,,,,,,
GEO_diagnosis,DA_minus_NonDA,rna_qc_library,panel,8,4,,CLEC16A,Fewer than five independent donors in an arm,,,,,,,,,,,,
GEO_diagnosis,DA_minus_NonDA,rna_qc_library,panel,8,4,,CTNS,Fewer than five independent donors in an arm,,,,,,,,,,,,
GEO_diagnosis,DA_minus_NonDA,rna_qc_library,panel,8,4,,EPG5,Fewer than five independent donors in an arm,,,,,,,,,,,,
GEO_diagnosis,DA_minus_NonDA,rna_qc_library,panel,8,4,,GABARAP,Fewer than five independent donors in an arm,,,,,,,,,,,,
GEO_diagnosis,DA_minus_NonDA,rna_qc_library,panel,8,4,,GABARAPL1,Fewer than five independent donors in an arm,,,,,,,,,,,,
GEO_diagnosis,DA_minus_NonDA,rna_qc_library,panel,8,4,,GABARAPL2,Fewer than five independent donors in an arm,,,,,,,,,,,,
GEO_diagnosis,DA_minus_NonDA,rna_qc_library,panel,8,4,,GRN,Fewer than five independent donors in an arm,,,,,,,,,,,,
GEO_diagnosis,DA_minus_NonDA,rna_qc_library,panel,8,4,,LAMP2,Fewer than five independent donors in an arm,,,,,,,,,,,,
GEO_diagnosis,DA_minus_NonDA,rna_qc_library,panel,8,4,,MAP1LC3A,Fewer than five independent donors in an arm,,,,,,,,,,,,
GEO_diagnosis,DA_minus_NonDA,rna_qc_library,panel,8,4,,MAP1LC3B,Fewer than five independent donors in an arm,,,,,,,,,,,,
GEO_diagnosis,DA_minus_NonDA,rna_qc_library,panel,8,4,,NBR1,Fewer than five independent donors in an arm,,,,,,,,,,,,
GEO_diagnosis,DA_minus_NonDA,rna_qc_library,panel,8,4,,OPTN,Fewer than five independent donors in an arm,,,,,,,,,,,,
GEO_diagnosis,DA_minus_NonDA,rna_qc_library,panel,8,4,,PIK3R4,Fewer than five independent donors in an arm,,,,,,,,,,,,
GEO_diagnosis,DA_minus_NonDA,rna_qc_library,panel,8,4,,PINK1,Fewer than five independent donors in an arm,,,,,,,,,,,,
GEO_diagnosis,DA_minus_NonDA,rna_qc_library,panel,8,4,,PRKN,Fewer than five independent donors in an arm,,,,,,,,,,,,
GEO_diagnosis,DA_minus_NonDA,rna_qc_library,panel,8,4,,RB1CC1,Fewer than five independent donors in an arm,,,,,,,,,,,,
GEO_diagnosis,DA_minus_NonDA,rna_qc_library,panel,8,4,,SNX14,Fewer than five independent donors in an arm,,,,,,,,,,,,
GEO_diagnosis,DA_minus_NonDA,rna_qc_library,panel,8,4,,SNX30,Fewer than five independent donors in an arm,,,,,,,,,,,,
GEO_diagnosis,DA_minus_NonDA,rna_qc_library,panel,8,4,,SNX4,Fewer than five independent donors in an arm,,,,,,,,,,,,
GEO_diagnosis,DA_minus_NonDA,rna_qc_library,panel,8,4,,SPG11,Fewer than five independent donors in an arm,,,,,,,,,,,,
GEO_diagnosis,DA_minus_NonDA,rna_qc_library,panel,8,4,,SQSTM1,Fewer than five independent donors in an arm,,,,,,,,,,,,
GEO_diagnosis,DA_minus_NonDA,rna_qc_library,panel,8,4,,TOLLIP,Fewer than five independent donors in an arm,,,,,,,,,,,,
GEO_diagnosis,DA_minus_NonDA,rna_qc_library,panel,8,4,,UVRAG,Fewer than five independent donors in an arm,,,,,,,,,,,,
GEO_diagnosis,DA_minus_NonDA,rna_qc_library,panel,8,4,,WDR45,Fewer than five independent donors in an arm,,,,,,,,,,,,
GEO_diagnosis,DA_minus_NonDA,rna_qc_library,panel,8,4,,WIPI1,Fewer than five independent donors in an arm,,,,,,,,,,,,
GEO_diagnosis,DA_minus_NonDA,rna_qc_library,panel,8,4,,WIPI2,Fewer than five independent donors in an arm,,,,,,,,,,,,
GEO_diagnosis,DA_minus_NonDA,rna_qc_library,panel,8,4,,ZFYVE21,Fewer than five independent donors in an arm,,,,,,,,,,,,
exclude_4775,DA_minus_NonDA,rna_qc_library,panel,8,4,,ATG10,Fewer than five independent donors in an arm,,,,,,,,,,,,
exclude_4775,DA_minus_NonDA,rna_qc_library,panel,8,4,,ATG12,Fewer than five independent donors in an arm,,,,,,,,,,,,
exclude_4775,DA_minus_NonDA,rna_qc_library,panel,8,4,,ATG13,Fewer than five independent donors in an arm,,,,,,,,,,,,
exclude_4775,DA_minus_NonDA,rna_qc_library,panel,8,4,,ATG16L1,Fewer than five independent donors in an arm,,,,,,,,,,,,
exclude_4775,DA_minus_NonDA,rna_qc_library,panel,8,4,,ATG2A,Fewer than five independent donors in an arm,,,,,,,,,,,,
exclude_4775,DA_minus_NonDA,rna_qc_library,panel,8,4,,ATG2B,Fewer than five independent donors in an arm,,,,,,,,,,,,
exclude_4775,DA_minus_NonDA,rna_qc_library,panel,8,4,,ATG3,Fewer than five independent donors in an arm,,,,,,,,,,,,
exclude_4775,DA_minus_NonDA,rna_qc_library,panel,8,4,,ATG4B,Fewer than five independent donors in an arm,,,,,,,,,,,,
exclude_4775,DA_minus_NonDA,rna_qc_library,panel,8,4,,ATG4C,Fewer than five independent donors in an arm,,,,,,,,,,,,
exclude_4775,DA_minus_NonDA,rna_qc_library,panel,8,4,,ATG5,Fewer than five independent donors in an arm,,,,,,,,,,,,
exclude_4775,DA_minus_NonDA,rna_qc_library,panel,8,4,,ATG7,Fewer than five independent donors in an arm,,,,,,,,,,,,
exclude_4775,DA_minus_NonDA,rna_qc_library,panel,8,4,,ATG9B,Fewer than five independent donors in an arm,,,,,,,,,,,,
exclude_4775,DA_minus_NonDA,rna_qc_library,panel,8,4,,BCL2,Fewer than five independent donors in an arm,,,,,,,,,,,,
exclude_4775,DA_minus_NonDA,rna_qc_library,panel,8,4,,BECN1,Fewer than five independent donors in an arm,,,,,,,,,,,,
exclude_4775,DA_minus_NonDA,rna_qc_library,panel,8,4,,CALCOCO2,Fewer than five independent donors in an arm,,,,,,,,,,,,
exclude_4775,DA_minus_NonDA,rna_qc_library,panel,8,4,,CLEC16A,Fewer than five independent donors in an arm,,,,,,,,,,,,
exclude_4775,DA_minus_NonDA,rna_qc_library,panel,8,4,,CTNS,Fewer than five independent donors in an arm,,,,,,,,,,,,
exclude_4775,DA_minus_NonDA,rna_qc_library,panel,8,4,,EPG5,Fewer than five independent donors in an arm,,,,,,,,,,,,
exclude_4775,DA_minus_NonDA,rna_qc_library,panel,8,4,,GABARAP,Fewer than five independent donors in an arm,,,,,,,,,,,,
exclude_4775,DA_minus_NonDA,rna_qc_library,panel,8,4,,GABARAPL1,Fewer than five independent donors in an arm,,,,,,,,,,,,
exclude_4775,DA_minus_NonDA,rna_qc_library,panel,8,4,,GABARAPL2,Fewer than five independent donors in an arm,,,,,,,,,,,,
exclude_4775,DA_minus_NonDA,rna_qc_library,panel,8,4,,GRN,Fewer than five independent donors in an arm,,,,,,,,,,,,
exclude_4775,DA_minus_NonDA,rna_qc_library,panel,8,4,,LAMP2,Fewer than five independent donors in an arm,,,,,,,,,,,,
exclude_4775,DA_minus_NonDA,rna_qc_library,panel,8,4,,MAP1LC3A,Fewer than five independent donors in an arm,,,,,,,,,,,,
exclude_4775,DA_minus_NonDA,rna_qc_library,panel,8,4,,MAP1LC3B,Fewer than five independent donors in an arm,,,,,,,,,,,,
exclude_4775,DA_minus_NonDA,rna_qc_library,panel,8,4,,NBR1,Fewer than five independent donors in an arm,,,,,,,,,,,,
exclude_4775,DA_minus_NonDA,rna_qc_library,panel,8,4,,OPTN,Fewer than five independent donors in an arm,,,,,,,,,,,,
exclude_4775,DA_minus_NonDA,rna_qc_library,panel,8,4,,PIK3R4,Fewer than five independent donors in an arm,,,,,,,,,,,,
exclude_4775,DA_minus_NonDA,rna_qc_library,panel,8,4,,PINK1,Fewer than five independent donors in an arm,,,,,,,,,,,,
exclude_4775,DA_minus_NonDA,rna_qc_library,panel,8,4,,PRKN,Fewer than five independent donors in an arm,,,,,,,,,,,,
exclude_4775,DA_minus_NonDA,rna_qc_library,panel,8,4,,RB1CC1,Fewer than five independent donors in an arm,,,,,,,,,,,,
exclude_4775,DA_minus_NonDA,rna_qc_library,panel,8,4,,SNX14,Fewer than five independent donors in an arm,,,,,,,,,,,,
exclude_4775,DA_minus_NonDA,rna_qc_library,panel,8,4,,SNX30,Fewer than five independent donors in an arm,,,,,,,,,,,,
exclude_4775,DA_minus_NonDA,rna_qc_library,panel,8,4,,SNX4,Fewer than five independent donors in an arm,,,,,,,,,,,,
exclude_4775,DA_minus_NonDA,rna_qc_library,panel,8,4,,SPG11,Fewer than five independent donors in an arm,,,,,,,,,,,,
exclude_4775,DA_minus_NonDA,rna_qc_library,panel,8,4,,SQSTM1,Fewer than five independent donors in an arm,,,,,,,,,,,,
exclude_4775,DA_minus_NonDA,rna_qc_library,panel,8,4,,TOLLIP,Fewer than five independent donors in an arm,,,,,,,,,,,,
exclude_4775,DA_minus_NonDA,rna_qc_library,panel,8,4,,UVRAG,Fewer than five independent donors in an arm,,,,,,,,,,,,
exclude_4775,DA_minus_NonDA,rna_qc_library,panel,8,4,,WDR45,Fewer than five independent donors in an arm,,,,,,,,,,,,
exclude_4775,DA_minus_NonDA,rna_qc_library,panel,8,4,,WIPI1,Fewer than five independent donors in an arm,,,,,,,,,,,,
exclude_4775,DA_minus_NonDA,rna_qc_library,panel,8,4,,WIPI2,Fewer than five independent donors in an arm,,,,,,,,,,,,
exclude_4775,DA_minus_NonDA,rna_qc_library,panel,8,4,,ZFYVE21,Fewer than five independent donors in an arm,,,,,,,,,,,,
Sepulveda_only,DA_minus_NonDA,rna_qc_library,panel,6,5,intercept + female + age_per_10_years + PD,ATG10,tested,0.03339434953155992,-0.06170903506071667,0.1284977341238365,0.040219237602609856,0.8303078706144578,7.0,0.5589707492569996,0.2714,0.43376604694662035,-0.02394198433154798,0.013266851570191918,1.0
Sepulveda_only,DA_minus_NonDA,rna_qc_library,panel,6,5,intercept + female + age_per_10_years + PD,ATG12,tested,0.02576117508552823,-0.16187410211590292,0.21339645228695936,0.07935099080594428,0.32464843631919,7.0,0.5589707492569996,0.61295,0.7549336632667124,-0.03872128028442178,-0.02790876266950564,1.0
Sepulveda_only,DA_minus_NonDA,rna_qc_library,panel,6,5,intercept + female + age_per_10_years + PD,ATG13,tested,0.035479677019626066,-0.169763416336593,0.24072277037584514,0.08679733926797367,0.40876456950008483,7.0,0.5589707492569996,0.61775,0.6949285455226547,-0.025854606534590888,-0.0033000408627842925,1.0
Sepulveda_only,DA_minus_NonDA,rna_qc_library,panel,6,5,intercept + female + age_per_10_years + PD,ATG16L1,tested,-0.05841627748169431,-0.278552662146228,0.16172010718283936,0.09309571470836397,-0.6274862131376497,7.0,0.5589707492569996,0.49965,0.5502527186690025,-0.029833760327935017,-0.08496469506364027,1.0
Sepulveda_only,DA_minus_NonDA,rna_qc_library,panel,6,5,intercept + female + age_per_10_years + PD,ATG2A,tested,-0.023623955639385824,-0.13619549888917876,0.08894758761040711,0.047606524885167735,-0.49623356664594714,7.0,0.5589707492569996,0.6581,0.634930045719728,-0.005648749051947164,-0.02427954926868215,1.0
Sepulveda_only,DA_minus_NonDA,rna_qc_library,panel,6,5,intercept + female + age_per_10_years + PD,ATG2B,tested,-0.09999470823682645,-0.237960801127447,0.037971384653794085,0.05834588426963554,-1.7138262533603568,7.0,0.5589707492569996,0.03635,0.13028243312124207,-0.010241158301147453,-0.07270628695936934,0.8936780487804877
Sepulveda_only,DA_minus_NonDA,rna_qc_library,panel,6,5,intercept + female + age_per_10_years + PD,ATG3,tested,-0.02743697536056334,-0.15096409473231573,0.09609014401118904,0.05223963990007068,-0.5252137153519355,7.0,0.5589707492569996,0.69225,0.6156540873054283,-0.020060031919447083,-0.03550117996009407,1.0
Sepulveda_only,DA_minus_NonDA,rna_qc_library,panel,6,5,intercept + female + age_per_10_years + PD,ATG4B,tested,0.08236100565578654,0.004830233489575966,0.1598917778219971,0.03278777680347527,2.5119423664936273,7.0,0.5589707492569996,0.0751,0.04028232816279365,-0.04566516225297659,-0.013230050682360333,1.0
Sepulveda_only,DA_minus_NonDA,rna_qc_library,panel,6,5,intercept + female + age_per_10_years + PD,ATG4C,tested,0.05317536829181,-0.1268661090365434,0.2332168456201634,0.07613957154141071,0.6983933218338251,7.0,0.5589707492569996,0.31905,0.5074619078046119,-0.0049507309021341,0.028444991063961266,1.0
Sepulveda_only,DA_minus_NonDA,rna_qc_library,panel,6,5,intercept + female + age_per_10_years + PD,ATG5,tested,-0.05254595271867302,-0.22400168541455798,0.11890977997721194,0.07250865866855147,-0.7246852125463921,7.0,0.5589707492569996,0.39735,0.49215139289417786,0.013811475087184527,0.01631755860618046,1.0
Sepulveda_only,DA_minus_NonDA,rna_qc_library,panel,6,5,intercept + female + age_per_10_years + PD,ATG7,tested,0.02881953554741141,-0.1405857631369345,0.1982248342317573,0.0716415297745367,0.40227415073504813,7.0,0.5589707492569996,0.57675,0.6994827744897556,0.08819148283473006,0.13644848904161044,1.0
Sepulveda_only,DA_minus_NonDA,rna_qc_library,panel,6,5,intercept + female + age_per_10_years + PD,ATG9B,tested,-0.013705378650138298,-0.24158537887683088,0.21417462157655429,0.09637049105342194,-0.14221551120395215,7.0,0.5589707492569996,0.88705,0.8909165217206167,-0.010759369920817217,-0.0671977271901073,1.0
Sepulveda_only,DA_minus_NonDA,rna_qc_library,panel,6,5,intercept + female + age_per_10_years + PD,BCL2,tested,0.04150608339486443,-0.21635664474135935,0.29936881153108824,0.10905019181210311,0.3806144923282731,7.0,0.5589707492569996,0.702,0.714776347229908,-0.06330923640072238,-0.07393130830380536,1.0
Sepulveda_only,DA_minus_NonDA,rna_qc_library,panel,6,5,intercept + female + age_per_10_years + PD,BECN1,tested,0.0335598376119156,-0.11199854105218655,0.17911821627601776,0.061556663221191056,0.5451861074945746,7.0,0.5589707492569996,0.61525,0.6025551158611612,-0.014387048044706391,-0.014055637869535245,1.0
Sepulveda_only,DA_minus_NonDA,rna_qc_library,panel,6,5,intercept + female + age_per_10_years + PD,CALCOCO2,tested,-0.029291052855563087,-0.09408013282152866,0.03549802711040248,0.02739931299371732,-1.0690433319360797,7.0,0.5589707492569996,0.2425,0.3205227882129451,-0.00526627868813746,-0.058336126143574404,1.0
Sepulveda_only,DA_minus_NonDA,rna_qc_library,panel,6,5,intercept + female + age_per_10_years + PD,CLEC16A,tested,-0.004720912355409443,-0.18360542585176284,0.17416360114094395,0.07565029133906749,-0.06240441737692898,7.0,0.5589707492569996,0.94015,0.9519852783802418,0.03273980939003555,0.06430992208851652,1.0
Sepulveda_only,DA_minus_NonDA,rna_qc_library,panel,6,5,intercept + female + age_per_10_years + PD,CTNS,tested,0.057182578566608695,-0.13780255904758099,0.25216771618079836,0.08245924803100584,0.6934647105332229,7.0,0.5589707492569996,0.45605,0.5103658562581922,-0.041676611746163085,-0.031184151599889947,1.0
Sepulveda_only,DA_minus_NonDA,rna_qc_library,panel,6,5,intercept + female + age_per_10_years + PD,EPG5,tested,0.001410962425235883,-0.24814952167512622,0.250971446525598,0.10553917139001512,0.01336908757812525,7.0,0.5589707492569996,0.9844,0.9897063815913879,0.014527083863304991,0.006620418862019991,1.0
Sepulveda_only,DA_minus_NonDA,rna_qc_library,panel,6,5,intercept + female + age_per_10_years + PD,GABARAP,tested,-0.0575223309184265,-0.2569777107707538,0.14193304893390085,0.08434971423773095,-0.6819505132679614,7.0,0.5589707492569996,0.52955,0.5171914364555534,0.04464217652892629,-0.024533068257605622,1.0
Sepulveda_only,DA_minus_NonDA,rna_qc_library,panel,6,5,intercept + female + age_per_10_years + PD,GABARAPL1,tested,0.13234143170050777,-0.305235760781077,0.5699186241820926,0.18505146950710136,0.7151601230350088,7.0,0.5589707492569996,0.61435,0.49766284176056985,-0.03075540629688168,0.058669118508254646,1.0
Sepulveda_only,DA_minus_NonDA,rna_qc_library,panel,6,5,intercept + female + age_per_10_years + PD,GABARAPL2,tested,-0.0649926087961689,-0.3951465018676626,0.26516128427532476,0.13962213782186897,-0.4654892827890015,7.0,0.5589707492569996,0.7032,0.6557163174570138,-0.023211647570606803,-0.03395556759686001,1.0
Sepulveda_only,DA_minus_NonDA,rna_qc_library,panel,6,5,intercept + female + age_per_10_years + PD,GRN,tested,-0.037564071907674725,-0.32819100933842366,0.25306286552307417,0.12290618152401037,-0.30563208002956616,7.0,0.5589707492569996,0.76875,0.7687734314175598,0.01750660428677911,0.0003827968148869189,1.0
Sepulveda_only,DA_minus_NonDA,rna_qc_library,panel,6,5,intercept + female + age_per_10_years + PD,LAMP2,tested,-0.03046378350576116,-0.13744896911895108,0.07652140210742875,0.0452440532856245,-0.6733212719347691,7.0,0.5589707492569996,0.3007,0.5223446546152958,0.014226592652440528,0.013090646093599468,1.0
Sepulveda_only,DA_minus_NonDA,rna_qc_library,panel,6,5,intercept + female + age_per_10_years + PD,MAP1LC3A,tested,-0.07300856139748146,-0.24493650709452802,0.0989193842995651,0.07270835762747056,-1.0041288756864655,7.0,0.5589707492569996,0.41855,0.3487569413225422,-0.01301315521317467,-0.07568437882930952,1.0
Sepulveda_only,DA_minus_NonDA,rna_qc_library,panel,6,5,intercept + female + age_per_10_years + PD,MAP1LC3B,tested,0.07241808555725328,-0.0656531000574355,0.21048927117194205,0.058390328000610274,1.2402411159001605,7.0,0.5589707492569996,0.1558,0.25484344373067225,-0.041759625314711,0.016043551513223918,1.0
Sepulveda_only,DA_minus_NonDA,rna_qc_library,panel,6,5,intercept + female + age_per_10_years + PD,NBR1,tested,-0.0879706036055898,-0.2180525601551418,0.04211135294396219,0.05501168166315377,-1.5991258755594733,7.0,0.5589707492569996,0.01055,0.15382529172809767,0.009542615334841815,-0.053672566795576325,0.6188000000000001
Sepulveda_only,DA_minus_NonDA,rna_qc_library,panel,6,5,intercept + female + age_per_10_years + PD,OPTN,tested,0.04998570391949506,-0.22333660815942605,0.3233080159984162,0.11558805250438524,0.43244697731712956,7.0,0.5589707492569996,0.56355,0.6784263867350171,-0.07579719365822302,-0.004467119587300633,1.0
Sepulveda_only,DA_minus_NonDA,rna_qc_library,panel,6,5,intercept + female + age_per_10_years + PD,PIK3R4,tested,-0.1648889069517626,-0.48399839668557176,0.15422058278204662,0.13495145776225032,-1.2218386498814584,7.0,0.5589707492569996,0.13775,0.26131369975480456,0.04785389396293085,-0.02327826505707296,1.0
Sepulveda_only,DA_minus_NonDA,rna_qc_library,panel,6,5,intercept + female + age_per_10_years + PD,PINK1,tested,0.10782236387823688,-0.15767008752624065,0.3733148152827144,0.11227680308659795,0.9603262732291602,7.0,0.5589707492569996,0.1625,0.36887969190534553,-0.07136308765186436,-0.07929265138193853,1.0
Sepulveda_only,DA_minus_NonDA,rna_qc_library,panel,6,5,intercept + female + age_per_10_years + PD,PRKN,tested,0.06307684693898133,-0.2938060189098146,0.41995971278777733,0.15092582497888013,0.4179327623208819,7.0,0.5589707492569996,0.7103,0.6885183480220447,0.0747245095709093,0.1095625266252852,1.0
Sepulveda_only,DA_minus_NonDA,rna_qc_library,panel,6,5,intercept + female + age_per_10_years + PD,RB1CC1,tested,-0.025443668968352644,-0.16351663904613953,0.11262930110943423,0.05839108265035953,-0.43574579907529737,7.0,0.5589707492569996,0.6572,0.6761424009314917,0.02213162020227639,-0.006949534237642346,1.0
Sepulveda_only,DA_minus_NonDA,rna_qc_library,panel,6,5,intercept + female + age_per_10_years + PD,SNX14,tested,0.017854886075742402,-0.25115566111210913,0.286865433263594,0.11376460639482795,0.15694587834968446,7.0,0.5589707492569996,0.9631,0.8797183643857517,0.017322711165819103,0.01298132770995009,1.0
Sepulveda_only,DA_minus_NonDA,rna_qc_library,panel,6,5,intercept + female + age_per_10_years + PD,SNX30,tested,-0.13360022994489112,-0.5882876407501483,0.32108718086036603,0.19228738376128443,-0.6947945691057371,7.0,0.5589707492569996,0.70965,0.5095812521049246,0.10448342083334176,0.03176806731538294,1.0
Sepulveda_only,DA_minus_NonDA,rna_qc_library,panel,6,5,intercept + female + age_per_10_years + PD,SNX4,tested,-0.036293841376136164,-0.12702638559684856,0.05443870284457624,0.03837080846225205,-0.9458711669273495,7.0,0.5589707492569996,0.15775,0.3757115873535173,-0.015557244032491738,-0.08529178171907272,1.0
Sepulveda_only,DA_minus_NonDA,rna_qc_library,panel,6,5,intercept + female + age_per_10_years + PD,SPG11,tested,-0.025558503918278252,-0.31438199923380655,0.26326499139725007,0.12214350554517354,-0.20924979845797612,7.0,0.5589707492569996,0.8295,0.840212482084374,0.011619670462127226,-0.00249221293029319,1.0
Sepulveda_only,DA_minus_NonDA,rna_qc_library,panel,6,5,intercept + female + age_per_10_years + PD,SQSTM1,tested,-0.030786382589084116,-0.1706170545417521,0.10904428936358387,0.0591344150737372,-0.5206170138098986,7.0,0.5589707492569996,0.63725,0.6186904925204545,0.005128592628084687,0.04889581014213139,1.0
Sepulveda_only,DA_minus_NonDA,rna_qc_library,panel,6,5,intercept + female + age_per_10_years + PD,TOLLIP,tested,0.060871101663907135,0.028687538262688293,0.09305466506512597,0.01361043446436288,4.472384906102009,7.0,0.5589707492569996,5e-05,0.002892629234824826,-0.01317295236268672,0.013802833390670654,0.025200000000000004
Sepulveda_only,DA_minus_NonDA,rna_qc_library,panel,6,5,intercept + female + age_per_10_years + PD,UVRAG,tested,-0.1417801411423661,-0.7979968076744948,0.5144365253897625,0.2775141404609025,-0.5108933941416248,7.0,0.5589707492569996,0.82075,0.6251398673210563,-0.0035187439945098694,-0.017744467806940313,1.0
Sepulveda_only,DA_minus_NonDA,rna_qc_library,panel,6,5,intercept + female + age_per_10_years + PD,WDR45,tested,0.15430808583333128,-0.2798881547790237,0.5885043264456862,0.18362166438360858,0.8403588234063842,7.0,0.5589707492569996,0.5172,0.428474070401176,-0.07025595727914659,-0.011410560903129594,1.0
Sepulveda_only,DA_minus_NonDA,rna_qc_library,panel,6,5,intercept + female + age_per_10_years + PD,WIPI1,tested,0.08031582684004815,-0.10119781145757395,0.26182946513767025,0.07676214866698984,1.0462946678118001,7.0,0.5589707492569996,0.2253,0.3302032130205665,-0.065477371466568,0.035731991363349945,1.0
Sepulveda_only,DA_minus_NonDA,rna_qc_library,panel,6,5,intercept + female + age_per_10_years + PD,WIPI2,tested,-0.00945806613782078,-0.17578967379827717,0.15687354152263563,0.07034166531506655,-0.1344589454266865,7.0,0.5589707492569996,0.84015,0.8968240606337643,-0.036183924661037294,-0.10814053523627906,1.0
Sepulveda_only,DA_minus_NonDA,rna_qc_library,panel,6,5,intercept + female + age_per_10_years + PD,ZFYVE21,tested,0.04809040452896896,-0.14591778215021478,0.2420985912081527,0.08204609531357578,0.586138857006784,7.0,0.5589707492569996,0.6952,0.5761857629652104,-0.032150333238949384,-0.012528509666711946,1.0
published_primary,DA,spearman_qc_library,panel,8,5,intercept + female + age_per_10_years + bank_Umaryland + PD,ATG10,tested,0.031323013584445024,-0.06485187697056807,0.1274979041394581,0.041706295792752916,0.7510380145025457,8.0,0.6049802273850715,0.40735,0.47414012562951546,-0.02155798785819502,-0.007154759078236708,1.0
published_primary,DA,spearman_qc_library,panel,8,5,intercept + female + age_per_10_years + bank_Umaryland + PD,ATG12,tested,0.019753774393271008,-0.12470016321786531,0.1642077120044073,0.06264253190900974,0.3153412512438672,8.0,0.6049802273850715,0.73955,0.7605714220612795,-0.0003562261771377778,0.007565117670651067,1.0
published_primary,DA,spearman_qc_library,panel,8,5,intercept + female + age_per_10_years + bank_Umaryland + PD,ATG13,tested,0.006668584008874014,-0.13265811670461256,0.1459952847223606,0.06041910272267156,0.11037211259960844,8.0,0.6049802273850715,0.89705,0.9148329120595575,-0.01677814054187172,-0.04160725962149549,1.0
published_primary,DA,spearman_qc_library,panel,8,5,intercept + female + age_per_10_years + bank_Umaryland + PD,ATG16L1,tested,-0.002372015796287784,-0.09987264981187657,0.09512861821930099,0.04228120519574777,-0.05610095041771274,8.0,0.6049802273850715,0.92805,0.9566372226095361,-0.03384979454283872,-0.06807798351650515,1.0
published_primary,DA,spearman_qc_library,panel,8,5,intercept + female + age_per_10_years + bank_Umaryland + PD,ATG2A,tested,-0.06423564761581534,-0.26912475856146695,0.1406534633298363,0.08885027907492744,-0.7229650630770154,8.0,0.6049802273850715,0.54925,0.4902950734293938,0.0031833514905690082,0.006945258099593782,1.0
published_primary,DA,spearman_qc_library,panel,8,5,intercept + female + age_per_10_years + bank_Umaryland + PD,ATG2B,tested,-0.1345490559897077,-0.28853974092986445,0.01944162895044907,0.06677814779283922,-2.0148665459711315,8.0,0.6049802273850715,0.0252,0.07868238216020502,0.01948939846079222,-0.07020572907168277,0.8936780487804877
published_primary,DA,spearman_qc_library,panel,8,5,intercept + female + age_per_10_years + bank_Umaryland + PD,ATG3,tested,0.04290531270489079,-0.06696660929227807,0.15277723470205964,0.04764602123993108,0.9005014813059101,8.0,0.6049802273850715,0.3108,0.39415297373116964,-0.023882962830621746,0.026472111719124287,1.0
published_primary,DA,spearman_qc_library,panel,8,5,intercept + female + age_per_10_years + bank_Umaryland + PD,ATG4B,tested,0.03715146227125617,-0.04848140222719551,0.12278432676970785,0.037134740219020676,1.0004503075055022,8.0,0.6049802273850715,0.2414,0.34638856643604393,-0.023853602778428778,-0.025975799293366207,1.0
published_primary,DA,spearman_qc_library,panel,8,5,intercept + female + age_per_10_years + bank_Umaryland + PD,ATG4C,tested,0.06636559628148658,-0.042369494411003156,0.17510068697397632,0.04715303370039977,1.407451251242058,8.0,0.6049802273850715,0.3077,0.19693982329054188,-0.005609940411321233,0.01119409365159137,1.0
published_primary,DA,spearman_qc_library,panel,8,5,intercept + female + age_per_10_years + bank_Umaryland + PD,ATG5,tested,-0.04834586701843429,-0.217936102893566,0.1212443688566974,0.07354290189626114,-0.6573831841260557,8.0,0.6049802273850715,0.5015,0.5293901953954636,0.02339238870603123,0.007941141689413416,1.0
published_primary,DA,spearman_qc_library,panel,8,5,intercept + female + age_per_10_years + bank_Umaryland + PD,ATG7,tested,0.018355746614979587,-0.15335888534563052,0.19007037857558973,0.07446414746265198,0.24650448894464336,8.0,0.6049802273850715,0.7568,0.8114991003697831,0.05768304471460667,0.11073569494472721,1.0
published_primary,DA,spearman_qc_library,panel,8,5,intercept + female + age_per_10_years + bank_Umaryland + PD,ATG9B,tested,-0.14056852833533828,-0.3908327578945469,0.10969570122387035,0.1085272249763711,-1.2952374702840077,8.0,0.6049802273850715,0.0567,0.23136295121447326,0.013425471984524179,-0.07334093155063076,0.9718800000000001
published_primary,DA,spearman_qc_library,panel,8,5,intercept + female + age_per_10_years + bank_Umaryland + PD,BCL2,tested,0.05036160054147989,-0.12247821697597505,0.22320141805893484,0.07495208481703515,0.6719172744082721,8.0,0.6049802273850715,0.46065,0.520564566819467,-0.0776196573831977,-0.12102261101198941,1.0
published_primary,DA,spearman_qc_library,panel,8,5,intercept + female + age_per_10_years + bank_Umaryland + PD,BECN1,tested,-0.02696463491691603,-0.09053433832832726,0.0366050684944952,0.02756703791014291,-0.9781477068667854,8.0,0.6049802273850715,0.2772,0.35664985763192475,-0.011148019401930196,-0.050826209431072265,1.0
published_primary,DA,spearman_qc_library,panel,8,5,intercept + female + age_per_10_years + bank_Umaryland + PD,CALCOCO2,tested,0.03019108347162077,-0.15948858938595087,0.21987075632919242,0.08225469762864357,0.36704388128596466,8.0,0.6049802273850715,0.90855,0.7231054500848529,-0.009175454865961254,-0.03160494595013533,1.0
published_primary,DA,spearman_qc_library,panel,8,5,intercept + female + age_per_10_years + bank_Umaryland + PD,CLEC16A,tested,0.02635672936985025,-0.09950987958185709,0.1522233383215576,0.0545821263021655,0.48288205600382716,8.0,0.6049802273850715,0.53255,0.6421164903763943,-0.01908592203499699,0.02244190187721868,1.0
published_primary,DA,spearman_qc_library,panel,8,5,intercept + female + age_per_10_years + bank_Umaryland + PD,CTNS,tested,-0.032997933408184375,-0.1536605029227131,0.08766463610634437,0.05232539165103562,-0.6306294586049463,8.0,0.6049802273850715,0.56135,0.5458718881931135,-0.0017494230395442758,-0.04067453568168345,1.0
published_primary,DA,spearman_qc_library,panel,8,5,intercept + female + age_per_10_years + bank_Umaryland + PD,EPG5,tested,0.02584985352938947,-0.2305654679659931,0.282265175024772,0.11119464948039737,0.2324738973519276,8.0,0.6049802273850715,0.7996,0.8220069551811566,0.009007969126508614,-0.014577543604955067,1.0
published_primary,DA,spearman_qc_library,panel,8,5,intercept + female + age_per_10_years + bank_Umaryland + PD,GABARAP,tested,-0.044894476159845736,-0.13973027821090894,0.04994132589121748,0.04112559930413604,-1.0916430865320097,8.0,0.6049802273850715,0.18545,0.30677231546187445,0.03162611777531079,-0.017596664047938682,1.0
published_primary,DA,spearman_qc_library,panel,8,5,intercept + female + age_per_10_years + bank_Umaryland + PD,GABARAPL1,tested,0.06458422654594413,-0.13838787352119208,0.2675563266130803,0.08801896622106403,0.7337535228911644,8.0,0.6049802273850715,0.58985,0.48404507512087425,0.0044869931916476456,0.04779780457236693,1.0
published_primary,DA,spearman_qc_library,panel,8,5,intercept + female + age_per_10_years + bank_Umaryland + PD,GABARAPL2,tested,-0.025867904426945178,-0.20341453530947823,0.1516787264555879,0.07699319710021411,-0.33597649404369573,8.0,0.6049802273850715,0.6498,0.7455307367564593,-0.008705401393420876,0.0005560096775768464,1.0
published_primary,DA,spearman_qc_library,panel,8,5,intercept + female + age_per_10_years + bank_Umaryland + PD,GRN,tested,-0.03579115064833521,-0.30360669597066925,0.23202439467399882,0.1161383630036112,-0.3081768136100069,8.0,0.6049802273850715,0.75605,0.7658193014247356,0.004391705424288225,-0.00045530787980735675,1.0
published_primary,DA,spearman_qc_library,panel,8,5,intercept + female + age_per_10_years + bank_Umaryland + PD,LAMP2,tested,0.002212860646853949,-0.06601477262770557,0.07044049392141345,0.029586951835007085,0.07479177507686706,8.0,0.6049802273850715,0.89635,0.9422167865481216,-0.003291072313834891,-0.006776054461946954,1.0
published_primary,DA,spearman_qc_library,panel,8,5,intercept + female + age_per_10_years + bank_Umaryland + PD,MAP1LC3A,tested,-0.05051010475652345,-0.21968544275281193,0.11866523323976502,0.07336298119597272,-0.6884958044657026,8.0,0.6049802273850715,0.3939,0.51060899820604,-0.017934460938225993,-0.05923614378245088,1.0
published_primary,DA,spearman_qc_library,panel,8,5,intercept + female + age_per_10_years + bank_Umaryland + PD,MAP1LC3B,tested,0.10489758147038836,-0.07705306264931355,0.28684822559009027,0.07890299993632444,1.3294498505131849,8.0,0.6049802273850715,0.13725,0.22035870764083268,-0.015829835395846863,0.030993009832540903,1.0
published_primary,DA,spearman_qc_library,panel,8,5,intercept + female + age_per_10_years + bank_Umaryland + PD,NBR1,tested,-0.07356752566531208,-0.18900032943478556,0.04186527810416141,0.05005750077191559,-1.4696603811788107,8.0,0.6049802273850715,0.0328,0.1798508276363123,0.008203473359002319,-0.031593922905304196,0.8936780487804877
published_primary,DA,spearman_qc_library,panel,8,5,intercept + female + age_per_10_years + bank_Umaryland + PD,OPTN,tested,0.031139925867901763,-0.17722606587876033,0.23950591761456386,0.09035803040467957,0.3446282054670489,8.0,0.6049802273850715,0.6938,0.7392585874747659,-0.015969054348020515,0.05180737878465127,1.0
published_primary,DA,spearman_qc_library,panel,8,5,intercept + female + age_per_10_years + bank_Umaryland + PD,PIK3R4,tested,-0.05652966069612807,-0.13126672101492037,0.01820739962266424,0.0324097685617163,-1.7442167347934456,8.0,0.6049802273850715,0.07905,0.11927733583834206,0.013391855975000047,-0.043718016983072164,1.0
published_primary,DA,spearman_qc_library,panel,8,5,intercept + female + age_per_10_years + bank_Umaryland + PD,PINK1,tested,0.06395833535870282,-0.10341529822416107,0.2313319689415667,0.07258167105604163,0.8811912763667211,8.0,0.6049802273850715,0.40805,0.4039105745281327,-0.022059990887114335,-0.009475974629513016,1.0
published_primary,DA,spearman_qc_library,panel,8,5,intercept + female + age_per_10_years + bank_Umaryland + PD,PRKN,tested,0.019220469774535127,-0.11110325894982823,0.14954419849889847,0.05651495881748599,0.34009526285964886,8.0,0.6049802273850715,0.716,0.7425422384622871,0.015303234606357342,0.041377640897095044,1.0
published_primary,DA,spearman_qc_library,panel,8,5,intercept + female + age_per_10_years + bank_Umaryland + PD,RB1CC1,tested,-0.0549945537115734,-0.2279690774845693,0.11797997006142251,0.07501050026109028,-0.7331580714720333,8.0,0.6049802273850715,0.6197,0.4843886816556272,0.019510518225658253,-0.016686679064375303,1.0
published_primary,DA,spearman_qc_library,panel,8,5,intercept + female + age_per_10_years + bank_Umaryland + PD,SNX14,tested,0.007407372306225195,-0.1470713120328962,0.1618860566453466,0.06698976900875589,0.11057468051960316,8.0,0.6049802273850715,0.92095,0.9146773174331616,0.005216583745559041,-0.012562544020418972,1.0
published_primary,DA,spearman_qc_library,panel,8,5,intercept + female + age_per_10_years + bank_Umaryland + PD,SNX30,tested,-0.06541718501915006,-0.3528768565897107,0.22204248655141057,0.12465704948373858,-0.5247772612144465,8.0,0.6049802273850715,0.77985,0.613965337518105,0.04533312373693735,-0.018850926554036716,1.0
published_primary,DA,spearman_qc_library,panel,8,5,intercept + female + age_per_10_years + bank_Umaryland + PD,SNX4,tested,0.0694641610201915,-0.14429277228491494,0.2832210943252979,0.09269581526661622,0.7493775292918595,8.0,0.6049802273850715,0.4631,0.4750858601348573,-0.023489746493965732,-0.05695571581110133,1.0
published_primary,DA,spearman_qc_library,panel,8,5,intercept + female + age_per_10_years + bank_Umaryland + PD,SPG11,tested,-0.06479375611251337,-0.3222736475842757,0.19268613535924894,0.11165630085396022,-0.5802964599128153,8.0,0.6049802273850715,0.6044,0.5776895419244414,0.01757571141144932,-0.016924045314161286,1.0
published_primary,DA,spearman_qc_library,panel,8,5,intercept + female + age_per_10_years + bank_Umaryland + PD,SQSTM1,tested,0.04044645088836225,-0.024449190485516296,0.10534209226224078,0.02814203165899329,1.4372256906845196,8.0,0.6049802273850715,0.109,0.18859013463065413,-0.014665964077979,0.06561919359819457,1.0
published_primary,DA,spearman_qc_library,panel,8,5,intercept + female + age_per_10_years + bank_Umaryland + PD,TOLLIP,tested,0.032068368278929754,-0.12241446794340721,0.18655120450126672,0.06699156947526524,0.4786925956522051,8.0,0.6049802273850715,0.53395,0.6449667997418693,0.016496467973779294,0.03149384265247203,1.0
published_primary,DA,spearman_qc_library,panel,8,5,intercept + female + age_per_10_years + bank_Umaryland + PD,UVRAG,tested,-0.10048490538370314,-0.4924827985497077,0.29151298778230145,0.1699901085217837,-0.5911220732636118,8.0,0.6049802273850715,0.677,0.5707585369918222,0.011680018873802652,-0.030164081858763337,1.0
published_primary,DA,spearman_qc_library,panel,8,5,intercept + female + age_per_10_years + bank_Umaryland + PD,WDR45,tested,0.001247442608431737,-0.15789541022114148,0.16039029543800495,0.06901238831788575,0.018075633068743407,8.0,0.6049802273850715,0.97605,0.9860211971366433,-0.018323950591850702,-0.020674735570879427,1.0
published_primary,DA,spearman_qc_library,panel,8,5,intercept + female + age_per_10_years + bank_Umaryland + PD,WIPI1,tested,-0.0004615936668881009,-0.07341706581197954,0.07249387847820335,0.03163718184054154,-0.01459022706935896,8.0,0.6049802273850715,0.9774,0.9887163973253938,0.004030609808850807,0.03598123687835124,1.0
published_primary,DA,spearman_qc_library,panel,8,5,intercept + female + age_per_10_years + bank_Umaryland + PD,WIPI2,tested,0.021150992781527742,-0.141373180059414,0.18367516562246947,0.0704786996570541,0.30010475341411574,8.0,0.6049802273850715,0.6999,0.7717474445238739,-0.03625661651095556,-0.07565596657619504,1.0
published_primary,DA,spearman_qc_library,panel,8,5,intercept + female + age_per_10_years + bank_Umaryland + PD,ZFYVE21,tested,0.007330982339021833,-0.08839176074421279,0.10305372542225646,0.04151022178537829,0.17660667719207718,8.0,0.6049802273850715,0.83425,0.8642064112984056,-0.014790029989723393,0.0001691447423726844,1.0
published_PMI,DA,spearman_qc_library,panel,8,5,intercept + female + age_per_10_years + bank_Umaryland + PMI_per_10_hours + PD,ATG10,tested,0.018354577824848683,-0.07965147403278691,0.11636062968248428,0.04144677608535984,0.44284693668446823,7.0,0.6691010890576756,0.53395,0.6712382401184543,-0.02155798785819502,-0.007154759078236708,1.0
published_PMI,DA,spearman_qc_library,panel,8,5,intercept + female + age_per_10_years + bank_Umaryland + PMI_per_10_hours + PD,ATG12,tested,0.018515989004512942,-0.12477331529030843,0.1618052932993343,0.06059707128250934,0.30555914027906783,7.0,0.6691010890576756,0.64065,0.7688266940326067,-0.0003562261771377778,0.007565117670651067,1.0
published_PMI,DA,spearman_qc_library,panel,8,5,intercept + female + age_per_10_years + bank_Umaryland + PMI_per_10_hours + PD,ATG13,tested,0.009267169854127776,-0.13415135920395402,0.1526856989122096,0.060651720456983985,0.1527931901074485,7.0,0.6691010890576756,0.8615,0.8828724104381969,-0.01677814054187172,-0.04160725962149549,1.0
published_PMI,DA,spearman_qc_library,panel,8,5,intercept + female + age_per_10_years + bank_Umaryland + PMI_per_10_hours + PD,ATG16L1,tested,0.0069090485902523575,-0.08010145398120504,0.09391955116170976,0.036796756412475116,0.18776243516697572,7.0,0.6691010890576756,0.7334,0.8563896940034352,-0.03384979454283872,-0.06807798351650515,1.0
published_PMI,DA,spearman_qc_library,panel,8,5,intercept + female + age_per_10_years + bank_Umaryland + PMI_per_10_hours + PD,ATG2A,tested,-0.04208719460511141,-0.2334677304002993,0.1492933411900765,0.08093486130552009,-0.5200131800589234,7.0,0.6691010890576756,0.59435,0.6190899578363601,0.0031833514905690082,0.006945258099593782,1.0
published_PMI,DA,spearman_qc_library,panel,8,5,intercept + female + age_per_10_years + bank_Umaryland + PMI_per_10_hours + PD,ATG2B,tested,-0.10298623930504631,-0.2319425977614739,0.02597011915138127,0.05453566603714321,-1.8884199421880048,7.0,0.6691010890576756,0.0137,0.10090946190996276,0.01948939846079222,-0.07020572907168277,0.6735272727272728
published_PMI,DA,spearman_qc_library,panel,8,5,intercept + female + age_per_10_years + bank_Umaryland + PMI_per_10_hours + PD,ATG3,tested,0.0359392282791361,-0.08410478270055768,0.1559832392588299,0.05076663276560929,0.7079301171119294,7.0,0.6691010890576756,0.3425,0.501873099816657,-0.023882962830621746,0.026472111719124287,1.0
published_PMI,DA,spearman_qc_library,panel,8,5,intercept + female + age_per_10_years + bank_Umaryland + PMI_per_10_hours + PD,ATG4B,tested,0.04425736164950648,-0.05025857170590644,0.1387732950049194,0.039970804374111636,1.1072422069687236,7.0,0.6691010890576756,0.1274,0.3047807394714791,-0.023853602778428778,-0.025975799293366207,1.0
published_PMI,DA,spearman_qc_library,panel,8,5,intercept + female + age_per_10_years + bank_Umaryland + PMI_per_10_hours + PD,ATG4C,tested,0.052747607958291344,-0.05524792910609257,0.16074314502267525,0.045671331087060535,1.1549391424073392,7.0,0.6691010890576756,0.29455,0.28601364456941025,-0.005609940411321233,0.01119409365159137,1.0
published_PMI,DA,spearman_qc_library,panel,8,5,intercept + female + age_per_10_years + bank_Umaryland + PMI_per_10_hours + PD,ATG5,tested,-0.04946895697989172,-0.22918962797590325,0.1302517140161198,0.07600390248861942,-0.6508739072615257,7.0,0.6691010890576756,0.4452,0.5359003785419048,0.02339238870603123,0.007941141689413416,1.0
published_PMI,DA,spearman_qc_library,panel,8,5,intercept + female + age_per_10_years + bank_Umaryland + PMI_per_10_hours + PD,ATG7,tested,-0.0014225207264358267,-0.19889728262864248,0.1960522411757708,0.08351211056802552,-0.017033705851286083,7.0,0.6691010890576756,0.9864,0.9868850625492388,0.05768304471460667,0.11073569494472721,1.0
published_PMI,DA,spearman_qc_library,panel,8,5,intercept + female + age_per_10_years + bank_Umaryland + PMI_per_10_hours + PD,ATG9B,tested,-0.13890415071993215,-0.4055854563034128,0.1277771548635485,0.11277956972214065,-1.2316428504041612,7.0,0.6691010890576756,0.0295,0.25784943324115733,0.013425471984524179,-0.07334093155063076,0.8936780487804877
published_PMI,DA,spearman_qc_library,panel,8,5,intercept + female + age_per_10_years + bank_Umaryland + PMI_per_10_hours + PD,BCL2,tested,0.08796083370150488,-0.13686770006984572,0.3127893674728555,0.09508002536778998,0.9251242136427023,7.0,0.6691010890576756,0.25735,0.3856838062824551,-0.0776196573831977,-0.12102261101198941,1.0
published_PMI,DA,spearman_qc_library,panel,8,5,intercept + female + age_per_10_years + bank_Umaryland + PMI_per_10_hours + PD,BECN1,tested,-0.01405708054619628,-0.07721559278098693,0.04910143168859436,0.026709745621447383,-0.5262903191001838,7.0,0.6691010890576756,0.44275,0.6149440858665836,-0.011148019401930196,-0.050826209431072265,1.0
published_PMI,DA,spearman_qc_library,panel,8,5,intercept + female + age_per_10_years + bank_Umaryland + PMI_per_10_hours + PD,CALCOCO2,tested,0.055254167894367906,-0.15780429762505163,0.2683126334137874,0.09010246149187935,0.6132370523456542,7.0,0.6691010890576756,0.66715,0.5591098737479532,-0.009175454865961254,-0.03160494595013533,1.0
published_PMI,DA,spearman_qc_library,panel,8,5,intercept + female + age_per_10_years + bank_Umaryland + PMI_per_10_hours + PD,CLEC16A,tested,0.031714415947235224,-0.1436412875779083,0.20707011947237877,0.07415795699897006,0.42766032440289165,7.0,0.6691010890576756,0.5326,0.6817469424201386,-0.01908592203499699,0.02244190187721868,1.0
published_PMI,DA,spearman_qc_library,panel,8,5,intercept + female + age_per_10_years + bank_Umaryland + PMI_per_10_hours + PD,CTNS,tested,-0.02414932752050462,-0.13785966709320446,0.08956101205219523,0.04808812204480964,-0.502189033250284,7.0,0.6691010890576756,0.42455,0.630943237122185,-0.0017494230395442758,-0.04067453568168345,1.0
published_PMI,DA,spearman_qc_library,panel,8,5,intercept + female + age_per_10_years + bank_Umaryland + PMI_per_10_hours + PD,EPG5,tested,0.048028274637631416,-0.27296460247534376,0.3690211517506066,0.1357479426068768,0.3538048070217925,7.0,0.6691010890576756,0.6302,0.7339019646474647,0.009007969126508614,-0.014577543604955067,1.0
published_PMI,DA,spearman_qc_library,panel,8,5,intercept + female + age_per_10_years + bank_Umaryland + PMI_per_10_hours + PD,GABARAP,tested,-0.023912295749660202,-0.12444073722612861,0.0766161457268082,0.04251349508638298,-0.562463653037063,7.0,0.6691010890576756,0.32875,0.5913488345420537,0.03162611777531079,-0.017596664047938682,1.0
published_PMI,DA,spearman_qc_library,panel,8,5,intercept + female + age_per_10_years + bank_Umaryland + PMI_per_10_hours + PD,GABARAPL1,tested,0.06694257515989689,-0.15087138076324247,0.2847565310830363,0.09211355919659418,0.7267396433680747,7.0,0.6691010890576756,0.5196,0.49096792662077215,0.0044869931916476456,0.04779780457236693,1.0
published_PMI,DA,spearman_qc_library,panel,8,5,intercept + female + age_per_10_years + bank_Umaryland + PMI_per_10_hours + PD,GABARAPL2,tested,-0.016004165614500805,-0.21445586444305217,0.18244753321405058,0.08392525736119037,-0.19069546067191,7.0,0.6691010890576756,0.88855,0.8541769402049143,-0.008705401393420876,0.0005560096775768464,1.0
published_PMI,DA,spearman_qc_library,panel,8,5,intercept + female + age_per_10_years + bank_Umaryland + PMI_per_10_hours + PD,GRN,tested,-0.024767733995383043,-0.3030382746608858,0.25350280667011965,0.11768065921958215,-0.21046562926851511,7.0,0.6691010890576756,0.79905,0.8392995067603375,0.004391705424288225,-0.00045530787980735675,1.0
published_PMI,DA,spearman_qc_library,panel,8,5,intercept + female + age_per_10_years + bank_Umaryland + PMI_per_10_hours + PD,LAMP2,tested,0.016488617126251767,-0.06091557383945631,0.09389280809195985,0.03273424559214289,0.5037115359765457,7.0,0.6691010890576756,0.48825,0.6299261213168525,-0.003291072313834891,-0.006776054461946954,1.0
published_PMI,DA,spearman_qc_library,panel,8,5,intercept + female + age_per_10_years + bank_Umaryland + PMI_per_10_hours + PD,MAP1LC3A,tested,-0.04738080646056254,-0.23071474792312344,0.13595313500199838,0.07753195518663501,-0.6111132673812676,7.0,0.6691010890576756,0.4432,0.5604372454186572,-0.017934460938225993,-0.05923614378245088,1.0
published_PMI,DA,spearman_qc_library,panel,8,5,intercept + female + age_per_10_years + bank_Umaryland + PMI_per_10_hours + PD,MAP1LC3B,tested,0.1199342570456359,-0.07931886630695725,0.319187380398229,0.08426417992941632,1.4233124578687948,7.0,0.6691010890576756,0.05255,0.19765085268753319,-0.015829835395846863,0.030993009832540903,0.9695127272727273
published_PMI,DA,spearman_qc_library,panel,8,5,intercept + female + age_per_10_years + bank_Umaryland + PMI_per_10_hours + PD,NBR1,tested,-0.0724723933995863,-0.1943593058232338,0.049414519024061174,0.05154599610131318,-1.4059752237039418,7.0,0.6691010890576756,0.0294,0.20253348482033076,0.008203473359002319,-0.031593922905304196,0.8936780487804877
published_PMI,DA,spearman_qc_library,panel,8,5,intercept + female + age_per_10_years + bank_Umaryland + PMI_per_10_hours + PD,OPTN,tested,0.047850513430932905,-0.1702490625976037,0.2659500894594695,0.09223434798799526,0.5187927759532802,7.0,0.6691010890576756,0.4904,0.6198977356858604,-0.015969054348020515,0.05180737878465127,1.0
published_PMI,DA,spearman_qc_library,panel,8,5,intercept + female + age_per_10_years + bank_Umaryland + PMI_per_10_hours + PD,PIK3R4,tested,-0.06784595972292537,-0.16170923774080778,0.026017318294957043,0.03969479632029435,-1.7091902720820478,7.0,0.6691010890576756,0.0359,0.13116418805983396,0.013391855975000047,-0.043718016983072164,0.8936780487804877
published_PMI,DA,spearman_qc_library,panel,8,5,intercept + female + age_per_10_years + bank_Umaryland + PMI_per_10_hours + PD,PINK1,tested,0.08830828221167905,-0.11360791050535535,0.29022447492871345,0.08539039241890738,1.0341711720735176,7.0,0.6691010890576756,0.2812,0.33545622564471367,-0.022059990887114335,-0.009475974629513016,1.0
published_PMI,DA,spearman_qc_library,panel,8,5,intercept + female + age_per_10_years + bank_Umaryland + PMI_per_10_hours + PD,PRKN,tested,0.017011941640032925,-0.1444287288617579,0.17845261214182373,0.06827328715452967,0.24917419900301738,7.0,0.6691010890576756,0.76825,0.8103792991376955,0.015303234606357342,0.041377640897095044,1.0
published_PMI,DA,spearman_qc_library,panel,8,5,intercept + female + age_per_10_years + bank_Umaryland + PMI_per_10_hours + PD,RB1CC1,tested,-0.039037206500330116,-0.21300368148023974,0.13492926847957948,0.07357045200969306,-0.5306098499325094,7.0,0.6691010890576756,0.64415,0.6120998815893521,0.019510518225658253,-0.016686679064375303,1.0
published_PMI,DA,spearman_qc_library,panel,8,5,intercept + female + age_per_10_years + bank_Umaryland + PMI_per_10_hours + PD,SNX14,tested,-0.0015612521262795356,-0.14864708343394495,0.1455245791813859,0.06220262320528183,-0.025099457962199968,7.0,0.6691010890576756,0.9685,0.9806761652900955,0.005216583745559041,-0.012562544020418972,1.0
published_PMI,DA,spearman_qc_library,panel,8,5,intercept + female + age_per_10_years + bank_Umaryland + PMI_per_10_hours + PD,SNX30,tested,-0.03424565297661292,-0.3066982198211901,0.23820691386796428,0.11522023709609266,-0.2972190809506176,7.0,0.6691010890576756,0.8011,0.7749255942427326,0.04533312373693735,-0.018850926554036716,1.0
published_PMI,DA,spearman_qc_library,panel,8,5,intercept + female + age_per_10_years + bank_Umaryland + PMI_per_10_hours + PD,SNX4,tested,0.07270806891332868,-0.15954102759810013,0.3049571654247575,0.09821818261916203,0.7402709658684276,7.0,0.6691010890576756,0.3938,0.4832200797927032,-0.023489746493965732,-0.05695571581110133,1.0
published_PMI,DA,spearman_qc_library,panel,8,5,intercept + female + age_per_10_years + bank_Umaryland + PMI_per_10_hours + PD,SPG11,tested,-0.043797556065643686,-0.2816201418863271,0.19402502975503977,0.1005752122008697,-0.4354706801728722,7.0,0.6691010890576756,0.6332,0.6763327441532633,0.01757571141144932,-0.016924045314161286,1.0
published_PMI,DA,spearman_qc_library,panel,8,5,intercept + female + age_per_10_years + bank_Umaryland + PMI_per_10_hours + PD,SQSTM1,tested,0.04490892561979021,-0.04462573587421538,0.13444358711379578,0.03786422365234197,1.186051667984285,7.0,0.6691010890576756,0.09895,0.2742942550474706,-0.014665964077979,0.06561919359819457,1.0
published_PMI,DA,spearman_qc_library,panel,8,5,intercept + female + age_per_10_years + bank_Umaryland + PMI_per_10_hours + PD,TOLLIP,tested,0.03393989685599499,-0.12083353713613643,0.18871333084812641,0.0654537116947877,0.518532807035567,7.0,0.6691010890576756,0.4174,0.6200698802607673,0.016496467973779294,0.03149384265247203,1.0
published_PMI,DA,spearman_qc_library,panel,8,5,intercept + female + age_per_10_years + bank_Umaryland + PMI_per_10_hours + PD,UVRAG,tested,-0.07241789752973594,-0.44090101372990786,0.296065218670436,0.15583157283561455,-0.46471903101516526,7.0,0.6691010890576756,0.6502,0.6562414178643838,0.011680018873802652,-0.030164081858763337,1.0
published_PMI,DA,spearman_qc_library,panel,8,5,intercept + female + age_per_10_years + bank_Umaryland + PMI_per_10_hours + PD,WDR45,tested,0.016753989286112023,-0.14578119106706453,0.17928916963928856,0.0687361555577942,0.2437434731423852,7.0,0.6691010890576756,0.7656,0.8144188139871305,-0.018323950591850702,-0.020674735570879427,1.0
published_PMI,DA,spearman_qc_library,panel,8,5,intercept + female + age_per_10_years + bank_Umaryland + PMI_per_10_hours + PD,WIPI1,tested,0.005146194989432734,-0.07993659370768666,0.09022898368655213,0.035981525885462474,0.1430232560401764,7.0,0.6691010890576756,0.8238,0.8903017487513782,0.004030609808850807,0.03598123687835124,1.0
published_PMI,DA,spearman_qc_library,panel,8,5,intercept + female + age_per_10_years + bank_Umaryland + PMI_per_10_hours + PD,WIPI2,tested,0.03720689998162201,-0.1369278268159282,0.21134162677917218,0.07364160573213699,0.5052429209237764,7.0,0.6691010890576756,0.50165,0.6289039391558298,-0.03625661651095556,-0.07565596657619504,1.0
published_PMI,DA,spearman_qc_library,panel,8,5,intercept + female + age_per_10_years + bank_Umaryland + PMI_per_10_hours + PD,ZFYVE21,tested,0.017193891675575803,-0.08928146371309846,0.12366924706425007,0.04502844599651808,0.38184510469016314,7.0,0.6691010890576756,0.6014,0.7139035691532766,-0.014790029989723393,0.0001691447423726844,1.0
GEO_clinical_fields,DA,spearman_qc_library,panel,8,5,intercept + female + age_per_10_years + bank_Umaryland + PMI_per_10_hours + PD,ATG10,tested,0.019890763779431636,-0.076916100233081,0.11669762779194427,0.040939639340648454,0.4858558624301887,7.0,0.6550717319430754,0.50095,0.6419083344798611,-0.02155798785819502,-0.007154759078236708,1.0
GEO_clinical_fields,DA,spearman_qc_library,panel,8,5,intercept + female + age_per_10_years + bank_Umaryland + PMI_per_10_hours + PD,ATG12,tested,0.019214529010822975,-0.12055801946789114,0.1589870774895371,0.05910983464666553,0.32506484116694945,7.0,0.6550717319430754,0.62965,0.7546316662472099,-0.0003562261771377778,0.007565117670651067,1.0
GEO_clinical_fields,DA,spearman_qc_library,panel,8,5,intercept + female + age_per_10_years + bank_Umaryland + PMI_per_10_hours + PD,ATG13,tested,0.00953257321626573,-0.13478990667552682,0.1538550531080583,0.061034001419096484,0.15618463470565036,7.0,0.6550717319430754,0.86115,0.8802963700658943,-0.01677814054187172,-0.04160725962149549,1.0
GEO_clinical_fields,DA,spearman_qc_library,panel,8,5,intercept + female + age_per_10_years + bank_Umaryland + PMI_per_10_hours + PD,ATG16L1,tested,0.005959500285582882,-0.08151889787180193,0.0934378984429677,0.03699462953575358,0.1610909572651161,7.0,0.6550717319430754,0.775,0.876572431488612,-0.03384979454283872,-0.06807798351650515,1.0
GEO_clinical_fields,DA,spearman_qc_library,panel,8,5,intercept + female + age_per_10_years + bank_Umaryland + PMI_per_10_hours + PD,ATG2A,tested,-0.04373954430763455,-0.23456614529505818,0.14708705667978908,0.08070060218061786,-0.5419977438302143,7.0,0.6550717319430754,0.59235,0.6046358787188116,0.0031833514905690082,0.006945258099593782,1.0
GEO_clinical_fields,DA,spearman_qc_library,panel,8,5,intercept + female + age_per_10_years + bank_Umaryland + PMI_per_10_hours + PD,ATG2B,tested,-0.10498526904888401,-0.2275945561811038,0.017624018083335774,0.05185148848906301,-2.0247300918088103,7.0,0.6550717319430754,0.00625,0.08255219958314398,0.01948939846079222,-0.07020572907168277,0.45000000000000007
GEO_clinical_fields,DA,spearman_qc_library,panel,8,5,intercept + female + age_per_10_years + bank_Umaryland + PMI_per_10_hours + PD,ATG3,tested,0.036428623612086805,-0.07829757134057523,0.15115481856474883,0.04851772745866267,0.7508312017112542,7.0,0.6550717319430754,0.3197,0.47723025930740504,-0.023882962830621746,0.026472111719124287,1.0
GEO_clinical_fields,DA,spearman_qc_library,panel,8,5,intercept + female + age_per_10_years + bank_Umaryland + PMI_per_10_hours + PD,ATG4B,tested,0.0448076769932738,-0.04862020142781591,0.1382355554143635,0.03951066575637635,1.1340653500894908,7.0,0.6550717319430754,0.13465,0.29410644511971784,-0.023853602778428778,-0.025975799293366207,1.0
GEO_clinical_fields,DA,spearman_qc_library,panel,8,5,intercept + female + age_per_10_years + bank_Umaryland + PMI_per_10_hours + PD,ATG4C,tested,0.05339370639544688,-0.05279809709988677,0.15958550989078052,0.04490853185234931,1.1889434856386578,7.0,0.6550717319430754,0.30195,0.2732256205886271,-0.005609940411321233,0.01119409365159137,1.0
GEO_clinical_fields,DA,spearman_qc_library,panel,8,5,intercept + female + age_per_10_years + bank_Umaryland + PMI_per_10_hours + PD,ATG5,tested,-0.04773465490734832,-0.23030086314099651,0.13483155332629987,0.07720728067287888,-0.6182662372166203,7.0,0.6550717319430754,0.45095,0.555974096349976,0.02339238870603123,0.007941141689413416,1.0
GEO_clinical_fields,DA,spearman_qc_library,panel,8,5,intercept + female + age_per_10_years + bank_Umaryland + PMI_per_10_hours + PD,ATG7,tested,0.0004382330602684874,-0.20195324967334777,0.20282971579388476,0.08559139264817374,0.0051200599348798885,7.0,0.6550717319430754,0.9961,0.9960576610800552,0.05768304471460667,0.11073569494472721,1.0
GEO_clinical_fields,DA,spearman_qc_library,panel,8,5,intercept + female + age_per_10_years + bank_Umaryland + PMI_per_10_hours + PD,ATG9B,tested,-0.14015932724984534,-0.4088055031894018,0.12848684868971108,0.11361051373163232,-1.2336827169088056,7.0,0.6550717319430754,0.0332,0.25713357459836184,0.013425471984524179,-0.07334093155063076,0.8936780487804877
GEO_clinical_fields,DA,spearman_qc_library,panel,8,5,intercept + female + age_per_10_years + bank_Umaryland + PMI_per_10_hours + PD,BCL2,tested,0.0862032280759589,-0.13861118775958015,0.31101764391149794,0.09507405489032171,0.9066956087589166,7.0,0.6550717319430754,0.2652,0.39470673746885965,-0.0776196573831977,-0.12102261101198941,1.0
GEO_clinical_fields,DA,spearman_qc_library,panel,8,5,intercept + female + age_per_10_years + bank_Umaryland + PMI_per_10_hours + PD,BECN1,tested,-0.015497915106704046,-0.07803581741370938,0.04703998720030128,0.026447289576889712,-0.5859925668998045,7.0,0.6550717319430754,0.38735,0.5762787628015933,-0.011148019401930196,-0.050826209431072265,1.0
GEO_clinical_fields,DA,spearman_qc_library,panel,8,5,intercept + female + age_per_10_years + bank_Umaryland + PMI_per_10_hours + PD,CALCOCO2,tested,0.05282566880976961,-0.16589905034219574,0.271550387961735,0.09249872112176552,0.5710962072678798,7.0,0.6550717319430754,0.69345,0.5857939725248853,-0.009175454865961254,-0.03160494595013533,1.0
GEO_clinical_fields,DA,spearman_qc_library,panel,8,5,intercept + female + age_per_10_years + bank_Umaryland + PMI_per_10_hours + PD,CLEC16A,tested,0.030844543790619718,-0.13400626432605986,0.19569535190729928,0.06971543493485112,0.4424349330882588,7.0,0.6550717319430754,0.5197,0.6715223107160835,-0.01908592203499699,0.02244190187721868,1.0
GEO_clinical_fields,DA,spearman_qc_library,panel,8,5,intercept + female + age_per_10_years + bank_Umaryland + PMI_per_10_hours + PD,CTNS,tested,-0.026037766858525248,-0.14102014453352385,0.08894461081647334,0.04862606717573488,-0.5354693145226944,7.0,0.6550717319430754,0.4182,0.6089087086581386,-0.0017494230395442758,-0.04067453568168345,1.0
GEO_clinical_fields,DA,spearman_qc_library,panel,8,5,intercept + female + age_per_10_years + bank_Umaryland + PMI_per_10_hours + PD,EPG5,tested,0.04624367536464715,-0.2548290199992546,0.3473163707285489,0.1273236943397103,0.3631977190456408,7.0,0.6550717319430754,0.6216,0.7271772514211826,0.009007969126508614,-0.014577543604955067,1.0
GEO_clinical_fields,DA,spearman_qc_library,panel,8,5,intercept + female + age_per_10_years + bank_Umaryland + PMI_per_10_hours + PD,GABARAP,tested,-0.025796311515588716,-0.1317396966408567,0.08014707360967925,0.04480347568117981,-0.5757658557374989,7.0,0.6550717319430754,0.3291,0.5828015685381429,0.03162611777531079,-0.017596664047938682,1.0
GEO_clinical_fields,DA,spearman_qc_library,panel,8,5,intercept + female + age_per_10_years + bank_Umaryland + PMI_per_10_hours + PD,GABARAPL1,tested,0.06666097898643847,-0.1505526232267304,0.28387458119960735,0.09185966951001333,0.7256827652659035,7.0,0.6550717319430754,0.50795,0.49157651288373216,0.0044869931916476456,0.04779780457236693,1.0
GEO_clinical_fields,DA,spearman_qc_library,panel,8,5,intercept + female + age_per_10_years + bank_Umaryland + PMI_per_10_hours + PD,GABARAPL2,tested,-0.016900476854233088,-0.21387883308080358,0.18007787937233738,0.08330218052293524,-0.2028815662223866,7.0,0.6550717319430754,0.8762,0.8449987062900794,-0.008705401393420876,0.0005560096775768464,1.0
GEO_clinical_fields,DA,spearman_qc_library,panel,8,5,intercept + female + age_per_10_years + bank_Umaryland + PMI_per_10_hours + PD,GRN,tested,-0.025040924022480187,-0.30322077446286383,0.2531389264179034,0.11764230630787521,-0.21285645282188673,7.0,0.6550717319430754,0.80245,0.8375049967436989,0.004391705424288225,-0.00045530787980735675,1.0
GEO_clinical_fields,DA,spearman_qc_library,panel,8,5,intercept + female + age_per_10_years + bank_Umaryland + PMI_per_10_hours + PD,LAMP2,tested,0.01631795348988372,-0.05976538193778915,0.09240128891755658,0.03217565555929904,0.5071521685023661,7.0,0.6550717319430754,0.4926,0.6276307590114332,-0.003291072313834891,-0.006776054461946954,1.0
GEO_clinical_fields,DA,spearman_qc_library,panel,8,5,intercept + female + age_per_10_years + bank_Umaryland + PMI_per_10_hours + PD,MAP1LC3A,tested,-0.04780874287534145,-0.23077004136258342,0.1351525556119005,0.07737436440866692,-0.6178886668823642,7.0,0.6550717319430754,0.4298,0.5562091517843818,-0.017934460938225993,-0.05923614378245088,1.0
GEO_clinical_fields,DA,spearman_qc_library,panel,8,5,intercept + female + age_per_10_years + bank_Umaryland + PMI_per_10_hours + PD,MAP1LC3B,tested,0.11892290871953036,-0.08286189341839413,0.32070771085745486,0.08533482732053974,1.3936034378182436,7.0,0.6550717319430754,0.05785,0.20608317863833944,-0.015829835395846863,0.030993009832540903,0.9718800000000001
GEO_clinical_fields,DA,spearman_qc_library,panel,8,5,intercept + female + age_per_10_years + bank_Umaryland + PMI_per_10_hours + PD,NBR1,tested,-0.07351016435128008,-0.19494487113075187,0.04792454242819173,0.05135475825708382,-1.431418759354011,7.0,0.6550717319430754,0.02135,0.19540423814994531,0.008203473359002319,-0.031593922905304196,0.8474666666666668
GEO_clinical_fields,DA,spearman_qc_library,panel,8,5,intercept + female + age_per_10_years + bank_Umaryland + PMI_per_10_hours + PD,OPTN,tested,0.04572825120426168,-0.16705391020003835,0.2585104126085617,0.08998561243435935,0.5081729175052121,7.0,0.6550717319430754,0.5058,0.6269506303856358,-0.015969054348020515,0.05180737878465127,1.0
GEO_clinical_fields,DA,spearman_qc_library,panel,8,5,intercept + female + age_per_10_years + bank_Umaryland + PMI_per_10_hours + PD,PIK3R4,tested,-0.06801504407140298,-0.16036926670349774,0.024339178560691788,0.03905661653966202,-1.7414474190905311,7.0,0.6550717319430754,0.0485,0.12514445661628432,0.013391855975000047,-0.043718016983072164,0.9595764705882354
GEO_clinical_fields,DA,spearman_qc_library,panel,8,5,intercept + female + age_per_10_years + bank_Umaryland + PMI_per_10_hours + PD,PINK1,tested,0.08591308967997946,-0.12245212928694743,0.29427830864690635,0.08811768672248949,0.9749812197243329,7.0,0.6550717319430754,0.31375,0.36205042466453774,-0.022059990887114335,-0.009475974629513016,1.0
GEO_clinical_fields,DA,spearman_qc_library,panel,8,5,intercept + female + age_per_10_years + bank_Umaryland + PMI_per_10_hours + PD,PRKN,tested,0.01814164645205838,-0.1446791291086102,0.18096242201272694,0.06885693381986692,0.2634686943731449,7.0,0.6550717319430754,0.75225,0.7997765782582869,0.015303234606357342,0.041377640897095044,1.0
GEO_clinical_fields,DA,spearman_qc_library,panel,8,5,intercept + female + age_per_10_years + bank_Umaryland + PMI_per_10_hours + PD,RB1CC1,tested,-0.03970849463720145,-0.21298070613897316,0.13356371686457028,0.07327684786609973,-0.5418968718436359,7.0,0.6550717319430754,0.63855,0.6047017734348181,0.019510518225658253,-0.016686679064375303,1.0
GEO_clinical_fields,DA,spearman_qc_library,panel,8,5,intercept + female + age_per_10_years + bank_Umaryland + PMI_per_10_hours + PD,SNX14,tested,-0.000974404700948172,-0.14803823193006696,0.14608942252817061,0.06219331767670273,-0.015667353621708763,7.0,0.6550717319430754,0.98515,0.9879369696057418,0.005216583745559041,-0.012562544020418972,1.0
GEO_clinical_fields,DA,spearman_qc_library,panel,8,5,intercept + female + age_per_10_years + bank_Umaryland + PMI_per_10_hours + PD,SNX30,tested,-0.03637766303659088,-0.30526638708801257,0.2325110610148308,0.11371308736960531,-0.3199074431806727,7.0,0.6550717319430754,0.79165,0.7583752906647292,0.04533312373693735,-0.018850926554036716,1.0
GEO_clinical_fields,DA,spearman_qc_library,panel,8,5,intercept + female + age_per_10_years + bank_Umaryland + PMI_per_10_hours + PD,SNX4,tested,0.07306955283467254,-0.15759743077626523,0.3037365364456103,0.09754910680307198,0.7490540429261158,7.0,0.6550717319430754,0.3763,0.4782347772017769,-0.023489746493965732,-0.05695571581110133,1.0
GEO_clinical_fields,DA,spearman_qc_library,panel,8,5,intercept + female + age_per_10_years + bank_Umaryland + PMI_per_10_hours + PD,SPG11,tested,-0.04621754028707741,-0.28438108707668575,0.19194600650253094,0.10071940465291752,-0.4588742402354801,7.0,0.6550717319430754,0.6177,0.6602327357071615,0.01757571141144932,-0.016924045314161286,1.0
GEO_clinical_fields,DA,spearman_qc_library,panel,8,5,intercept + female + age_per_10_years + bank_Umaryland + PMI_per_10_hours + PD,SQSTM1,tested,0.04468700460072406,-0.04081436481612081,0.13018837401756894,0.036158543743393445,1.2358629517232385,7.0,0.6550717319430754,0.09245,0.2563703233840886,-0.014665964077979,0.06561919359819457,1.0
GEO_clinical_fields,DA,spearman_qc_library,panel,8,5,intercept + female + age_per_10_years + bank_Umaryland + PMI_per_10_hours + PD,TOLLIP,tested,0.03460664897666447,-0.12034538224018718,0.1895586801935161,0.06552924049165422,0.5281100271728613,7.0,0.6550717319430754,0.42065,0.613745025540871,0.016496467973779294,0.03149384265247203,1.0
GEO_clinical_fields,DA,spearman_qc_library,panel,8,5,intercept + female + age_per_10_years + bank_Umaryland + PMI_per_10_hours + PD,UVRAG,tested,-0.07411231856806032,-0.44222925936815105,0.2940046222320304,0.15567671719632015,-0.476065527991569,7.0,0.6550717319430754,0.639,0.6485274258500551,0.011680018873802652,-0.030164081858763337,1.0
GEO_clinical_fields,DA,spearman_qc_library,panel,8,5,intercept + female + age_per_10_years + bank_Umaryland + PMI_per_10_hours + PD,WDR45,tested,0.014589460824142074,-0.14985201192368214,0.1790309335719663,0.06954232693738367,0.20979253163729353,7.0,0.6550717319430754,0.79625,0.8398049074963067,-0.018323950591850702,-0.020674735570879427,1.0
GEO_clinical_fields,DA,spearman_qc_library,panel,8,5,intercept + female + age_per_10_years + bank_Umaryland + PMI_per_10_hours + PD,WIPI1,tested,0.004908503373193233,-0.08092718905218436,0.09074419579857083,0.03629992900085661,0.1352207430785168,7.0,0.6550717319430754,0.8402,0.8962435443489742,0.004030609808850807,0.03598123687835124,1.0
GEO_clinical_fields,DA,spearman_qc_library,panel,8,5,intercept + female + age_per_10_years + bank_Umaryland + PMI_per_10_hours + PD,WIPI2,tested,0.0374154967040634,-0.13647556623206492,0.21130655964019174,0.07353856024348578,0.5087874521908083,7.0,0.6550717319430754,0.5041,0.6265413512142421,-0.03625661651095556,-0.07565596657619504,1.0
GEO_clinical_fields,DA,spearman_qc_library,panel,8,5,intercept + female + age_per_10_years + bank_Umaryland + PMI_per_10_hours + PD,ZFYVE21,tested,0.01701679144940319,-0.08854706321968428,0.12258064611849065,0.0446429721863779,0.3811751461878606,7.0,0.6550717319430754,0.6068,0.7143786620017375,-0.014790029989723393,0.0001691447423726844,1.0
GEO_diagnosis,DA,spearman_qc_library,panel,8,4,,ATG10,Fewer than five independent donors in an arm,,,,,,,,,,,,
GEO_diagnosis,DA,spearman_qc_library,panel,8,4,,ATG12,Fewer than five independent donors in an arm,,,,,,,,,,,,
GEO_diagnosis,DA,spearman_qc_library,panel,8,4,,ATG13,Fewer than five independent donors in an arm,,,,,,,,,,,,
GEO_diagnosis,DA,spearman_qc_library,panel,8,4,,ATG16L1,Fewer than five independent donors in an arm,,,,,,,,,,,,
GEO_diagnosis,DA,spearman_qc_library,panel,8,4,,ATG2A,Fewer than five independent donors in an arm,,,,,,,,,,,,
GEO_diagnosis,DA,spearman_qc_library,panel,8,4,,ATG2B,Fewer than five independent donors in an arm,,,,,,,,,,,,
GEO_diagnosis,DA,spearman_qc_library,panel,8,4,,ATG3,Fewer than five independent donors in an arm,,,,,,,,,,,,
GEO_diagnosis,DA,spearman_qc_library,panel,8,4,,ATG4B,Fewer than five independent donors in an arm,,,,,,,,,,,,
GEO_diagnosis,DA,spearman_qc_library,panel,8,4,,ATG4C,Fewer than five independent donors in an arm,,,,,,,,,,,,
GEO_diagnosis,DA,spearman_qc_library,panel,8,4,,ATG5,Fewer than five independent donors in an arm,,,,,,,,,,,,
GEO_diagnosis,DA,spearman_qc_library,panel,8,4,,ATG7,Fewer than five independent donors in an arm,,,,,,,,,,,,
GEO_diagnosis,DA,spearman_qc_library,panel,8,4,,ATG9B,Fewer than five independent donors in an arm,,,,,,,,,,,,
GEO_diagnosis,DA,spearman_qc_library,panel,8,4,,BCL2,Fewer than five independent donors in an arm,,,,,,,,,,,,
GEO_diagnosis,DA,spearman_qc_library,panel,8,4,,BECN1,Fewer than five independent donors in an arm,,,,,,,,,,,,
GEO_diagnosis,DA,spearman_qc_library,panel,8,4,,CALCOCO2,Fewer than five independent donors in an arm,,,,,,,,,,,,
GEO_diagnosis,DA,spearman_qc_library,panel,8,4,,CLEC16A,Fewer than five independent donors in an arm,,,,,,,,,,,,
GEO_diagnosis,DA,spearman_qc_library,panel,8,4,,CTNS,Fewer than five independent donors in an arm,,,,,,,,,,,,
GEO_diagnosis,DA,spearman_qc_library,panel,8,4,,EPG5,Fewer than five independent donors in an arm,,,,,,,,,,,,
GEO_diagnosis,DA,spearman_qc_library,panel,8,4,,GABARAP,Fewer than five independent donors in an arm,,,,,,,,,,,,
GEO_diagnosis,DA,spearman_qc_library,panel,8,4,,GABARAPL1,Fewer than five independent donors in an arm,,,,,,,,,,,,
GEO_diagnosis,DA,spearman_qc_library,panel,8,4,,GABARAPL2,Fewer than five independent donors in an arm,,,,,,,,,,,,
GEO_diagnosis,DA,spearman_qc_library,panel,8,4,,GRN,Fewer than five independent donors in an arm,,,,,,,,,,,,
GEO_diagnosis,DA,spearman_qc_library,panel,8,4,,LAMP2,Fewer than five independent donors in an arm,,,,,,,,,,,,
GEO_diagnosis,DA,spearman_qc_library,panel,8,4,,MAP1LC3A,Fewer than five independent donors in an arm,,,,,,,,,,,,
GEO_diagnosis,DA,spearman_qc_library,panel,8,4,,MAP1LC3B,Fewer than five independent donors in an arm,,,,,,,,,,,,
GEO_diagnosis,DA,spearman_qc_library,panel,8,4,,NBR1,Fewer than five independent donors in an arm,,,,,,,,,,,,
GEO_diagnosis,DA,spearman_qc_library,panel,8,4,,OPTN,Fewer than five independent donors in an arm,,,,,,,,,,,,
GEO_diagnosis,DA,spearman_qc_library,panel,8,4,,PIK3R4,Fewer than five independent donors in an arm,,,,,,,,,,,,
GEO_diagnosis,DA,spearman_qc_library,panel,8,4,,PINK1,Fewer than five independent donors in an arm,,,,,,,,,,,,
GEO_diagnosis,DA,spearman_qc_library,panel,8,4,,PRKN,Fewer than five independent donors in an arm,,,,,,,,,,,,
GEO_diagnosis,DA,spearman_qc_library,panel,8,4,,RB1CC1,Fewer than five independent donors in an arm,,,,,,,,,,,,
GEO_diagnosis,DA,spearman_qc_library,panel,8,4,,SNX14,Fewer than five independent donors in an arm,,,,,,,,,,,,
GEO_diagnosis,DA,spearman_qc_library,panel,8,4,,SNX30,Fewer than five independent donors in an arm,,,,,,,,,,,,
GEO_diagnosis,DA,spearman_qc_library,panel,8,4,,SNX4,Fewer than five independent donors in an arm,,,,,,,,,,,,
GEO_diagnosis,DA,spearman_qc_library,panel,8,4,,SPG11,Fewer than five independent donors in an arm,,,,,,,,,,,,
GEO_diagnosis,DA,spearman_qc_library,panel,8,4,,SQSTM1,Fewer than five independent donors in an arm,,,,,,,,,,,,
GEO_diagnosis,DA,spearman_qc_library,panel,8,4,,TOLLIP,Fewer than five independent donors in an arm,,,,,,,,,,,,
GEO_diagnosis,DA,spearman_qc_library,panel,8,4,,UVRAG,Fewer than five independent donors in an arm,,,,,,,,,,,,
GEO_diagnosis,DA,spearman_qc_library,panel,8,4,,WDR45,Fewer than five independent donors in an arm,,,,,,,,,,,,
GEO_diagnosis,DA,spearman_qc_library,panel,8,4,,WIPI1,Fewer than five independent donors in an arm,,,,,,,,,,,,
GEO_diagnosis,DA,spearman_qc_library,panel,8,4,,WIPI2,Fewer than five independent donors in an arm,,,,,,,,,,,,
GEO_diagnosis,DA,spearman_qc_library,panel,8,4,,ZFYVE21,Fewer than five independent donors in an arm,,,,,,,,,,,,
exclude_4775,DA,spearman_qc_library,panel,8,4,,ATG10,Fewer than five independent donors in an arm,,,,,,,,,,,,
exclude_4775,DA,spearman_qc_library,panel,8,4,,ATG12,Fewer than five independent donors in an arm,,,,,,,,,,,,
exclude_4775,DA,spearman_qc_library,panel,8,4,,ATG13,Fewer than five independent donors in an arm,,,,,,,,,,,,
exclude_4775,DA,spearman_qc_library,panel,8,4,,ATG16L1,Fewer than five independent donors in an arm,,,,,,,,,,,,
exclude_4775,DA,spearman_qc_library,panel,8,4,,ATG2A,Fewer than five independent donors in an arm,,,,,,,,,,,,
exclude_4775,DA,spearman_qc_library,panel,8,4,,ATG2B,Fewer than five independent donors in an arm,,,,,,,,,,,,
exclude_4775,DA,spearman_qc_library,panel,8,4,,ATG3,Fewer than five independent donors in an arm,,,,,,,,,,,,
exclude_4775,DA,spearman_qc_library,panel,8,4,,ATG4B,Fewer than five independent donors in an arm,,,,,,,,,,,,
exclude_4775,DA,spearman_qc_library,panel,8,4,,ATG4C,Fewer than five independent donors in an arm,,,,,,,,,,,,
exclude_4775,DA,spearman_qc_library,panel,8,4,,ATG5,Fewer than five independent donors in an arm,,,,,,,,,,,,
exclude_4775,DA,spearman_qc_library,panel,8,4,,ATG7,Fewer than five independent donors in an arm,,,,,,,,,,,,
exclude_4775,DA,spearman_qc_library,panel,8,4,,ATG9B,Fewer than five independent donors in an arm,,,,,,,,,,,,
exclude_4775,DA,spearman_qc_library,panel,8,4,,BCL2,Fewer than five independent donors in an arm,,,,,,,,,,,,
exclude_4775,DA,spearman_qc_library,panel,8,4,,BECN1,Fewer than five independent donors in an arm,,,,,,,,,,,,
exclude_4775,DA,spearman_qc_library,panel,8,4,,CALCOCO2,Fewer than five independent donors in an arm,,,,,,,,,,,,
exclude_4775,DA,spearman_qc_library,panel,8,4,,CLEC16A,Fewer than five independent donors in an arm,,,,,,,,,,,,
exclude_4775,DA,spearman_qc_library,panel,8,4,,CTNS,Fewer than five independent donors in an arm,,,,,,,,,,,,
exclude_4775,DA,spearman_qc_library,panel,8,4,,EPG5,Fewer than five independent donors in an arm,,,,,,,,,,,,
exclude_4775,DA,spearman_qc_library,panel,8,4,,GABARAP,Fewer than five independent donors in an arm,,,,,,,,,,,,
exclude_4775,DA,spearman_qc_library,panel,8,4,,GABARAPL1,Fewer than five independent donors in an arm,,,,,,,,,,,,
exclude_4775,DA,spearman_qc_library,panel,8,4,,GABARAPL2,Fewer than five independent donors in an arm,,,,,,,,,,,,
exclude_4775,DA,spearman_qc_library,panel,8,4,,GRN,Fewer than five independent donors in an arm,,,,,,,,,,,,
exclude_4775,DA,spearman_qc_library,panel,8,4,,LAMP2,Fewer than five independent donors in an arm,,,,,,,,,,,,
exclude_4775,DA,spearman_qc_library,panel,8,4,,MAP1LC3A,Fewer than five independent donors in an arm,,,,,,,,,,,,
exclude_4775,DA,spearman_qc_library,panel,8,4,,MAP1LC3B,Fewer than five independent donors in an arm,,,,,,,,,,,,
exclude_4775,DA,spearman_qc_library,panel,8,4,,NBR1,Fewer than five independent donors in an arm,,,,,,,,,,,,
exclude_4775,DA,spearman_qc_library,panel,8,4,,OPTN,Fewer than five independent donors in an arm,,,,,,,,,,,,
exclude_4775,DA,spearman_qc_library,panel,8,4,,PIK3R4,Fewer than five independent donors in an arm,,,,,,,,,,,,
exclude_4775,DA,spearman_qc_library,panel,8,4,,PINK1,Fewer than five independent donors in an arm,,,,,,,,,,,,
exclude_4775,DA,spearman_qc_library,panel,8,4,,PRKN,Fewer than five independent donors in an arm,,,,,,,,,,,,
exclude_4775,DA,spearman_qc_library,panel,8,4,,RB1CC1,Fewer than five independent donors in an arm,,,,,,,,,,,,
exclude_4775,DA,spearman_qc_library,panel,8,4,,SNX14,Fewer than five independent donors in an arm,,,,,,,,,,,,
exclude_4775,DA,spearman_qc_library,panel,8,4,,SNX30,Fewer than five independent donors in an arm,,,,,,,,,,,,
exclude_4775,DA,spearman_qc_library,panel,8,4,,SNX4,Fewer than five independent donors in an arm,,,,,,,,,,,,
exclude_4775,DA,spearman_qc_library,panel,8,4,,SPG11,Fewer than five independent donors in an arm,,,,,,,,,,,,
exclude_4775,DA,spearman_qc_library,panel,8,4,,SQSTM1,Fewer than five independent donors in an arm,,,,,,,,,,,,
exclude_4775,DA,spearman_qc_library,panel,8,4,,TOLLIP,Fewer than five independent donors in an arm,,,,,,,,,,,,
exclude_4775,DA,spearman_qc_library,panel,8,4,,UVRAG,Fewer than five independent donors in an arm,,,,,,,,,,,,
exclude_4775,DA,spearman_qc_library,panel,8,4,,WDR45,Fewer than five independent donors in an arm,,,,,,,,,,,,
exclude_4775,DA,spearman_qc_library,panel,8,4,,WIPI1,Fewer than five independent donors in an arm,,,,,,,,,,,,
exclude_4775,DA,spearman_qc_library,panel,8,4,,WIPI2,Fewer than five independent donors in an arm,,,,,,,,,,,,
exclude_4775,DA,spearman_qc_library,panel,8,4,,ZFYVE21,Fewer than five independent donors in an arm,,,,,,,,,,,,
Sepulveda_only,DA,spearman_qc_library,panel,6,5,intercept + female + age_per_10_years + PD,ATG10,tested,0.02781623742994116,-0.08375491727179286,0.13938739213167517,0.04718346039717076,0.5895336458113847,7.0,0.5589707492569996,0.52575,0.5740300632696469,-0.026786078519939766,-0.007154759078236708,1.0
Sepulveda_only,DA,spearman_qc_library,panel,6,5,intercept + female + age_per_10_years + PD,ATG12,tested,0.018352938261954676,-0.1267818188026239,0.16348769532653323,0.061377513574331695,0.2990172979185319,7.0,0.5589707492569996,0.7037,0.7736091388892503,-0.004798871296044333,0.007565117670651067,1.0
Sepulveda_only,DA,spearman_qc_library,panel,6,5,intercept + female + age_per_10_years + PD,ATG13,tested,0.005599936007205829,-0.16052087034499035,0.171720742359402,0.07025251740576546,0.07971153510217492,7.0,0.5589707492569996,0.90965,0.938697662189568,-0.023622063079156642,-0.04160725962149549,1.0
Sepulveda_only,DA,spearman_qc_library,panel,6,5,intercept + female + age_per_10_years + PD,ATG16L1,tested,5.725925956936588e-05,-0.0953996148897346,0.09551413340887334,0.04036872839670805,0.0014184063220092711,7.0,0.5589707492569996,0.99515,0.998907851802967,-0.05088900563840217,-0.06807798351650515,1.0
Sepulveda_only,DA,spearman_qc_library,panel,6,5,intercept + female + age_per_10_years + PD,ATG2A,tested,-0.06799491819991282,-0.2893129269408422,0.1533230905410166,0.09359542373227799,-0.7264769524886889,7.0,0.5589707492569996,0.57255,0.4911191465784407,0.007784805435790975,0.006945258099593782,1.0
Sepulveda_only,DA,spearman_qc_library,panel,6,5,intercept + female + age_per_10_years + PD,ATG2B,tested,-0.14168439378637057,-0.30424497213862517,0.020876184565884026,0.06874689637594626,-2.0609569486826214,7.0,0.5589707492569996,0.00605,0.0782544747203659,0.015837342661054264,-0.07020572907168277,0.45000000000000007
Sepulveda_only,DA,spearman_qc_library,panel,6,5,intercept + female + age_per_10_years + PD,ATG3,tested,0.04396848521338798,-0.06811259909570866,0.15604956952248464,0.04739910971530016,0.9276225962361315,7.0,0.5589707492569996,0.2737,0.3844725193571593,-0.03584083885689051,0.026472111719124287,1.0
Sepulveda_only,DA,spearman_qc_library,panel,6,5,intercept + female + age_per_10_years + PD,ATG4B,tested,0.030664555826505024,-0.03636928353737,0.09769839519038005,0.028348622126849302,1.0816947536036425,7.0,0.5589707492569996,0.2335,0.31523814418894014,-0.03508775412268454,-0.025975799293366207,1.0
Sepulveda_only,DA,spearman_qc_library,panel,6,5,intercept + female + age_per_10_years + PD,ATG4C,tested,0.06816434452513769,-0.05053190375979451,0.1868605928100699,0.0501966636915859,1.3579457181446817,7.0,0.5589707492569996,0.30015,0.2166247345689392,-0.020827957990093543,0.01119409365159137,1.0
Sepulveda_only,DA,spearman_qc_library,panel,6,5,intercept + female + age_per_10_years + PD,ATG5,tested,-0.061884231493497595,-0.20666455991411817,0.08289609692712299,0.06122762564021001,-1.010724012999393,7.0,0.5589707492569996,0.322,0.3458023112260022,0.029580923113416785,0.007941141689413416,1.0
Sepulveda_only,DA,spearman_qc_library,panel,6,5,intercept + female + age_per_10_years + PD,ATG7,tested,0.012248661202116987,-0.15587313683211645,0.18037045923635042,0.07109873713018144,0.1722767758826679,7.0,0.5589707492569996,0.834,0.868094985338945,0.0686684258160198,0.11073569494472721,1.0
Sepulveda_only,DA,spearman_qc_library,panel,6,5,intercept + female + age_per_10_years + PD,ATG9B,tested,-0.13831286722849592,-0.4409049867483922,0.16427925229140036,0.12796625907503573,-1.0808541894421813,7.0,0.5589707492569996,0.1958,0.31558707207606035,0.020636542211032994,-0.07334093155063076,1.0
Sepulveda_only,DA,spearman_qc_library,panel,6,5,intercept + female + age_per_10_years + PD,BCL2,tested,0.0501822725818452,-0.14265358021985935,0.24301812538354978,0.0815503151163718,0.615353509183078,7.0,0.5589707492569996,0.51135,0.5577889461443448,-0.10113770447206671,-0.12102261101198941,1.0
Sepulveda_only,DA,spearman_qc_library,panel,6,5,intercept + female + age_per_10_years + PD,BECN1,tested,-0.0245700781222346,-0.08711595032382041,0.03797579407935122,0.026450660046670307,-0.9289022685589866,7.0,0.5589707492569996,0.2795,0.3838532030314031,-0.009808940523375347,-0.050826209431072265,1.0
Sepulveda_only,DA,spearman_qc_library,panel,6,5,intercept + female + age_per_10_years + PD,CALCOCO2,tested,0.03490644336067787,-0.16680123155852322,0.236614118279879,0.08530221020655622,0.4092091315823257,7.0,0.5589707492569996,0.86455,0.6946170939441454,-0.026612828235524313,-0.03160494595013533,1.0
Sepulveda_only,DA,spearman_qc_library,panel,6,5,intercept + female + age_per_10_years + PD,CLEC16A,tested,0.021495893663058704,-0.112292272641523,0.15528405996764041,0.056579038402156265,0.3799268115917552,7.0,0.5589707492569996,0.62185,0.7152642654240954,-0.026238282924340772,0.02244190187721868,1.0
Sepulveda_only,DA,spearman_qc_library,panel,6,5,intercept + female + age_per_10_years + PD,CTNS,tested,-0.02797568917785083,-0.1372785048545488,0.08132712649884712,0.04622417943569584,-0.6052176484121009,7.0,0.5589707492569996,0.48555,0.5641318173421748,-0.019888570014592308,-0.04067453568168345,1.0
Sepulveda_only,DA,spearman_qc_library,panel,6,5,intercept + female + age_per_10_years + PD,EPG5,tested,0.026970407759991526,-0.23321445278454941,0.2871552683045325,0.11003222200456393,0.24511372458581127,7.0,0.5589707492569996,0.74815,0.813399008527445,-0.0005600224823031773,-0.014577543604955067,1.0
Sepulveda_only,DA,spearman_qc_library,panel,6,5,intercept + female + age_per_10_years + PD,GABARAP,tested,-0.039393437677177984,-0.16251911508861056,0.08373223973425459,0.05206987002642235,-0.7565495680551568,7.0,0.5589707492569996,0.4098,0.4740076380025523,0.03450349488801429,-0.017596664047938682,1.0
Sepulveda_only,DA,spearman_qc_library,panel,6,5,intercept + female + age_per_10_years + PD,GABARAPL1,tested,0.06675123943172846,-0.16279801332609545,0.2963004921895524,0.09707641823420685,0.6876153925527436,7.0,0.5589707492569996,0.6512,0.5138260832664738,-0.001683170672348593,0.04779780457236693,1.0
Sepulveda_only,DA,spearman_qc_library,panel,6,5,intercept + female + age_per_10_years + PD,GABARAPL2,tested,-0.026907988611086862,-0.22185130259009553,0.1680353253679218,0.08244156080853776,-0.3263886363527003,7.0,0.5589707492569996,0.67175,0.7536718916290026,-0.011842162530314443,0.0005560096775768464,1.0
Sepulveda_only,DA,spearman_qc_library,panel,6,5,intercept + female + age_per_10_years + PD,GRN,tested,-0.04055774634635352,-0.3369006072178958,0.25578511452518876,0.1253234465242958,-0.32362456883509666,7.0,0.5589707492569996,0.63115,0.755676417065312,0.014309313871850747,-0.00045530787980735675,1.0
Sepulveda_only,DA,spearman_qc_library,panel,6,5,intercept + female + age_per_10_years + PD,LAMP2,tested,-0.0007672985681123171,-0.07710263466014515,0.07556803752392051,0.03228222668333801,-0.02376845239452912,7.0,0.5589707492569996,0.97575,0.9817006671759946,-0.0029638180710902158,-0.006776054461946954,1.0
Sepulveda_only,DA,spearman_qc_library,panel,6,5,intercept + female + age_per_10_years + PD,MAP1LC3A,tested,-0.04485783899421434,-0.21795704294773174,0.12824136495930308,0.07320368294436623,-0.6127811769840278,7.0,0.5589707492569996,0.45145,0.5593946393326216,-0.011328199738782846,-0.05923614378245088,1.0
Sepulveda_only,DA,spearman_qc_library,panel,6,5,intercept + female + age_per_10_years + PD,MAP1LC3B,tested,0.11115200144766338,-0.0721659731973919,0.29446997609271863,0.07752520281678225,1.433753120393021,7.0,0.5589707492569996,0.09365,0.19476154281219382,-0.024791577303639272,0.030993009832540903,1.0
Sepulveda_only,DA,spearman_qc_library,panel,6,5,intercept + female + age_per_10_years + PD,NBR1,tested,-0.07057660835490147,-0.1888084326772038,0.047655215967400855,0.05000025871839346,-1.4115248633491297,7.0,0.5589707492569996,0.0431,0.20095896494948337,0.007630918945300356,-0.031593922905304196,0.9595764705882354
Sepulveda_only,DA,spearman_qc_library,panel,6,5,intercept + female + age_per_10_years + PD,OPTN,tested,0.03436500157694811,-0.17573377767819123,0.24446378083208745,0.08885080966473782,0.38677195747138504,7.0,0.5589707492569996,0.6477,0.7104139433328581,-0.03265483944683687,0.05180737878465127,1.0
Sepulveda_only,DA,spearman_qc_library,panel,6,5,intercept + female + age_per_10_years + PD,PIK3R4,tested,-0.050551353768277046,-0.15010775951063288,0.0490050519740788,0.04210242100825101,-1.2006756988718121,7.0,0.5589707492569996,0.26215,0.2689258492183555,0.0030914222591865697,-0.043718016983072164,1.0
Sepulveda_only,DA,spearman_qc_library,panel,6,5,intercept + female + age_per_10_years + PD,PINK1,tested,0.07470355907963272,-0.05979542072740818,0.20920253888667362,0.0568796415538644,1.3133619875028444,7.0,0.5589707492569996,0.25635,0.23047059018063476,-0.03290610940857692,-0.009475974629513016,1.0
Sepulveda_only,DA,spearman_qc_library,panel,6,5,intercept + female + age_per_10_years + PD,PRKN,tested,0.009511846575721601,-0.12361646690481701,0.1426401600562602,0.056299986530062344,0.16894935792999857,7.0,0.5589707492569996,0.8145,0.870614862157346,0.01884842984607084,0.041377640897095044,1.0
Sepulveda_only,DA,spearman_qc_library,panel,6,5,intercept + female + age_per_10_years + PD,RB1CC1,tested,-0.059998495968645704,-0.24063434067218065,0.12063734873488924,0.07639092960598591,-0.7854138741092671,7.0,0.5589707492569996,0.54575,0.4579658006756041,0.018610733691555043,-0.016686679064375303,1.0
Sepulveda_only,DA,spearman_qc_library,panel,6,5,intercept + female + age_per_10_years + PD,SNX14,tested,0.009659554368455944,-0.15815414540110673,0.17747325413801862,0.07096844232138079,0.13611055917942547,7.0,0.5589707492569996,0.9136,0.8955655598874743,-0.00023707042265716082,-0.012562544020418972,1.0
Sepulveda_only,DA,spearman_qc_library,panel,6,5,intercept + female + age_per_10_years + PD,SNX30,tested,-0.06832892392372739,-0.39295107738528856,0.25629322953783384,0.13728276419514202,-0.49772398104251836,7.0,0.5589707492569996,0.7787,0.6339310811074801,0.044574029520864096,-0.018850926554036716,1.0
Sepulveda_only,DA,spearman_qc_library,panel,6,5,intercept + female + age_per_10_years + PD,SNX4,tested,0.07314462430564608,-0.15644836456640093,0.3027376131776931,0.09709491424438876,0.7533311592566054,7.0,0.5589707492569996,0.46925,0.4758195863301543,-0.0323586751639978,-0.05695571581110133,1.0
Sepulveda_only,DA,spearman_qc_library,panel,6,5,intercept + female + age_per_10_years + PD,SPG11,tested,-0.06436809166874756,-0.3619564684649608,0.23322028512746568,0.12585017542176813,-0.511466046455855,7.0,0.5589707492569996,0.6739,0.6247590597173686,0.014766864917450528,-0.016924045314161286,1.0
Sepulveda_only,DA,spearman_qc_library,panel,6,5,intercept + female + age_per_10_years + PD,SQSTM1,tested,0.03907293450208219,-0.027449835044610564,0.10559570404877494,0.028132490613792242,1.3888899862611626,7.0,0.5589707492569996,0.05675,0.20745003905343282,-0.013905699146208752,0.06561919359819457,0.9718800000000001
Sepulveda_only,DA,spearman_qc_library,panel,6,5,intercept + female + age_per_10_years + PD,TOLLIP,tested,0.03165950460340973,-0.14305715167188282,0.20637616087870225,0.07388770380775882,0.42848137067273734,7.0,0.5589707492569996,0.5333,0.6811768329815016,0.014083457934882223,0.03149384265247203,1.0
Sepulveda_only,DA,spearman_qc_library,panel,6,5,intercept + female + age_per_10_years + PD,UVRAG,tested,-0.10935104838033329,-0.5259582081379472,0.3072561113772807,0.17618323908317196,-0.6206665795757746,7.0,0.5589707492569996,0.6739,0.5544811606075211,0.005300145751736925,-0.030164081858763337,1.0
Sepulveda_only,DA,spearman_qc_library,panel,6,5,intercept + female + age_per_10_years + PD,WDR45,tested,0.007900192150755242,-0.1363785259381953,0.15217891023970578,0.06101549454519323,0.12947845804812239,7.0,0.5589707492569996,0.87205,0.9006210183435401,-0.019374498854603812,-0.020674735570879427,1.0
Sepulveda_only,DA,spearman_qc_library,panel,6,5,intercept + female + age_per_10_years + PD,WIPI1,tested,-0.005917173125950618,-0.0778300177132011,0.06599567146129985,0.030411954269912143,-0.19456734261253092,7.0,0.5589707492569996,0.7389,0.8512580452036361,0.006500751273407633,0.03598123687835124,1.0
Sepulveda_only,DA,spearman_qc_library,panel,6,5,intercept + female + age_per_10_years + PD,WIPI2,tested,0.017865339628401925,-0.1682052367371475,0.20393591599395133,0.07868927855495421,0.22703651572971675,7.0,0.5589707492569996,0.7705,0.8268833663437444,-0.04516014057775953,-0.07565596657619504,1.0
Sepulveda_only,DA,spearman_qc_library,panel,6,5,intercept + female + age_per_10_years + PD,ZFYVE21,tested,0.005853572325991776,-0.1032656900279459,0.11497283467992946,0.0461465547041209,0.1268474399339947,7.0,0.5589707492569996,0.8786,0.9026279528826616,-0.010847673761822468,0.0001691447423726844,1.0
published_primary,DA_minus_NonDA,spearman_qc_library,panel,8,5,intercept + female + age_per_10_years + bank_Umaryland + PD,ATG10,tested,0.07056199475508529,-0.11763483112206835,0.25875882063223893,0.08161166019523648,0.8646067802846126,8.0,0.6049802273850715,0.36655,0.4124279539664193,-0.011711176027816206,-0.005022849755929032,1.0
published_primary,DA_minus_NonDA,spearman_qc_library,panel,8,5,intercept + female + age_per_10_years + bank_Umaryland + PD,ATG12,tested,0.031438584235816046,-0.09298719337812039,0.1558643618497525,0.05395730897600314,0.582656637857866,8.0,0.6049802273850715,0.5148,0.5761744211969229,-0.024330122687818152,-0.025043735600990186,1.0
published_primary,DA_minus_NonDA,spearman_qc_library,panel,8,5,intercept + female + age_per_10_years + bank_Umaryland + PD,ATG13,tested,0.04585192007048078,-0.1719108937081442,0.2636147338491057,0.09443296760414252,0.48554992217007675,8.0,0.6049802273850715,0.7735,0.6403046802730392,-0.040854566168270226,-0.05934475899366252,1.0
published_primary,DA_minus_NonDA,spearman_qc_library,panel,8,5,intercept + female + age_per_10_years + bank_Umaryland + PD,ATG16L1,tested,0.013161011903989418,-0.07489915657264026,0.10122118038061911,0.038187341964742556,0.34464330919236696,8.0,0.6049802273850715,0.6473,0.7392476558403254,-0.03430727332925142,-0.07311764746349321,1.0
published_primary,DA_minus_NonDA,spearman_qc_library,panel,8,5,intercept + female + age_per_10_years + bank_Umaryland + PD,ATG2A,tested,-0.004789025839806328,-0.09347801139687105,0.0838999597172584,0.038460028848032096,-0.12451955922158313,8.0,0.6049802273850715,0.87045,0.9039758976475025,-0.006208960728607108,0.0050348656056741735,1.0
published_primary,DA_minus_NonDA,spearman_qc_library,panel,8,5,intercept + female + age_per_10_years + bank_Umaryland + PD,ATG2B,tested,-0.10120251165865116,-0.2362084060080672,0.03380338269076488,0.058545382594234745,-1.7286164540090831,8.0,0.6049802273850715,0.03215,0.12213816619484881,0.0052544214350422995,-0.07421739585559911,0.8936780487804877
published_primary,DA_minus_NonDA,spearman_qc_library,panel,8,5,intercept + female + age_per_10_years + bank_Umaryland + PD,ATG3,tested,0.055994848589933637,-0.03217703365708272,0.14416673083695,0.038235786704580395,1.4644617887050255,8.0,0.6049802273850715,0.1087,0.1812269608763463,-0.03475247402927862,0.011975265900298772,1.0
published_primary,DA_minus_NonDA,spearman_qc_library,panel,8,5,intercept + female + age_per_10_years + bank_Umaryland + PD,ATG4B,tested,0.08120136036842798,0.004680242224714193,0.15772247851214177,0.03318342624854246,2.44704569565039,8.0,0.6049802273850715,0.0005,0.040121166878511666,-0.03370710118392566,-0.02657528049003987,0.168
published_primary,DA_minus_NonDA,spearman_qc_library,panel,8,5,intercept + female + age_per_10_years + bank_Umaryland + PD,ATG4C,tested,0.10967751193602358,-0.08849207174747652,0.30784709561952367,0.08593635226965123,1.2762644566513286,8.0,0.6049802273850715,0.3049,0.2376643625218628,-0.005147209093183145,0.009304515213350672,1.0
published_primary,DA_minus_NonDA,spearman_qc_library,panel,8,5,intercept + female + age_per_10_years + bank_Umaryland + PD,ATG5,tested,-0.0254049687967429,-0.18318708629147384,0.13237714869798806,0.06842230466878485,-0.3712965957478626,8.0,0.6049802273850715,0.62205,0.7200571631054173,0.01942599040346603,-0.00022277871899459273,1.0
published_primary,DA_minus_NonDA,spearman_qc_library,panel,8,5,intercept + female + age_per_10_years + bank_Umaryland + PD,ATG7,tested,0.03019525846419044,-0.1543841025753985,0.21477461950377938,0.08004294451836179,0.3772382268778689,8.0,0.6049802273850715,0.63345,0.7158072012532393,0.0724823160772403,0.11790416600462543,1.0
published_primary,DA_minus_NonDA,spearman_qc_library,panel,8,5,intercept + female + age_per_10_years + bank_Umaryland + PD,ATG9B,tested,-0.11186441485860965,-0.3696075047969096,0.14587867507969032,0.11177043701813229,-1.0008408112465563,8.0,0.6049802273850715,0.2797,0.34621091796118225,0.014797446126810157,-0.07886602579668256,1.0
published_primary,DA_minus_NonDA,spearman_qc_library,panel,8,5,intercept + female + age_per_10_years + bank_Umaryland + PD,BCL2,tested,0.0023790611787550715,-0.18268458250216701,0.18744270485967718,0.08025295396022523,0.02964453096560378,8.0,0.6049802273850715,0.9652,0.9770767549052812,-0.005455852568411277,-0.11286433828360476,1.0
published_primary,DA_minus_NonDA,spearman_qc_library,panel,8,5,intercept + female + age_per_10_years + bank_Umaryland + PD,BECN1,tested,0.01948123393985423,-0.10225775107487262,0.1412202189545811,0.05279217984271531,0.3690174188278457,8.0,0.6049802273850715,0.713,0.7216901874085329,-0.03172727745561546,-0.055514287894443105,1.0
published_primary,DA_minus_NonDA,spearman_qc_library,panel,8,5,intercept + female + age_per_10_years + bank_Umaryland + PD,CALCOCO2,tested,0.06832857020543866,-0.2285868632050233,0.3652440036159006,0.128757545964316,0.5306762387687578,8.0,0.6049802273850715,0.89125,0.6100542013172428,-0.029926816142677972,-0.04402829523316989,1.0
published_primary,DA_minus_NonDA,spearman_qc_library,panel,8,5,intercept + female + age_per_10_years + bank_Umaryland + PD,CLEC16A,tested,0.053655184547473866,-0.1723322111693502,0.27964258026429795,0.09799956222262099,0.5475043289028977,8.0,0.6049802273850715,0.5077,0.5989701565762655,0.02299539149107884,0.0730084640425969,1.0
published_primary,DA_minus_NonDA,spearman_qc_library,panel,8,5,intercept + female + age_per_10_years + bank_Umaryland + PD,CTNS,tested,0.0344575974421613,-0.1491382451390298,0.21805344002335242,0.07961644118150477,0.4327949972494619,8.0,0.6049802273850715,0.6813,0.6765947174902676,-0.01768250088766536,-0.04537627851108193,1.0
published_primary,DA_minus_NonDA,spearman_qc_library,panel,8,5,intercept + female + age_per_10_years + bank_Umaryland + PD,EPG5,tested,0.06866385990297752,-0.1581873602768639,0.2955150800828189,0.0983741601905491,0.6979867454011985,8.0,0.6049802273850715,0.41055,0.5049635187519406,0.020221995824635776,0.00015323834772048745,1.0
published_primary,DA_minus_NonDA,spearman_qc_library,panel,8,5,intercept + female + age_per_10_years + bank_Umaryland + PD,GABARAP,tested,-0.037673233987784945,-0.1364951243155582,0.06114865633998829,0.042854168744299835,-0.8791031325930451,8.0,0.6049802273850715,0.21875,0.40497602254774046,0.0349767116720669,-0.026049363905227597,1.0
published_primary,DA_minus_NonDA,spearman_qc_library,panel,8,5,intercept + female + age_per_10_years + bank_Umaryland + PD,GABARAPL1,tested,0.058829095474594015,-0.15448878023123797,0.272146971180426,0.09250541768987117,0.6359529738228021,8.0,0.6049802273850715,0.6882,0.5425681670727724,-0.020170417673518355,0.03810415991182593,1.0
published_primary,DA_minus_NonDA,spearman_qc_library,panel,8,5,intercept + female + age_per_10_years + bank_Umaryland + PD,GABARAPL2,tested,-0.05517360199900813,-0.2935261669463316,0.18317896294831537,0.10336172486693058,-0.5337914210510655,8.0,0.6049802273850715,0.56685,0.6079941288282353,-0.030026389816137308,-0.040743456479564996,1.0
published_primary,DA_minus_NonDA,spearman_qc_library,panel,8,5,intercept + female + age_per_10_years + bank_Umaryland + PD,GRN,tested,-0.022536305600814294,-0.2670602410109708,0.22198762980934225,0.1060379431655347,-0.21253058035681724,8.0,0.6049802273850715,0.74335,0.8370085029351929,0.0025075205536583076,-0.02978541888143333,1.0
published_primary,DA_minus_NonDA,spearman_qc_library,panel,8,5,intercept + female + age_per_10_years + bank_Umaryland + PD,LAMP2,tested,0.01915143794285236,-0.07294725721354477,0.11125013309924948,0.03993865134810973,0.4795213983548492,8.0,0.6049802273850715,0.56795,0.644402424047424,-0.0065292774766666645,-0.028004508519318662,1.0
published_primary,DA_minus_NonDA,spearman_qc_library,panel,8,5,intercept + female + age_per_10_years + bank_Umaryland + PD,MAP1LC3A,tested,-0.042633322087819794,-0.22346006983886924,0.13819342566322967,0.07841562163913149,-0.5436840414786004,8.0,0.6049802273850715,0.46905,0.6014768455469078,-0.05897527507743893,-0.09869578047537789,1.0
published_primary,DA_minus_NonDA,spearman_qc_library,panel,8,5,intercept + female + age_per_10_years + bank_Umaryland + PD,MAP1LC3B,tested,0.08826644622107996,-0.03577673669614774,0.21230962913830764,0.053791396568953966,1.6409026694061235,8.0,0.6049802273850715,0.157,0.1394461800193808,-0.04489426568786211,0.002352041838507895,1.0
published_primary,DA_minus_NonDA,spearman_qc_library,panel,8,5,intercept + female + age_per_10_years + bank_Umaryland + PD,NBR1,tested,-0.03218404419780416,-0.18583199818705692,0.12146390979144861,0.06662952232174957,-0.483029790344129,8.0,0.6049802273850715,0.58015,0.6420160936729745,-0.004804032791890631,-0.0384517823832836,1.0
published_primary,DA_minus_NonDA,spearman_qc_library,panel,8,5,intercept + female + age_per_10_years + bank_Umaryland + PD,OPTN,tested,0.07129154720759412,-0.20155139929383376,0.344134493709022,0.1183184983740194,0.6025393170747715,8.0,0.6049802273850715,0.5008,0.5635003757810203,-0.08911966262544356,-0.013185282581165437,1.0
published_primary,DA_minus_NonDA,spearman_qc_library,panel,8,5,intercept + female + age_per_10_years + bank_Umaryland + PD,PIK3R4,tested,-0.05560509112047205,-0.1236977411451442,0.012487558904200093,0.029528416272196656,-1.8831044173821354,8.0,0.6049802273850715,0.03875,0.09644386406525852,0.022377224308128746,-0.04620093561650246,0.93
published_primary,DA_minus_NonDA,spearman_qc_library,panel,8,5,intercept + female + age_per_10_years + bank_Umaryland + PD,PINK1,tested,0.08807881867008405,-0.17018296924016824,0.34634060658033633,0.11199537068762236,0.7864505303148075,8.0,0.6049802273850715,0.4356,0.4542668431670459,-0.07753699452121762,-0.052574462257333934,1.0
published_primary,DA_minus_NonDA,spearman_qc_library,panel,8,5,intercept + female + age_per_10_years + bank_Umaryland + PD,PRKN,tested,0.020384363029546167,-0.217988530672441,0.2587572567315333,0.10337054044291107,0.1971970248216312,8.0,0.6049802273850715,0.79405,0.8485913566881209,0.0778328342964143,0.061334622363019675,1.0
published_primary,DA_minus_NonDA,spearman_qc_library,panel,8,5,intercept + female + age_per_10_years + bank_Umaryland + PD,RB1CC1,tested,-0.07057363945263206,-0.2384103835232281,0.09726310461796397,0.07278249918149746,-0.9696512244879477,8.0,0.6049802273850715,0.3731,0.3606188076407033,0.04024979740454375,-0.024634373557255444,1.0
published_primary,DA_minus_NonDA,spearman_qc_library,panel,8,5,intercept + female + age_per_10_years + bank_Umaryland + PD,SNX14,tested,0.005387883759847693,-0.2432420843746385,0.2540178518943339,0.10781852658338284,0.04997178064458991,8.0,0.6049802273850715,0.98345,0.961370009225249,0.02548670832689321,-0.021694059369989277,1.0
published_primary,DA_minus_NonDA,spearman_qc_library,panel,8,5,intercept + female + age_per_10_years + bank_Umaryland + PD,SNX30,tested,-0.04158183080126105,-0.2782424175489948,0.19507875594647273,0.10262799756181228,-0.4051704387607928,8.0,0.6049802273850715,0.7684,0.6959708087566359,0.060832839751525994,-0.010598591905058097,1.0
published_primary,DA_minus_NonDA,spearman_qc_library,panel,8,5,intercept + female + age_per_10_years + bank_Umaryland + PD,SNX4,tested,0.0829608543111715,-0.19429911073080441,0.3602208193531474,0.12023394096731038,0.6899953011914264,8.0,0.6049802273850715,0.5461,0.5097144347989221,-0.03339742740595207,-0.07508473610136768,1.0
published_primary,DA_minus_NonDA,spearman_qc_library,panel,8,5,intercept + female + age_per_10_years + bank_Umaryland + PD,SPG11,tested,0.00033310198792458473,-0.15862050663121166,0.15928671060706082,0.06893032245878258,0.0048324449392176515,8.0,0.6049802273850715,0.996,0.9962626129108189,0.008001577172063805,-0.00603872861385254,1.0
published_primary,DA_minus_NonDA,spearman_qc_library,panel,8,5,intercept + female + age_per_10_years + bank_Umaryland + PD,SQSTM1,tested,0.0739912061971284,-0.046027196102737145,0.19400960849699395,0.05204604817333892,1.4216488819804594,8.0,0.6049802273850715,0.1783,0.19291875169031003,-0.017420041004641423,0.05052248096144919,1.0
published_primary,DA_minus_NonDA,spearman_qc_library,panel,8,5,intercept + female + age_per_10_years + bank_Umaryland + PD,TOLLIP,tested,0.07453630211668377,-0.02361878719780773,0.1726913914311753,0.042565010107005335,1.7511167489284023,8.0,0.6049802273850715,0.08475,0.11803207047468325,-0.01489662244292288,0.028423559095416724,1.0
published_primary,DA_minus_NonDA,spearman_qc_library,panel,8,5,intercept + female + age_per_10_years + bank_Umaryland + PD,UVRAG,tested,-0.060108439714495754,-0.43534993293978475,0.31513305351079324,0.16272368619142083,-0.36938961451369096,8.0,0.6049802273850715,0.8266,0.7214234061279965,-0.013979707971560102,-0.032734583868127366,1.0
published_primary,DA_minus_NonDA,spearman_qc_library,panel,8,5,intercept + female + age_per_10_years + bank_Umaryland + PD,WDR45,tested,0.04035618204782802,-0.18658092000279092,0.26729328409844694,0.09841140291248215,0.4100762803241105,8.0,0.6049802273850715,0.67765,0.6925118814191917,-0.04994923301579236,-0.01981820732029793,1.0
published_primary,DA_minus_NonDA,spearman_qc_library,panel,8,5,intercept + female + age_per_10_years + bank_Umaryland + PD,WIPI1,tested,0.09452020191698093,-0.0944986964350748,0.28353910026903667,0.08196815238985702,1.1531332494530784,8.0,0.6049802273850715,0.2902,0.2821431962264002,-0.08607751270245083,0.008824563146745467,1.0
published_primary,DA_minus_NonDA,spearman_qc_library,panel,8,5,intercept + female + age_per_10_years + bank_Umaryland + PD,WIPI2,tested,0.014432809980148138,-0.15703960772107461,0.1859052276813709,0.07435911111180266,0.19409605311779055,8.0,0.6049802273850715,0.80635,0.8509386757980402,-0.059836625613946606,-0.11366939125704083,1.0
published_primary,DA_minus_NonDA,spearman_qc_library,panel,8,5,intercept + female + age_per_10_years + bank_Umaryland + PD,ZFYVE21,tested,0.05651251027314581,-0.1397126043194239,0.2527376248657155,0.08509313214641313,0.6641253982273109,8.0,0.6049802273850715,0.58825,0.5252847764703621,-0.043728601263280126,-0.025934393327680626,1.0
published_PMI,DA_minus_NonDA,spearman_qc_library,panel,8,5,intercept + female + age_per_10_years + bank_Umaryland + PMI_per_10_hours + PD,ATG10,tested,0.04091068216891548,-0.12387659544828598,0.20569795978611694,0.06968856787576087,0.5870501204996791,7.0,0.6691010890576756,0.48845,0.5756066483692133,-0.011711176027816206,-0.005022849755929032,1.0
published_PMI,DA_minus_NonDA,spearman_qc_library,panel,8,5,intercept + female + age_per_10_years + bank_Umaryland + PMI_per_10_hours + PD,ATG12,tested,0.028761078917279144,-0.11006178067664793,0.1675839385112062,0.05870821105493366,0.48989874500463343,7.0,0.6691010890576756,0.46615,0.6391851064356475,-0.024330122687818152,-0.025043735600990186,1.0
published_PMI,DA_minus_NonDA,spearman_qc_library,panel,8,5,intercept + female + age_per_10_years + bank_Umaryland + PMI_per_10_hours + PD,ATG13,tested,0.03907628667492348,-0.1754212021661372,0.2535737755159842,0.09071102470061171,0.43077770098941426,7.0,0.6691010890576756,0.72235,0.6795835181089072,-0.040854566168270226,-0.05934475899366252,1.0
published_PMI,DA_minus_NonDA,spearman_qc_library,panel,8,5,intercept + female + age_per_10_years + bank_Umaryland + PMI_per_10_hours + PD,ATG16L1,tested,0.022097775489839978,-0.06209152910806298,0.10628708008774293,0.03560367130715698,0.6206600240520119,7.0,0.6691010890576756,0.3622,0.5544852346560563,-0.03430727332925142,-0.07311764746349321,1.0
published_PMI,DA_minus_NonDA,spearman_qc_library,panel,8,5,intercept + female + age_per_10_years + bank_Umaryland + PMI_per_10_hours + PD,ATG2A,tested,-0.0017224094110670307,-0.09111481597264282,0.08766999715050874,0.03780406401709801,-0.04556148805292521,7.0,0.6691010890576756,0.9465,0.9649322983033073,-0.006208960728607108,0.0050348656056741735,1.0
published_PMI,DA_minus_NonDA,spearman_qc_library,panel,8,5,intercept + female + age_per_10_years + bank_Umaryland + PMI_per_10_hours + PD,ATG2B,tested,-0.05881202961649874,-0.1484344962025536,0.03081043696955614,0.037901356440780465,-1.551713055663073,7.0,0.6691010890576756,0.0337,0.1646704160268719,0.0052544214350422995,-0.07421739585559911,0.8936780487804877
published_PMI,DA_minus_NonDA,spearman_qc_library,panel,8,5,intercept + female + age_per_10_years + bank_Umaryland + PMI_per_10_hours + PD,ATG3,tested,0.05089106404069337,-0.03960805020868483,0.14139017829007158,0.03827209088746846,1.329717370036785,7.0,0.6691010890576756,0.06195,0.22530395628714794,-0.03475247402927862,0.011975265900298772,1.0
published_PMI,DA_minus_NonDA,spearman_qc_library,panel,8,5,intercept + female + age_per_10_years + bank_Umaryland + PMI_per_10_hours + PD,ATG4B,tested,0.0749978109913586,-0.004283357385794634,0.15427897936851184,0.033528019660324426,2.2368696914153774,7.0,0.6691010890576756,0.0069,0.06035598565607049,-0.03370710118392566,-0.02657528049003987,0.46368000000000004
published_PMI,DA_minus_NonDA,spearman_qc_library,panel,8,5,intercept + female + age_per_10_years + bank_Umaryland + PMI_per_10_hours + PD,ATG4C,tested,0.08207931592212697,-0.10196667340995272,0.26612530525420663,0.07783308035238368,1.054555666440526,7.0,0.6691010890576756,0.31145,0.32666129407992817,-0.005147209093183145,0.009304515213350672,1.0
published_PMI,DA_minus_NonDA,spearman_qc_library,panel,8,5,intercept + female + age_per_10_years + bank_Umaryland + PMI_per_10_hours + PD,ATG5,tested,-0.02192470331557865,-0.18659858392011086,0.1427491772889536,0.0696406122597171,-0.31482640091980885,7.0,0.6691010890576756,0.6316,0.762070300637926,0.01942599040346603,-0.00022277871899459273,1.0
published_PMI,DA_minus_NonDA,spearman_qc_library,panel,8,5,intercept + female + age_per_10_years + bank_Umaryland + PMI_per_10_hours + PD,ATG7,tested,-0.008604959140754227,-0.21345893866719234,0.19624902038568387,0.08663278296283779,-0.0993268234779602,7.0,0.6691010890576756,0.92175,0.9236634624070299,0.0724823160772403,0.11790416600462543,1.0
published_PMI,DA_minus_NonDA,spearman_qc_library,panel,8,5,intercept + female + age_per_10_years + bank_Umaryland + PMI_per_10_hours + PD,ATG9B,tested,-0.11843726872186662,-0.3945196650137366,0.15764512757000337,0.11675529258989549,-1.014405994749027,7.0,0.6691010890576756,0.154,0.34416129657516986,0.014797446126810157,-0.07886602579668256,1.0
published_PMI,DA_minus_NonDA,spearman_qc_library,panel,8,5,intercept + female + age_per_10_years + bank_Umaryland + PMI_per_10_hours + PD,BCL2,tested,0.007497155202661484,-0.18161591322714898,0.19661022363247194,0.07997594896906382,0.09374262261722612,7.0,0.6691010890576756,0.8872,0.9279403747238533,-0.005455852568411277,-0.11286433828360476,1.0
published_PMI,DA_minus_NonDA,spearman_qc_library,panel,8,5,intercept + female + age_per_10_years + bank_Umaryland + PMI_per_10_hours + PD,BECN1,tested,0.026710511141422165,-0.11004545824684042,0.16346648052968477,0.05783412283360996,0.46184691377214954,7.0,0.6691010890576756,0.60245,0.658201249519585,-0.03172727745561546,-0.055514287894443105,1.0
published_PMI,DA_minus_NonDA,spearman_qc_library,panel,8,5,intercept + female + age_per_10_years + bank_Umaryland + PMI_per_10_hours + PD,CALCOCO2,tested,0.0883717397388125,-0.2345660765534427,0.4113095560310677,0.1365704577182942,0.6470780080498677,7.0,0.6691010890576756,0.63905,0.5382140320491808,-0.029926816142677972,-0.04402829523316989,1.0
published_PMI,DA_minus_NonDA,spearman_qc_library,panel,8,5,intercept + female + age_per_10_years + bank_Umaryland + PMI_per_10_hours + PD,CLEC16A,tested,0.04456246115272189,-0.22803164468626858,0.31715656699171235,0.11528009396102704,0.3865581612709928,7.0,0.6691010890576756,0.59565,0.7105652186748733,0.02299539149107884,0.0730084640425969,1.0
published_PMI,DA_minus_NonDA,spearman_qc_library,panel,8,5,intercept + female + age_per_10_years + bank_Umaryland + PMI_per_10_hours + PD,CTNS,tested,0.03841424551494128,-0.1458236251437014,0.22265211617358394,0.0779142269981905,0.49303249220239864,7.0,0.6691010890576756,0.57045,0.6370783530321389,-0.01768250088766536,-0.04537627851108193,1.0
published_PMI,DA_minus_NonDA,spearman_qc_library,panel,8,5,intercept + female + age_per_10_years + bank_Umaryland + PMI_per_10_hours + PD,EPG5,tested,0.09534376501233338,-0.2160293547055755,0.40671688473024226,0.1316797455599438,0.7240579377405509,7.0,0.6691010890576756,0.3693,0.49251311166879674,0.020221995824635776,0.00015323834772048745,1.0
published_PMI,DA_minus_NonDA,spearman_qc_library,panel,8,5,intercept + female + age_per_10_years + bank_Umaryland + PMI_per_10_hours + PD,GABARAP,tested,-0.023417645655730245,-0.12929685280292716,0.08246156149146666,0.04477633480328192,-0.522991570404593,7.0,0.6691010890576756,0.39535,0.6171209488802283,0.0349767116720669,-0.026049363905227597,1.0
published_PMI,DA_minus_NonDA,spearman_qc_library,panel,8,5,intercept + female + age_per_10_years + bank_Umaryland + PMI_per_10_hours + PD,GABARAPL1,tested,0.057060538857755035,-0.17561829729027062,0.2897393750057807,0.0983999195849456,0.5798839988735605,7.0,0.6691010890576756,0.59555,0.5801698532210817,-0.020170417673518355,0.03810415991182593,1.0
published_PMI,DA_minus_NonDA,spearman_qc_library,panel,8,5,intercept + female + age_per_10_years + bank_Umaryland + PMI_per_10_hours + PD,GABARAPL2,tested,-0.05830588407643358,-0.3001782800197969,0.18356651186692974,0.10228787759409215,-0.5700175372472598,7.0,0.6691010890576756,0.5129,0.5864864480243793,-0.030026389816137308,-0.040743456479564996,1.0
published_PMI,DA_minus_NonDA,spearman_qc_library,panel,8,5,intercept + female + age_per_10_years + bank_Umaryland + PMI_per_10_hours + PD,GRN,tested,-0.016696371493782156,-0.2681501832696034,0.23475744028203904,0.10633985998764332,-0.15700953053466754,7.0,0.6691010890576756,0.78815,0.8796700373927226,0.0025075205536583076,-0.02978541888143333,1.0
published_PMI,DA_minus_NonDA,spearman_qc_library,panel,8,5,intercept + female + age_per_10_years + bank_Umaryland + PMI_per_10_hours + PD,LAMP2,tested,0.02472274460107534,-0.07535504497340567,0.12480053417555634,0.04232291431999067,0.5841456099680233,7.0,0.6691010890576756,0.48825,0.5774536606024154,-0.0065292774766666645,-0.028004508519318662,1.0
published_PMI,DA_minus_NonDA,spearman_qc_library,panel,8,5,intercept + female + age_per_10_years + bank_Umaryland + PMI_per_10_hours + PD,MAP1LC3A,tested,-0.055210837764247664,-0.27296140118874257,0.16253972566024721,0.09208675049808007,-0.5995524596711528,7.0,0.6691010890576756,0.40865,0.5676955023043877,-0.05897527507743893,-0.09869578047537789,1.0
published_PMI,DA_minus_NonDA,spearman_qc_library,panel,8,5,intercept + female + age_per_10_years + bank_Umaryland + PMI_per_10_hours + PD,MAP1LC3B,tested,0.10747989705481259,-0.028449799984115454,0.24340959409374063,0.0574846921158198,1.8697133636597159,7.0,0.6691010890576756,0.0923,0.10372148168425431,-0.04489426568786211,0.002352041838507895,1.0
published_PMI,DA_minus_NonDA,spearman_qc_library,panel,8,5,intercept + female + age_per_10_years + bank_Umaryland + PMI_per_10_hours + PD,NBR1,tested,-0.034906156555736194,-0.18122147782401898,0.11140916471254658,0.06187677437790326,-0.5641237266595702,7.0,0.6691010890576756,0.36165,0.5902783086697139,-0.004804032791890631,-0.0384517823832836,1.0
published_PMI,DA_minus_NonDA,spearman_qc_library,panel,8,5,intercept + female + age_per_10_years + bank_Umaryland + PMI_per_10_hours + PD,OPTN,tested,0.08189802300281004,-0.18624588099014242,0.35004192699576253,0.11339810283954689,0.7222168709355922,7.0,0.6691010890576756,0.36385,0.4935757738277522,-0.08911966262544356,-0.013185282581165437,1.0
published_PMI,DA_minus_NonDA,spearman_qc_library,panel,8,5,intercept + female + age_per_10_years + bank_Umaryland + PMI_per_10_hours + PD,PIK3R4,tested,-0.06299201793440357,-0.16041568191387273,0.0344316460450656,0.0412004841521203,-1.5289145074563841,7.0,0.6691010890576756,0.05535,0.17013250282415854,0.022377224308128746,-0.04620093561650246,0.9718800000000001
published_PMI,DA_minus_NonDA,spearman_qc_library,panel,8,5,intercept + female + age_per_10_years + bank_Umaryland + PMI_per_10_hours + PD,PINK1,tested,0.11263506072280159,-0.1904509297136443,0.4157210511592475,0.128175117170075,0.8787591789235241,7.0,0.6691010890576756,0.34615,0.4086814457559167,-0.07753699452121762,-0.052574462257333934,1.0
published_PMI,DA_minus_NonDA,spearman_qc_library,panel,8,5,intercept + female + age_per_10_years + bank_Umaryland + PMI_per_10_hours + PD,PRKN,tested,-0.00936025279409955,-0.268814231008068,0.25009372541986885,0.10972313174201576,-0.08530792591764197,7.0,0.6691010890576756,0.9149,0.9344052659779136,0.0778328342964143,0.061334622363019675,1.0
published_PMI,DA_minus_NonDA,spearman_qc_library,panel,8,5,intercept + female + age_per_10_years + bank_Umaryland + PMI_per_10_hours + PD,RB1CC1,tested,-0.046034467757940005,-0.21167603591160902,0.119607100395729,0.07004984748967948,-0.6571672802674169,7.0,0.6691010890576756,0.5088,0.5320780419615562,0.04024979740454375,-0.024634373557255444,1.0
published_PMI,DA_minus_NonDA,spearman_qc_library,panel,8,5,intercept + female + age_per_10_years + bank_Umaryland + PMI_per_10_hours + PD,SNX14,tested,-0.01863868188558295,-0.24498752405189847,0.20771016028073255,0.09572296404792714,-0.1947148426813322,7.0,0.6691010890576756,0.83085,0.8511468984554594,0.02548670832689321,-0.021694059369989277,1.0
published_PMI,DA_minus_NonDA,spearman_qc_library,panel,8,5,intercept + female + age_per_10_years + bank_Umaryland + PMI_per_10_hours + PD,SNX30,tested,-0.021389235885551954,-0.28532752428409425,0.24254905251299033,0.11161954728569376,-0.19162625548736126,7.0,0.6691010890576756,0.82825,0.8534750164729427,0.060832839751525994,-0.010598591905058097,1.0
published_PMI,DA_minus_NonDA,spearman_qc_library,panel,8,5,intercept + female + age_per_10_years + bank_Umaryland + PMI_per_10_hours + PD,SNX4,tested,0.08410453433523558,-0.21694395948726497,0.3851530281577361,0.1273134595037143,0.6606099202950484,7.0,0.6691010890576756,0.47405,0.5299943036554282,-0.03339742740595207,-0.07508473610136768,1.0
published_PMI,DA_minus_NonDA,spearman_qc_library,panel,8,5,intercept + female + age_per_10_years + bank_Umaryland + PMI_per_10_hours + PD,SPG11,tested,0.015233354316641213,-0.13301762104050036,0.1634843296737828,0.06269536282299418,0.24297417912149352,7.0,0.6691010890576756,0.7456,0.8149915280589293,0.008001577172063805,-0.00603872861385254,1.0
published_PMI,DA_minus_NonDA,spearman_qc_library,panel,8,5,intercept + female + age_per_10_years + bank_Umaryland + PMI_per_10_hours + PD,SQSTM1,tested,0.05187786315545399,-0.05171248487228777,0.15546821118319576,0.043808375890369136,1.1841996444990068,7.0,0.6691010890576756,0.19235,0.27498048161431027,-0.017420041004641423,0.05052248096144919,1.0
published_PMI,DA_minus_NonDA,spearman_qc_library,panel,8,5,intercept + female + age_per_10_years + bank_Umaryland + PMI_per_10_hours + PD,TOLLIP,tested,0.06891893565181063,-0.03656697943404057,0.17440485073766182,0.04461001152330301,1.5449208215471841,7.0,0.6691010890576756,0.048,0.16628060680121962,-0.01489662244292288,0.028423559095416724,0.9595764705882354
published_PMI,DA_minus_NonDA,spearman_qc_library,panel,8,5,intercept + female + age_per_10_years + bank_Umaryland + PMI_per_10_hours + PD,UVRAG,tested,-0.01261720175905931,-0.3614216304769634,0.33618722695884484,0.14750945253516512,-0.08553486940812464,7.0,0.6691010890576756,0.90285,0.934231250084505,-0.013979707971560102,-0.032734583868127366,1.0
published_PMI,DA_minus_NonDA,spearman_qc_library,panel,8,5,intercept + female + age_per_10_years + bank_Umaryland + PMI_per_10_hours + PD,WDR45,tested,0.05140158783966127,-0.18253161758491349,0.28533479326423605,0.09893039256644072,0.519573272744677,7.0,0.6691010890576756,0.56625,0.6193810647858999,-0.04994923301579236,-0.01981820732029793,1.0
published_PMI,DA_minus_NonDA,spearman_qc_library,panel,8,5,intercept + female + age_per_10_years + bank_Umaryland + PMI_per_10_hours + PD,WIPI1,tested,0.1267617301292818,-0.12114061481412736,0.37466407507269095,0.10483794405707014,1.2091207174024425,7.0,0.6691010890576756,0.2128,0.2658661266283729,-0.08607751270245083,0.008824563146745467,1.0
published_PMI,DA_minus_NonDA,spearman_qc_library,panel,8,5,intercept + female + age_per_10_years + bank_Umaryland + PMI_per_10_hours + PD,WIPI2,tested,0.023950673710474202,-0.16461532919148888,0.2125166766124373,0.0797445948638128,0.30034228340337016,7.0,0.6691010890576756,0.6835,0.77263964195592,-0.059836625613946606,-0.11366939125704083,1.0
published_PMI,DA_minus_NonDA,spearman_qc_library,panel,8,5,intercept + female + age_per_10_years + bank_Umaryland + PMI_per_10_hours + PD,ZFYVE21,tested,0.05703311685527326,-0.1495718095453943,0.2636380432559408,0.08737325869528507,0.6527525435920468,7.0,0.6691010890576756,0.49135,0.5347575982568853,-0.043728601263280126,-0.025934393327680626,1.0
GEO_clinical_fields,DA_minus_NonDA,spearman_qc_library,panel,8,5,intercept + female + age_per_10_years + bank_Umaryland + PMI_per_10_hours + PD,ATG10,tested,0.04378153787896601,-0.12389345353835976,0.2114565292962918,0.07090978253550673,0.617425922256118,7.0,0.6550717319430754,0.4603,0.5564973133144457,-0.011711176027816206,-0.005022849755929032,1.0
GEO_clinical_fields,DA_minus_NonDA,spearman_qc_library,panel,8,5,intercept + female + age_per_10_years + bank_Umaryland + PMI_per_10_hours + PD,ATG12,tested,0.029328348574523756,-0.1040874885500931,0.16274418569914062,0.056421580328297055,0.5198072865714245,7.0,0.6550717319430754,0.4373,0.6192261979302225,-0.024330122687818152,-0.025043735600990186,1.0
GEO_clinical_fields,DA_minus_NonDA,spearman_qc_library,panel,8,5,intercept + female + age_per_10_years + bank_Umaryland + PMI_per_10_hours + PD,ATG13,tested,0.03978431118134792,-0.17469591952134197,0.2542645418840378,0.0907037262309443,0.43861826668566545,7.0,0.6550717319430754,0.719,0.6741565796902815,-0.040854566168270226,-0.05934475899366252,1.0
GEO_clinical_fields,DA_minus_NonDA,spearman_qc_library,panel,8,5,intercept + female + age_per_10_years + bank_Umaryland + PMI_per_10_hours + PD,ATG16L1,tested,0.021096768253256497,-0.06427491101672753,0.10646844752324053,0.03610369775811463,0.5843381582296459,7.0,0.6550717319430754,0.3857,0.5773311110224608,-0.03430727332925142,-0.07311764746349321,1.0
GEO_clinical_fields,DA_minus_NonDA,spearman_qc_library,panel,8,5,intercept + female + age_per_10_years + bank_Umaryland + PMI_per_10_hours + PD,ATG2A,tested,-0.0019411200605790714,-0.09167923258398529,0.08779699246282714,0.03795026312745676,-0.05114905406741921,7.0,0.6550717319430754,0.9426,0.9606357180615033,-0.006208960728607108,0.0050348656056741735,1.0
GEO_clinical_fields,DA_minus_NonDA,spearman_qc_library,panel,8,5,intercept + female + age_per_10_years + bank_Umaryland + PMI_per_10_hours + PD,ATG2B,tested,-0.06139539229326857,-0.145911866464281,0.02312108187774388,0.03574203137555673,-1.7177365116202004,7.0,0.6550717319430754,0.01375,0.12954308134251158,0.0052544214350422995,-0.07421739585559911,0.6735272727272728
GEO_clinical_fields,DA_minus_NonDA,spearman_qc_library,panel,8,5,intercept + female + age_per_10_years + bank_Umaryland + PMI_per_10_hours + PD,ATG3,tested,0.05151989646414919,-0.03588649219547069,0.13892628512376906,0.036964176706838305,1.3937790870537121,7.0,0.6550717319430754,0.0525,0.20603239685734603,-0.03475247402927862,0.011975265900298772,0.9695127272727273
GEO_clinical_fields,DA_minus_NonDA,spearman_qc_library,panel,8,5,intercept + female + age_per_10_years + bank_Umaryland + PMI_per_10_hours + PD,ATG4B,tested,0.07629958627402696,-7.402780979827439e-05,0.1526732003578522,0.032298414452610884,2.3623322558441933,7.0,0.6550717319430754,0.0048,0.050168862137176244,-0.03370710118392566,-0.02657528049003987,0.45000000000000007
GEO_clinical_fields,DA_minus_NonDA,spearman_qc_library,panel,8,5,intercept + female + age_per_10_years + bank_Umaryland + PMI_per_10_hours + PD,ATG4C,tested,0.08375201445553128,-0.09840690372394088,0.2659109326350034,0.07703503763933899,1.0871937889826147,7.0,0.6550717319430754,0.31605,0.31296308687771107,-0.005147209093183145,0.009304515213350672,1.0
GEO_clinical_fields,DA_minus_NonDA,spearman_qc_library,panel,8,5,intercept + female + age_per_10_years + bank_Umaryland + PMI_per_10_hours + PD,ATG5,tested,-0.020916341276996243,-0.18499276559829103,0.14316008304429856,0.069387947895397,-0.30144055144169746,7.0,0.6550717319430754,0.6493,0.7718363648555643,0.01942599040346603,-0.00022277871899459273,1.0
GEO_clinical_fields,DA_minus_NonDA,spearman_qc_library,panel,8,5,intercept + female + age_per_10_years + bank_Umaryland + PMI_per_10_hours + PD,ATG7,tested,-0.005357487622944866,-0.2198620968564268,0.20914712161053708,0.09071403591578392,-0.059059081308195684,7.0,0.6550717319430754,0.95,0.9545557068038428,0.0724823160772403,0.11790416600462543,1.0
GEO_clinical_fields,DA_minus_NonDA,spearman_qc_library,panel,8,5,intercept + female + age_per_10_years + bank_Umaryland + PMI_per_10_hours + PD,ATG9B,tested,-0.11914992879385082,-0.3982627262413465,0.15996286865364484,0.1180368497566762,-1.0094299283610937,7.0,0.6550717319430754,0.1629,0.34638051792534647,0.014797446126810157,-0.07886602579668256,1.0
GEO_clinical_fields,DA_minus_NonDA,spearman_qc_library,panel,8,5,intercept + female + age_per_10_years + bank_Umaryland + PMI_per_10_hours + PD,BCL2,tested,0.008174884873053194,-0.18073789533809767,0.19708766508420408,0.07989124704715213,0.10232516295844456,7.0,0.6550717319430754,0.87865,0.9213681559274032,-0.005455852568411277,-0.11286433828360476,1.0
GEO_clinical_fields,DA_minus_NonDA,spearman_qc_library,panel,8,5,intercept + female + age_per_10_years + bank_Umaryland + PMI_per_10_hours + PD,BECN1,tested,0.025231242848927166,-0.11262468505048001,0.16308717074833434,0.05829929547601799,0.43278812621854573,7.0,0.6550717319430754,0.62945,0.6781900188548258,-0.03172727745561546,-0.055514287894443105,1.0
GEO_clinical_fields,DA_minus_NonDA,spearman_qc_library,panel,8,5,intercept + female + age_per_10_years + bank_Umaryland + PMI_per_10_hours + PD,CALCOCO2,tested,0.08617638602977216,-0.24203617892913776,0.4143889509886821,0.13880114983117475,0.6208621912324889,7.0,0.6550717319430754,0.65835,0.5543596024759475,-0.029926816142677972,-0.04402829523316989,1.0
GEO_clinical_fields,DA_minus_NonDA,spearman_qc_library,panel,8,5,intercept + female + age_per_10_years + bank_Umaryland + PMI_per_10_hours + PD,CLEC16A,tested,0.044548140563825556,-0.22273026719228906,0.31182654831994017,0.113032084333026,0.3941194292460673,7.0,0.6550717319430754,0.59035,0.7052236546880615,0.02299539149107884,0.0730084640425969,1.0
GEO_clinical_fields,DA_minus_NonDA,spearman_qc_library,panel,8,5,intercept + female + age_per_10_years + bank_Umaryland + PMI_per_10_hours + PD,CTNS,tested,0.03707205103262706,-0.14901272339133015,0.22315682545658427,0.07869528291628212,0.47108352189374775,7.0,0.6550717319430754,0.5815,0.6519088573707938,-0.01768250088766536,-0.04537627851108193,1.0
GEO_clinical_fields,DA_minus_NonDA,spearman_qc_library,panel,8,5,intercept + female + age_per_10_years + bank_Umaryland + PMI_per_10_hours + PD,EPG5,tested,0.09354021154439922,-0.19662471089146166,0.3837051339802601,0.1227107953036878,0.7622818458058521,7.0,0.6550717319430754,0.36405,0.47079192598008757,0.020221995824635776,0.00015323834772048745,1.0
GEO_clinical_fields,DA_minus_NonDA,spearman_qc_library,panel,8,5,intercept + female + age_per_10_years + bank_Umaryland + PMI_per_10_hours + PD,GABARAP,tested,-0.024857921143313463,-0.13561250721233348,0.08589666492570654,0.04683813338279833,-0.5307197223287026,7.0,0.6550717319430754,0.39845,0.6120276290118863,0.0349767116720669,-0.026049363905227597,1.0
GEO_clinical_fields,DA_minus_NonDA,spearman_qc_library,panel,8,5,intercept + female + age_per_10_years + bank_Umaryland + PMI_per_10_hours + PD,GABARAPL1,tested,0.05619724546548728,-0.17482115627390543,0.28721564720487996,0.09769772158967276,0.5752155173230536,7.0,0.6550717319430754,0.60125,0.5831537814535219,-0.020170417673518355,0.03810415991182593,1.0
GEO_clinical_fields,DA_minus_NonDA,spearman_qc_library,panel,8,5,intercept + female + age_per_10_years + bank_Umaryland + PMI_per_10_hours + PD,GABARAPL2,tested,-0.058712967673502155,-0.303207121796563,0.1857811864495587,0.10339661957649268,-0.5678422361774254,7.0,0.6550717319430754,0.51555,0.5878843439337317,-0.030026389816137308,-0.040743456479564996,1.0
GEO_clinical_fields,DA_minus_NonDA,spearman_qc_library,panel,8,5,intercept + female + age_per_10_years + bank_Umaryland + PMI_per_10_hours + PD,GRN,tested,-0.01626965071022627,-0.2689255836389228,0.23638628221847027,0.10684823722870467,-0.15226877983397788,7.0,0.6550717319430754,0.7957,0.8832708734670796,0.0025075205536583076,-0.02978541888143333,1.0
GEO_clinical_fields,DA_minus_NonDA,spearman_qc_library,panel,8,5,intercept + female + age_per_10_years + bank_Umaryland + PMI_per_10_hours + PD,LAMP2,tested,0.025079774494222138,-0.07514985968961467,0.12530940867805895,0.04238712943124605,0.5916837217038425,7.0,0.6550717319430754,0.4861,0.5726671856182204,-0.0065292774766666645,-0.028004508519318662,1.0
GEO_clinical_fields,DA_minus_NonDA,spearman_qc_library,panel,8,5,intercept + female + age_per_10_years + bank_Umaryland + PMI_per_10_hours + PD,MAP1LC3A,tested,-0.0553777351693134,-0.2713363262585273,0.1605808559199005,0.09132892509114053,-0.6063548335212519,7.0,0.6550717319430754,0.4194,0.5634180656612753,-0.05897527507743893,-0.09869578047537789,1.0
GEO_clinical_fields,DA_minus_NonDA,spearman_qc_library,panel,8,5,intercept + female + age_per_10_years + bank_Umaryland + PMI_per_10_hours + PD,MAP1LC3B,tested,0.1055483254642652,-0.03563119943006733,0.24672785035859773,0.05970484521336224,1.7678351746340841,7.0,0.6550717319430754,0.09865,0.12041657297285269,-0.04489426568786211,0.002352041838507895,1.0
GEO_clinical_fields,DA_minus_NonDA,spearman_qc_library,panel,8,5,intercept + female + age_per_10_years + bank_Umaryland + PMI_per_10_hours + PD,NBR1,tested,-0.03614568601707234,-0.18405451883377982,0.11176314679963513,0.06255067068415313,-0.5778624852735537,7.0,0.6550717319430754,0.3616,0.5814608556978271,-0.004804032791890631,-0.0384517823832836,1.0
GEO_clinical_fields,DA_minus_NonDA,spearman_qc_library,panel,8,5,intercept + female + age_per_10_years + bank_Umaryland + PMI_per_10_hours + PD,OPTN,tested,0.08015893169187023,-0.18674034167009412,0.34705820505383456,0.1128717483329244,0.7101771069890309,7.0,0.6550717319430754,0.38065,0.5005621357239718,-0.08911966262544356,-0.013185282581165437,1.0
GEO_clinical_fields,DA_minus_NonDA,spearman_qc_library,panel,8,5,intercept + female + age_per_10_years + bank_Umaryland + PMI_per_10_hours + PD,PIK3R4,tested,-0.06371188068258504,-0.15932635048676647,0.03190258912159637,0.04043537562609771,-1.5756470589446994,7.0,0.6550717319430754,0.05695,0.15911038576952607,0.022377224308128746,-0.04620093561650246,0.9718800000000001
GEO_clinical_fields,DA_minus_NonDA,spearman_qc_library,panel,8,5,intercept + female + age_per_10_years + bank_Umaryland + PMI_per_10_hours + PD,PINK1,tested,0.10968747099578395,-0.20116764624932598,0.4205425882408939,0.13146068222564128,0.8343747281602766,7.0,0.6550717319430754,0.3649,0.4316192241328507,-0.07753699452121762,-0.052574462257333934,1.0
GEO_clinical_fields,DA_minus_NonDA,spearman_qc_library,panel,8,5,intercept + female + age_per_10_years + bank_Umaryland + PMI_per_10_hours + PD,PRKN,tested,-0.006139809711320245,-0.27069218187687893,0.2584125624542385,0.11187924341574658,-0.05487889910467602,7.0,0.6550717319430754,0.94505,0.9577684106907817,0.0778328342964143,0.061334622363019675,1.0
GEO_clinical_fields,DA_minus_NonDA,spearman_qc_library,panel,8,5,intercept + female + age_per_10_years + bank_Umaryland + PMI_per_10_hours + PD,RB1CC1,tested,-0.04711422459555815,-0.20969125557630724,0.11546280638519096,0.06875385419534928,-0.6852593959560902,7.0,0.6550717319430754,0.47775,0.5152240192114221,0.04024979740454375,-0.024634373557255444,1.0
GEO_clinical_fields,DA_minus_NonDA,spearman_qc_library,panel,8,5,intercept + female + age_per_10_years + bank_Umaryland + PMI_per_10_hours + PD,SNX14,tested,-0.017191040296911143,-0.24353817161017513,0.20915609101635282,0.09572224052787916,-0.17959295772965367,7.0,0.6550717319430754,0.84265,0.8625602114814921,0.02548670832689321,-0.021694059369989277,1.0
GEO_clinical_fields,DA_minus_NonDA,spearman_qc_library,panel,8,5,intercept + female + age_per_10_years + bank_Umaryland + PMI_per_10_hours + PD,SNX30,tested,-0.023002793822760336,-0.2801675247483174,0.23416193710279676,0.10875500867238504,-0.21151020172371318,7.0,0.6550717319430754,0.8094,0.8385153422647746,0.060832839751525994,-0.010598591905058097,1.0
GEO_clinical_fields,DA_minus_NonDA,spearman_qc_library,panel,8,5,intercept + female + age_per_10_years + bank_Umaryland + PMI_per_10_hours + PD,SNX4,tested,0.08483794995261634,-0.2148344476559662,0.3845103475611989,0.1267315081795959,0.6694306031013958,7.0,0.6550717319430754,0.46925,0.5246786416523608,-0.03339742740595207,-0.07508473610136768,1.0
GEO_clinical_fields,DA_minus_NonDA,spearman_qc_library,panel,8,5,intercept + female + age_per_10_years + bank_Umaryland + PMI_per_10_hours + PD,SPG11,tested,0.013213380669984842,-0.1356428840488912,0.16206964538886087,0.0629513397975498,0.20989832325219446,7.0,0.6550717319430754,0.7838,0.8397254676415442,0.008001577172063805,-0.00603872861385254,1.0
GEO_clinical_fields,DA_minus_NonDA,spearman_qc_library,panel,8,5,intercept + female + age_per_10_years + bank_Umaryland + PMI_per_10_hours + PD,SQSTM1,tested,0.05351760980338052,-0.05209085599311117,0.1591260755998722,0.04466183823978371,1.1982849768979795,7.0,0.6550717319430754,0.1957,0.26979739311423306,-0.017420041004641423,0.05052248096144919,1.0
GEO_clinical_fields,DA_minus_NonDA,spearman_qc_library,panel,8,5,intercept + female + age_per_10_years + bank_Umaryland + PMI_per_10_hours + PD,TOLLIP,tested,0.06973104692319008,-0.035081973256468835,0.174544067102849,0.044325444152438574,1.573160703892322,7.0,0.6550717319430754,0.0463,0.1596798057566278,-0.01489662244292288,0.028423559095416724,0.9595764705882354
GEO_clinical_fields,DA_minus_NonDA,spearman_qc_library,panel,8,5,intercept + female + age_per_10_years + bank_Umaryland + PMI_per_10_hours + PD,UVRAG,tested,-0.015416644880985353,-0.36108021509514543,0.3302469253331747,0.14618118293698176,-0.10546258123818453,7.0,0.6550717319430754,0.8799,0.9189672416498604,-0.013979707971560102,-0.032734583868127366,1.0
GEO_clinical_fields,DA_minus_NonDA,spearman_qc_library,panel,8,5,intercept + female + age_per_10_years + bank_Umaryland + PMI_per_10_hours + PD,WDR45,tested,0.048973603417173814,-0.1888756895013856,0.2868228963357332,0.1005865066371272,0.48688044802917235,7.0,0.6550717319430754,0.5892,0.6412176268555424,-0.04994923301579236,-0.01981820732029793,1.0
GEO_clinical_fields,DA_minus_NonDA,spearman_qc_library,panel,8,5,intercept + female + age_per_10_years + bank_Umaryland + PMI_per_10_hours + PD,WIPI1,tested,0.12418673220647744,-0.12432180905029921,0.3726952734632541,0.10509430458162643,1.1816694796245784,7.0,0.6550717319430754,0.221,0.2759202973122106,-0.08607751270245083,0.008824563146745467,1.0
GEO_clinical_fields,DA_minus_NonDA,spearman_qc_library,panel,8,5,intercept + female + age_per_10_years + bank_Umaryland + PMI_per_10_hours + PD,WIPI2,tested,0.0242471347634214,-0.1628726343587686,0.21136690388561136,0.07913298235110376,0.30640997019219757,7.0,0.6550717319430754,0.6793,0.768205477943009,-0.059836625613946606,-0.11366939125704083,1.0
GEO_clinical_fields,DA_minus_NonDA,spearman_qc_library,panel,8,5,intercept + female + age_per_10_years + bank_Umaryland + PMI_per_10_hours + PD,ZFYVE21,tested,0.05757187731736472,-0.14861967779340107,0.2637634324281305,0.08719844390611711,0.6602397329400732,7.0,0.6550717319430754,0.49545,0.5302181240695814,-0.043728601263280126,-0.025934393327680626,1.0
GEO_diagnosis,DA_minus_NonDA,spearman_qc_library,panel,8,4,,ATG10,Fewer than five independent donors in an arm,,,,,,,,,,,,
GEO_diagnosis,DA_minus_NonDA,spearman_qc_library,panel,8,4,,ATG12,Fewer than five independent donors in an arm,,,,,,,,,,,,
GEO_diagnosis,DA_minus_NonDA,spearman_qc_library,panel,8,4,,ATG13,Fewer than five independent donors in an arm,,,,,,,,,,,,
GEO_diagnosis,DA_minus_NonDA,spearman_qc_library,panel,8,4,,ATG16L1,Fewer than five independent donors in an arm,,,,,,,,,,,,
GEO_diagnosis,DA_minus_NonDA,spearman_qc_library,panel,8,4,,ATG2A,Fewer than five independent donors in an arm,,,,,,,,,,,,
GEO_diagnosis,DA_minus_NonDA,spearman_qc_library,panel,8,4,,ATG2B,Fewer than five independent donors in an arm,,,,,,,,,,,,
GEO_diagnosis,DA_minus_NonDA,spearman_qc_library,panel,8,4,,ATG3,Fewer than five independent donors in an arm,,,,,,,,,,,,
GEO_diagnosis,DA_minus_NonDA,spearman_qc_library,panel,8,4,,ATG4B,Fewer than five independent donors in an arm,,,,,,,,,,,,
GEO_diagnosis,DA_minus_NonDA,spearman_qc_library,panel,8,4,,ATG4C,Fewer than five independent donors in an arm,,,,,,,,,,,,
GEO_diagnosis,DA_minus_NonDA,spearman_qc_library,panel,8,4,,ATG5,Fewer than five independent donors in an arm,,,,,,,,,,,,
GEO_diagnosis,DA_minus_NonDA,spearman_qc_library,panel,8,4,,ATG7,Fewer than five independent donors in an arm,,,,,,,,,,,,
GEO_diagnosis,DA_minus_NonDA,spearman_qc_library,panel,8,4,,ATG9B,Fewer than five independent donors in an arm,,,,,,,,,,,,
GEO_diagnosis,DA_minus_NonDA,spearman_qc_library,panel,8,4,,BCL2,Fewer than five independent donors in an arm,,,,,,,,,,,,
GEO_diagnosis,DA_minus_NonDA,spearman_qc_library,panel,8,4,,BECN1,Fewer than five independent donors in an arm,,,,,,,,,,,,
GEO_diagnosis,DA_minus_NonDA,spearman_qc_library,panel,8,4,,CALCOCO2,Fewer than five independent donors in an arm,,,,,,,,,,,,
GEO_diagnosis,DA_minus_NonDA,spearman_qc_library,panel,8,4,,CLEC16A,Fewer than five independent donors in an arm,,,,,,,,,,,,
GEO_diagnosis,DA_minus_NonDA,spearman_qc_library,panel,8,4,,CTNS,Fewer than five independent donors in an arm,,,,,,,,,,,,
GEO_diagnosis,DA_minus_NonDA,spearman_qc_library,panel,8,4,,EPG5,Fewer than five independent donors in an arm,,,,,,,,,,,,
GEO_diagnosis,DA_minus_NonDA,spearman_qc_library,panel,8,4,,GABARAP,Fewer than five independent donors in an arm,,,,,,,,,,,,
GEO_diagnosis,DA_minus_NonDA,spearman_qc_library,panel,8,4,,GABARAPL1,Fewer than five independent donors in an arm,,,,,,,,,,,,
GEO_diagnosis,DA_minus_NonDA,spearman_qc_library,panel,8,4,,GABARAPL2,Fewer than five independent donors in an arm,,,,,,,,,,,,
GEO_diagnosis,DA_minus_NonDA,spearman_qc_library,panel,8,4,,GRN,Fewer than five independent donors in an arm,,,,,,,,,,,,
GEO_diagnosis,DA_minus_NonDA,spearman_qc_library,panel,8,4,,LAMP2,Fewer than five independent donors in an arm,,,,,,,,,,,,
GEO_diagnosis,DA_minus_NonDA,spearman_qc_library,panel,8,4,,MAP1LC3A,Fewer than five independent donors in an arm,,,,,,,,,,,,
GEO_diagnosis,DA_minus_NonDA,spearman_qc_library,panel,8,4,,MAP1LC3B,Fewer than five independent donors in an arm,,,,,,,,,,,,
GEO_diagnosis,DA_minus_NonDA,spearman_qc_library,panel,8,4,,NBR1,Fewer than five independent donors in an arm,,,,,,,,,,,,
GEO_diagnosis,DA_minus_NonDA,spearman_qc_library,panel,8,4,,OPTN,Fewer than five independent donors in an arm,,,,,,,,,,,,
GEO_diagnosis,DA_minus_NonDA,spearman_qc_library,panel,8,4,,PIK3R4,Fewer than five independent donors in an arm,,,,,,,,,,,,
GEO_diagnosis,DA_minus_NonDA,spearman_qc_library,panel,8,4,,PINK1,Fewer than five independent donors in an arm,,,,,,,,,,,,
GEO_diagnosis,DA_minus_NonDA,spearman_qc_library,panel,8,4,,PRKN,Fewer than five independent donors in an arm,,,,,,,,,,,,
GEO_diagnosis,DA_minus_NonDA,spearman_qc_library,panel,8,4,,RB1CC1,Fewer than five independent donors in an arm,,,,,,,,,,,,
GEO_diagnosis,DA_minus_NonDA,spearman_qc_library,panel,8,4,,SNX14,Fewer than five independent donors in an arm,,,,,,,,,,,,
GEO_diagnosis,DA_minus_NonDA,spearman_qc_library,panel,8,4,,SNX30,Fewer than five independent donors in an arm,,,,,,,,,,,,
GEO_diagnosis,DA_minus_NonDA,spearman_qc_library,panel,8,4,,SNX4,Fewer than five independent donors in an arm,,,,,,,,,,,,
GEO_diagnosis,DA_minus_NonDA,spearman_qc_library,panel,8,4,,SPG11,Fewer than five independent donors in an arm,,,,,,,,,,,,
GEO_diagnosis,DA_minus_NonDA,spearman_qc_library,panel,8,4,,SQSTM1,Fewer than five independent donors in an arm,,,,,,,,,,,,
GEO_diagnosis,DA_minus_NonDA,spearman_qc_library,panel,8,4,,TOLLIP,Fewer than five independent donors in an arm,,,,,,,,,,,,
GEO_diagnosis,DA_minus_NonDA,spearman_qc_library,panel,8,4,,UVRAG,Fewer than five independent donors in an arm,,,,,,,,,,,,
GEO_diagnosis,DA_minus_NonDA,spearman_qc_library,panel,8,4,,WDR45,Fewer than five independent donors in an arm,,,,,,,,,,,,
GEO_diagnosis,DA_minus_NonDA,spearman_qc_library,panel,8,4,,WIPI1,Fewer than five independent donors in an arm,,,,,,,,,,,,
GEO_diagnosis,DA_minus_NonDA,spearman_qc_library,panel,8,4,,WIPI2,Fewer than five independent donors in an arm,,,,,,,,,,,,
GEO_diagnosis,DA_minus_NonDA,spearman_qc_library,panel,8,4,,ZFYVE21,Fewer than five independent donors in an arm,,,,,,,,,,,,
exclude_4775,DA_minus_NonDA,spearman_qc_library,panel,8,4,,ATG10,Fewer than five independent donors in an arm,,,,,,,,,,,,
exclude_4775,DA_minus_NonDA,spearman_qc_library,panel,8,4,,ATG12,Fewer than five independent donors in an arm,,,,,,,,,,,,
exclude_4775,DA_minus_NonDA,spearman_qc_library,panel,8,4,,ATG13,Fewer than five independent donors in an arm,,,,,,,,,,,,
exclude_4775,DA_minus_NonDA,spearman_qc_library,panel,8,4,,ATG16L1,Fewer than five independent donors in an arm,,,,,,,,,,,,
exclude_4775,DA_minus_NonDA,spearman_qc_library,panel,8,4,,ATG2A,Fewer than five independent donors in an arm,,,,,,,,,,,,
exclude_4775,DA_minus_NonDA,spearman_qc_library,panel,8,4,,ATG2B,Fewer than five independent donors in an arm,,,,,,,,,,,,
exclude_4775,DA_minus_NonDA,spearman_qc_library,panel,8,4,,ATG3,Fewer than five independent donors in an arm,,,,,,,,,,,,
exclude_4775,DA_minus_NonDA,spearman_qc_library,panel,8,4,,ATG4B,Fewer than five independent donors in an arm,,,,,,,,,,,,
exclude_4775,DA_minus_NonDA,spearman_qc_library,panel,8,4,,ATG4C,Fewer than five independent donors in an arm,,,,,,,,,,,,
exclude_4775,DA_minus_NonDA,spearman_qc_library,panel,8,4,,ATG5,Fewer than five independent donors in an arm,,,,,,,,,,,,
exclude_4775,DA_minus_NonDA,spearman_qc_library,panel,8,4,,ATG7,Fewer than five independent donors in an arm,,,,,,,,,,,,
exclude_4775,DA_minus_NonDA,spearman_qc_library,panel,8,4,,ATG9B,Fewer than five independent donors in an arm,,,,,,,,,,,,
exclude_4775,DA_minus_NonDA,spearman_qc_library,panel,8,4,,BCL2,Fewer than five independent donors in an arm,,,,,,,,,,,,
exclude_4775,DA_minus_NonDA,spearman_qc_library,panel,8,4,,BECN1,Fewer than five independent donors in an arm,,,,,,,,,,,,
exclude_4775,DA_minus_NonDA,spearman_qc_library,panel,8,4,,CALCOCO2,Fewer than five independent donors in an arm,,,,,,,,,,,,
exclude_4775,DA_minus_NonDA,spearman_qc_library,panel,8,4,,CLEC16A,Fewer than five independent donors in an arm,,,,,,,,,,,,
exclude_4775,DA_minus_NonDA,spearman_qc_library,panel,8,4,,CTNS,Fewer than five independent donors in an arm,,,,,,,,,,,,
exclude_4775,DA_minus_NonDA,spearman_qc_library,panel,8,4,,EPG5,Fewer than five independent donors in an arm,,,,,,,,,,,,
exclude_4775,DA_minus_NonDA,spearman_qc_library,panel,8,4,,GABARAP,Fewer than five independent donors in an arm,,,,,,,,,,,,
exclude_4775,DA_minus_NonDA,spearman_qc_library,panel,8,4,,GABARAPL1,Fewer than five independent donors in an arm,,,,,,,,,,,,
exclude_4775,DA_minus_NonDA,spearman_qc_library,panel,8,4,,GABARAPL2,Fewer than five independent donors in an arm,,,,,,,,,,,,
exclude_4775,DA_minus_NonDA,spearman_qc_library,panel,8,4,,GRN,Fewer than five independent donors in an arm,,,,,,,,,,,,
exclude_4775,DA_minus_NonDA,spearman_qc_library,panel,8,4,,LAMP2,Fewer than five independent donors in an arm,,,,,,,,,,,,
exclude_4775,DA_minus_NonDA,spearman_qc_library,panel,8,4,,MAP1LC3A,Fewer than five independent donors in an arm,,,,,,,,,,,,
exclude_4775,DA_minus_NonDA,spearman_qc_library,panel,8,4,,MAP1LC3B,Fewer than five independent donors in an arm,,,,,,,,,,,,
exclude_4775,DA_minus_NonDA,spearman_qc_library,panel,8,4,,NBR1,Fewer than five independent donors in an arm,,,,,,,,,,,,
exclude_4775,DA_minus_NonDA,spearman_qc_library,panel,8,4,,OPTN,Fewer than five independent donors in an arm,,,,,,,,,,,,
exclude_4775,DA_minus_NonDA,spearman_qc_library,panel,8,4,,PIK3R4,Fewer than five independent donors in an arm,,,,,,,,,,,,
exclude_4775,DA_minus_NonDA,spearman_qc_library,panel,8,4,,PINK1,Fewer than five independent donors in an arm,,,,,,,,,,,,
exclude_4775,DA_minus_NonDA,spearman_qc_library,panel,8,4,,PRKN,Fewer than five independent donors in an arm,,,,,,,,,,,,
exclude_4775,DA_minus_NonDA,spearman_qc_library,panel,8,4,,RB1CC1,Fewer than five independent donors in an arm,,,,,,,,,,,,
exclude_4775,DA_minus_NonDA,spearman_qc_library,panel,8,4,,SNX14,Fewer than five independent donors in an arm,,,,,,,,,,,,
exclude_4775,DA_minus_NonDA,spearman_qc_library,panel,8,4,,SNX30,Fewer than five independent donors in an arm,,,,,,,,,,,,
exclude_4775,DA_minus_NonDA,spearman_qc_library,panel,8,4,,SNX4,Fewer than five independent donors in an arm,,,,,,,,,,,,
exclude_4775,DA_minus_NonDA,spearman_qc_library,panel,8,4,,SPG11,Fewer than five independent donors in an arm,,,,,,,,,,,,
exclude_4775,DA_minus_NonDA,spearman_qc_library,panel,8,4,,SQSTM1,Fewer than five independent donors in an arm,,,,,,,,,,,,
exclude_4775,DA_minus_NonDA,spearman_qc_library,panel,8,4,,TOLLIP,Fewer than five independent donors in an arm,,,,,,,,,,,,
exclude_4775,DA_minus_NonDA,spearman_qc_library,panel,8,4,,UVRAG,Fewer than five independent donors in an arm,,,,,,,,,,,,
exclude_4775,DA_minus_NonDA,spearman_qc_library,panel,8,4,,WDR45,Fewer than five independent donors in an arm,,,,,,,,,,,,
exclude_4775,DA_minus_NonDA,spearman_qc_library,panel,8,4,,WIPI1,Fewer than five independent donors in an arm,,,,,,,,,,,,
exclude_4775,DA_minus_NonDA,spearman_qc_library,panel,8,4,,WIPI2,Fewer than five independent donors in an arm,,,,,,,,,,,,
exclude_4775,DA_minus_NonDA,spearman_qc_library,panel,8,4,,ZFYVE21,Fewer than five independent donors in an arm,,,,,,,,,,,,
Sepulveda_only,DA_minus_NonDA,spearman_qc_library,panel,6,5,intercept + female + age_per_10_years + PD,ATG10,tested,0.06617546772251864,-0.15882779251318976,0.2911787279582271,0.0951539172194375,0.6954571041979205,7.0,0.5589707492569996,0.5791,0.5091906516624752,-0.03525188394388155,-0.005022849755929032,1.0
Sepulveda_only,DA_minus_NonDA,spearman_qc_library,panel,6,5,intercept + female + age_per_10_years + PD,ATG12,tested,0.03266946094341794,-0.0936148820241691,0.15895380391100497,0.05340567023011429,0.6117227029012425,7.0,0.5589707492569996,0.45945,0.5600561549764369,-0.027316152529018034,-0.025043735600990186,1.0
Sepulveda_only,DA_minus_NonDA,spearman_qc_library,panel,6,5,intercept + female + age_per_10_years + PD,ATG13,tested,0.04937274260827687,-0.18946536797097316,0.2882108531875269,0.10100467779487801,0.48881639629150503,7.0,0.5589707492569996,0.7905,0.6399135788994466,-0.04634167775269985,-0.05934475899366252,1.0
Sepulveda_only,DA_minus_NonDA,spearman_qc_library,panel,6,5,intercept + female + age_per_10_years + PD,ATG16L1,tested,0.016814395410702312,-0.06505880528026588,0.09868759610167051,0.03462419056896139,0.4856256603952341,7.0,0.5589707492569996,0.40125,0.6420635737490414,-0.051073958193087514,-0.07311764746349321,1.0
Sepulveda_only,DA_minus_NonDA,spearman_qc_library,panel,6,5,intercept + female + age_per_10_years + PD,ATG2A,tested,-0.006185185238599365,-0.09954398754988011,0.08717361707268137,0.03948145345772913,-0.15666052530770028,7.0,0.5589707492569996,0.85285,0.8799350212751004,-0.007004992699268184,0.0050348656056741735,1.0
Sepulveda_only,DA_minus_NonDA,spearman_qc_library,panel,6,5,intercept + female + age_per_10_years + PD,ATG2B,tested,-0.10906841089879854,-0.24805598770893153,0.02991916591133445,0.058777869993826615,-1.855603323329918,7.0,0.5589707492569996,0.0162,0.10589270626856263,-0.005162434857718583,-0.07421739585559911,0.7099826086956522
Sepulveda_only,DA_minus_NonDA,spearman_qc_library,panel,6,5,intercept + female + age_per_10_years + PD,ATG3,tested,0.05467347187010712,-0.036354207185092795,0.14570115092530703,0.038495621034212016,1.4202517169814572,7.0,0.5589707492569996,0.1217,0.19850511619158917,-0.03431982071385451,0.011975265900298772,1.0
Sepulveda_only,DA_minus_NonDA,spearman_qc_library,panel,6,5,intercept + female + age_per_10_years + PD,ATG4B,tested,0.08010226351773747,-0.002136918842674862,0.1623414458781498,0.03477896427953624,2.3031813964876817,7.0,0.5589707492569996,5e-05,0.05473390787327742,-0.04255554771377276,-0.02657528049003987,0.025200000000000004
Sepulveda_only,DA_minus_NonDA,spearman_qc_library,panel,6,5,intercept + female + age_per_10_years + PD,ATG4C,tested,0.11226378208424852,-0.10726754934245879,0.3317951135109558,0.09283983759064945,1.2092199318491201,7.0,0.5589707492569996,0.3151,0.2658303551403766,-0.03625207943249404,0.009304515213350672,1.0
Sepulveda_only,DA_minus_NonDA,spearman_qc_library,panel,6,5,intercept + female + age_per_10_years + PD,ATG5,tested,-0.03635596062879008,-0.19613671659209841,0.12342479533451826,0.06757130901243236,-0.5380384242978185,7.0,0.5589707492569996,0.5071,0.6072252695673419,0.005608519998920185,-0.00022277871899459273,1.0
Sepulveda_only,DA_minus_NonDA,spearman_qc_library,panel,6,5,intercept + female + age_per_10_years + PD,ATG7,tested,0.024661463204075015,-0.15967233665452907,0.20899526306267913,0.07795479547325392,0.31635594775611076,7.0,0.5589707492569996,0.68955,0.7609572856864646,0.07477011062652214,0.11790416600462543,1.0
Sepulveda_only,DA_minus_NonDA,spearman_qc_library,panel,6,5,intercept + female + age_per_10_years + PD,ATG9B,tested,-0.10761066224314438,-0.42527291904932574,0.21005159456303701,0.13433942270974272,-0.8010356161470992,7.0,0.5589707492569996,0.5645,0.4494409920197162,0.018782346924993396,-0.07886602579668256,1.0
Sepulveda_only,DA_minus_NonDA,spearman_qc_library,panel,6,5,intercept + female + age_per_10_years + PD,BCL2,tested,-0.000507584123596406,-0.1965748565857448,0.19555968833855197,0.0829168830432055,-0.006121601596286719,7.0,0.5589707492569996,0.9966,0.9952865050845101,-0.04987328719079406,-0.11286433828360476,1.0
Sepulveda_only,DA_minus_NonDA,spearman_qc_library,panel,6,5,intercept + female + age_per_10_years + PD,BECN1,tested,0.026626850671696744,-0.07689082329242478,0.13014452463581827,0.043777642016440035,0.6082294396234824,7.0,0.5589707492569996,0.52705,0.562242639710897,-0.03187744826971792,-0.055514287894443105,1.0
Sepulveda_only,DA_minus_NonDA,spearman_qc_library,panel,6,5,intercept + female + age_per_10_years + PD,CALCOCO2,tested,0.0758946720754366,-0.2417301653829616,0.3935195095338348,0.13432359806116814,0.5650136920906166,7.0,0.5589707492569996,0.81465,0.5897048506776261,-0.044386136958603474,-0.04402829523316989,1.0
Sepulveda_only,DA_minus_NonDA,spearman_qc_library,panel,6,5,intercept + female + age_per_10_years + PD,CLEC16A,tested,0.04936791313328067,-0.21543282004939893,0.31416864631596025,0.11198427533234592,0.44084683306443717,7.0,0.5589707492569996,0.62055,0.672617821344976,0.019496201944155904,0.0730084640425969,1.0
Sepulveda_only,DA_minus_NonDA,spearman_qc_library,panel,6,5,intercept + female + age_per_10_years + PD,CTNS,tested,0.043245974917331516,-0.12018870834307085,0.20668065817773387,0.06911655549103582,0.6256963271692608,7.0,0.5589707492569996,0.50575,0.5513606321275879,-0.04735989467108656,-0.04537627851108193,1.0
Sepulveda_only,DA_minus_NonDA,spearman_qc_library,panel,6,5,intercept + female + age_per_10_years + PD,EPG5,tested,0.06692419325151078,-0.16246142994444082,0.29630981644746235,0.09700721926451751,0.6898887913591576,7.0,0.5589707492569996,0.39455,0.5124794533247469,-0.00824732651916178,0.00015323834772048745,1.0
Sepulveda_only,DA_minus_NonDA,spearman_qc_library,panel,6,5,intercept + female + age_per_10_years + PD,GABARAP,tested,-0.030750127975258654,-0.1645240291125143,0.10302377316199697,0.05657300566045534,-0.5435477153152756,7.0,0.5589707492569996,0.6399,0.6036238555394406,0.03534132732924803,-0.026049363905227597,1.0
Sepulveda_only,DA_minus_NonDA,spearman_qc_library,panel,6,5,intercept + female + age_per_10_years + PD,GABARAPL1,tested,0.06701479545700816,-0.14992520437068207,0.2839547952846984,0.09174396301442032,0.7304545525951911,7.0,0.5589707492569996,0.5536,0.488832697326144,-0.004905931420379103,0.03810415991182593,1.0
Sepulveda_only,DA_minus_NonDA,spearman_qc_library,panel,6,5,intercept + female + age_per_10_years + PD,GABARAPL2,tested,-0.05175779792568576,-0.32827864361804,0.2247630477666685,0.11694071291631604,-0.4425986180084618,7.0,0.5589707492569996,0.6136,0.6714094454050724,-0.01618096732230002,-0.040743456479564996,1.0
Sepulveda_only,DA_minus_NonDA,spearman_qc_library,panel,6,5,intercept + female + age_per_10_years + PD,GRN,tested,-0.02640137442206769,-0.2992009445633128,0.24639819571917743,0.11536698484957596,-0.2288468789965497,7.0,0.5589707492569996,0.63895,0.8255300473309982,-0.0013201391380257797,-0.02978541888143333,1.0
Sepulveda_only,DA_minus_NonDA,spearman_qc_library,panel,6,5,intercept + female + age_per_10_years + PD,LAMP2,tested,0.01801002053919983,-0.09649319986718063,0.13251324094558029,0.04842343148492125,0.3719278041005424,7.0,0.5589707492569996,0.6387,0.7209500971435199,-0.012220201848613743,-0.028004508519318662,1.0
Sepulveda_only,DA_minus_NonDA,spearman_qc_library,panel,6,5,intercept + female + age_per_10_years + PD,MAP1LC3A,tested,-0.02556571289508414,-0.15698747109866482,0.10585604530849654,0.055578284011690224,-0.45999464268646184,7.0,0.5589707492569996,0.51615,0.659466705284914,-0.034576592666721834,-0.09869578047537789,1.0
Sepulveda_only,DA_minus_NonDA,spearman_qc_library,panel,6,5,intercept + female + age_per_10_years + PD,MAP1LC3B,tested,0.09877260923708252,0.014130028243518583,0.18341519023064645,0.03579536197237253,2.7593689180547165,7.0,0.5589707492569996,0.08065,0.028121546192412646,-0.03344999795542183,0.002352041838507895,1.0
Sepulveda_only,DA_minus_NonDA,spearman_qc_library,panel,6,5,intercept + female + age_per_10_years + PD,NBR1,tested,-0.024972951270763925,-0.16216369147141882,0.11221778892989095,0.058017987484497525,-0.4304346350765222,7.0,0.5589707492569996,0.5202,0.6798214440359307,-0.008634430377516471,-0.0384517823832836,1.0
Sepulveda_only,DA_minus_NonDA,spearman_qc_library,panel,6,5,intercept + female + age_per_10_years + PD,OPTN,tested,0.07986848177914202,-0.18289360990750625,0.3426305734657903,0.11112213349515539,0.7187450354579815,7.0,0.5589707492569996,0.3803,0.4955838053485573,-0.09715734128336545,-0.013185282581165437,1.0
Sepulveda_only,DA_minus_NonDA,spearman_qc_library,panel,6,5,intercept + female + age_per_10_years + PD,PIK3R4,tested,-0.04755585816116885,-0.11841452244146919,0.02330280611913149,0.02996614123788402,-1.5869863851888752,7.0,0.5589707492569996,0.1403,0.15653722810016665,0.004285571606247389,-0.04620093561650246,1.0
Sepulveda_only,DA_minus_NonDA,spearman_qc_library,panel,6,5,intercept + female + age_per_10_years + PD,PINK1,tested,0.10707280391266788,-0.08317989722475566,0.2973255050500914,0.08045789983594094,1.3307929256293853,7.0,0.5589707492569996,0.2294,0.22496776133182017,-0.05853393110528155,-0.052574462257333934,1.0
Sepulveda_only,DA_minus_NonDA,spearman_qc_library,panel,6,5,intercept + female + age_per_10_years + PD,PRKN,tested,0.009988774664389336,-0.2817095041869649,0.3016870535157436,0.12335925199393709,0.08097304825486676,7.0,0.5589707492569996,0.8661,0.9377298932656923,0.0585676700441598,0.061334622363019675,1.0
Sepulveda_only,DA_minus_NonDA,spearman_qc_library,panel,6,5,intercept + female + age_per_10_years + PD,RB1CC1,tested,-0.07876366462932208,-0.23603843911737796,0.0785111098587338,0.06651152901813441,-1.1842107044005425,7.0,0.5589707492569996,0.2093,0.27497637935504043,0.026722443371981458,-0.024634373557255444,1.0
Sepulveda_only,DA_minus_NonDA,spearman_qc_library,panel,6,5,intercept + female + age_per_10_years + PD,SNX14,tested,0.008770651356825223,-0.2626535474667859,0.2801948501804363,0.11478534008421994,0.07640915948317135,7.0,0.5589707492569996,0.9979,0.9412315990667501,0.007315586431184369,-0.021694059369989277,1.0
Sepulveda_only,DA_minus_NonDA,spearman_qc_library,panel,6,5,intercept + female + age_per_10_years + PD,SNX30,tested,-0.04382490114646464,-0.30984345974601635,0.22219365745308706,0.11249929390933622,-0.38955712185876795,7.0,0.5589707492569996,0.7685,0.7084445312807122,0.049377007289744625,-0.010598591905058097,1.0
Sepulveda_only,DA_minus_NonDA,spearman_qc_library,panel,6,5,intercept + female + age_per_10_years + PD,SNX4,tested,0.08600350032858588,-0.21911769000530712,0.3911246906624789,0.1290358035546359,0.6665088135183392,7.0,0.5589707492569996,0.56865,0.5264357039734238,-0.052921057662098064,-0.07508473610136768,1.0
Sepulveda_only,DA_minus_NonDA,spearman_qc_library,panel,6,5,intercept + female + age_per_10_years + PD,SPG11,tested,0.003065164713939279,-0.1870919392787521,0.19322226870663065,0.08041747178709076,0.03811565628492344,7.0,0.5589707492569996,0.964,0.9706597152675613,-0.009565275425662793,-0.00603872861385254,1.0
Sepulveda_only,DA_minus_NonDA,spearman_qc_library,panel,6,5,intercept + female + age_per_10_years + PD,SQSTM1,tested,0.07391717527946488,-0.06531068852773232,0.2131450390866621,0.05887948740596368,1.2553977375825132,7.0,0.5589707492569996,0.19935,0.2496172935671559,-0.02826326129033104,0.05052248096144919,1.0
Sepulveda_only,DA_minus_NonDA,spearman_qc_library,panel,6,5,intercept + female + age_per_10_years + PD,TOLLIP,tested,0.07998196777788642,-0.04094824656475758,0.2009121821205304,0.05114140831930311,1.56393752941875,7.0,0.5589707492569996,0.0701,0.1618085701946638,-0.0021737944869452326,0.028423559095416724,1.0
Sepulveda_only,DA_minus_NonDA,spearman_qc_library,panel,6,5,intercept + female + age_per_10_years + PD,UVRAG,tested,-0.07005337467345472,-0.4625296397461794,0.3224228903992699,0.1659782795956004,-0.4220635064066035,7.0,0.5589707492569996,0.78265,0.6856391263625926,-0.034852994569371014,-0.032734583868127366,1.0
Sepulveda_only,DA_minus_NonDA,spearman_qc_library,panel,6,5,intercept + female + age_per_10_years + PD,WDR45,tested,0.053702215893852996,-0.13053220308825805,0.23793663487596403,0.0779127672835952,0.6892607946831352,7.0,0.5589707492569996,0.47045,0.512851216601582,-0.03443235633644251,-0.01981820732029793,1.0
Sepulveda_only,DA_minus_NonDA,spearman_qc_library,panel,6,5,intercept + female + age_per_10_years + PD,WIPI1,tested,0.09713434755365602,-0.11254048542842521,0.30680918053573725,0.0886715227133852,1.0954401659214241,7.0,0.5589707492569996,0.30505,0.3095762440267566,-0.07996165969899553,0.008824563146745467,1.0
Sepulveda_only,DA_minus_NonDA,spearman_qc_library,panel,6,5,intercept + female + age_per_10_years + PD,WIPI2,tested,0.0159098016762772,-0.1661969889583131,0.19801659231086752,0.07701299289169691,0.2065859419156855,7.0,0.5589707492569996,0.78245,0.8422137097300666,-0.05443843058856998,-0.11366939125704083,1.0
Sepulveda_only,DA_minus_NonDA,spearman_qc_library,panel,6,5,intercept + female + age_per_10_years + PD,ZFYVE21,tested,0.05902233416255372,-0.1580543022641077,0.2760989705892151,0.09180174665548413,0.6429325836691779,7.0,0.5589707492569996,0.60755,0.5407477353101018,-0.04351867866206175,-0.025934393327680626,1.0
